type,title,release_year,rating,listed_in,movie_duration,series_duration,cluster,sub_cluster
Movie,Dick Johnson Is Dead,2020,PG-13,Documentaries,90.0,0,2,18.0
TV Show,Blood & Water,2021,TV-MA,"International TV Shows, TV Dramas, TV Mysteries",0.0,2,3,1.0
TV Show,Ganglands,2021,TV-MA,"Crime TV Shows, International TV Shows, TV Action & Adventure",0.0,1,3,11.0
TV Show,Jailbirds New Orleans,2021,TV-MA,"Docuseries, Reality TV",0.0,1,3,14.0
TV Show,Kota Factory,2021,TV-MA,"International TV Shows, Romantic TV Shows, TV Comedies",0.0,2,3,15.0
TV Show,Midnight Mass,2021,TV-MA,"TV Dramas, TV Horror, TV Mysteries",0.0,1,3,1.0
Movie,My Little Pony: A New Generation,2021,PG,Children & Family Movies,91.0,0,2,2.0
Movie,Sankofa,1993,TV-MA,"Dramas, Independent Movies, International Movies",125.0,0,1,1.0
TV Show,The Great British Baking Show,2021,TV-14,"British TV Shows, Reality TV",0.0,9,0,1.0
Movie,The Starling,2021,PG-13,"Comedies, Dramas",104.0,0,2,9.0
TV Show,"Vendetta: Truth, Lies and The Mafia",2021,TV-MA,"Crime TV Shows, Docuseries, International TV Shows",0.0,1,3,14.0
TV Show,Bangkok Breaking,2021,TV-MA,"Crime TV Shows, International TV Shows, TV Action & Adventure",0.0,1,3,11.0
Movie,Je Suis Karl,2021,TV-MA,"Dramas, International Movies",127.0,0,2,7.0
Movie,Confessions of an Invisible Girl,2021,TV-PG,"Children & Family Movies, Comedies",91.0,0,2,2.0
TV Show,Crime Stories: India Detectives,2021,TV-MA,"British TV Shows, Crime TV Shows, Docuseries",0.0,1,3,14.0
TV Show,Dear White People,2021,TV-MA,"TV Comedies, TV Dramas",0.0,4,0,0.0
Movie,Europe's Most Dangerous Man: Otto Skorzeny in Spain,2020,TV-MA,"Documentaries, International Movies",67.0,0,2,17.0
TV Show,Falsa identidad,2020,TV-MA,"Crime TV Shows, Spanish-Language TV Shows, TV Dramas",0.0,2,3,16.0
Movie,Intrusion,2021,TV-14,Thrillers,94.0,0,2,0.0
TV Show,Jaguar,2021,TV-MA,"International TV Shows, Spanish-Language TV Shows, TV Action & Adventure",0.0,1,3,11.0
TV Show,Monsters Inside: The 24 Faces of Billy Milligan,2021,TV-14,"Crime TV Shows, Docuseries, International TV Shows",0.0,1,3,6.0
TV Show,Resurrection: Ertugrul,2018,TV-14,"International TV Shows, TV Action & Adventure, TV Dramas",0.0,5,0,0.0
Movie,Avvai Shanmughi,1996,TV-PG,"Comedies, International Movies",161.0,0,1,1.0
Movie,Go! Go! Cory Carson: Chrissy Takes the Wheel,2021,TV-Y,Children & Family Movies,61.0,0,2,16.0
Movie,Jeans,1998,TV-14,"Comedies, International Movies, Romantic Movies",166.0,0,1,1.0
TV Show,Love on the Spectrum,2021,TV-14,"Docuseries, International TV Shows, Reality TV",0.0,2,3,6.0
Movie,Minsara Kanavu,1997,TV-PG,"Comedies, International Movies, Music & Musicals",147.0,0,1,1.0
Movie,Grown Ups,2010,PG-13,Comedies,103.0,0,2,14.0
Movie,Dark Skies,2013,PG-13,"Horror Movies, Sci-Fi & Fantasy",97.0,0,2,14.0
Movie,Paranoia,2013,PG-13,Thrillers,106.0,0,2,14.0
Movie,Ankahi Kahaniya,2021,TV-14,"Dramas, Independent Movies, International Movies",111.0,0,2,15.0
TV Show,Chicago Party Aunt,2021,TV-MA,TV Comedies,0.0,1,3,15.0
TV Show,Sex Education,2020,TV-MA,"British TV Shows, International TV Shows, TV Comedies",0.0,3,3,16.0
TV Show,Squid Game,2021,TV-MA,"International TV Shows, TV Dramas, TV Thrillers",0.0,1,3,2.0
TV Show,Tayo and Little Wizards,2020,TV-Y7,Kids' TV,0.0,1,3,13.0
Movie,The Father Who Moves Mountains,2021,TV-MA,"Dramas, International Movies, Thrillers",110.0,0,2,7.0
Movie,The Stronghold,2021,TV-MA,"Action & Adventure, Dramas, International Movies",105.0,0,2,7.0
TV Show,Angry Birds,2018,TV-Y7,"Kids' TV, TV Comedies",0.0,1,3,13.0
Movie,Birth of the Dragon,2017,PG-13,"Action & Adventure, Dramas",96.0,0,2,9.0
TV Show,Chhota Bheem,2021,TV-Y7,Kids' TV,0.0,3,3,13.0
TV Show,He-Man and the Masters of the Universe,2021,TV-Y7,"Kids' TV, TV Sci-Fi & Fantasy",0.0,1,3,13.0
Movie,Jaws,1975,PG,"Action & Adventure, Classic Movies, Dramas",124.0,0,1,0.0
Movie,Jaws 2,1978,PG,"Dramas, Horror Movies, Thrillers",116.0,0,1,0.0
Movie,Jaws 3,1983,PG,"Action & Adventure, Horror Movies, Thrillers",98.0,0,1,0.0
Movie,Jaws: The Revenge,1987,PG-13,"Action & Adventure, Horror Movies, Thrillers",91.0,0,1,1.0
Movie,My Heroes Were Cowboys,2021,PG,Documentaries,23.0,0,2,18.0
Movie,Safe House,2012,R,Action & Adventure,115.0,0,2,11.0
TV Show,The Smart Money Woman,2020,TV-MA,"International TV Shows, Romantic TV Shows, TV Comedies",0.0,1,3,15.0
Movie,Training Day,2001,R,"Dramas, Thrillers",122.0,0,1,1.0
TV Show,Castle and Castle,2021,TV-MA,"International TV Shows, TV Dramas",0.0,2,3,2.0
TV Show,Dharmakshetra,2014,TV-PG,"International TV Shows, TV Dramas, TV Sci-Fi & Fantasy",0.0,1,3,0.0
Movie,InuYasha the Movie 2: The Castle Beyond the Looking Glass,2002,TV-14,"Action & Adventure, Anime Features, International Movies",99.0,0,1,1.0
Movie,InuYasha the Movie 3: Swords of an Honorable Ruler,2003,TV-14,"Action & Adventure, Anime Features, International Movies",99.0,0,2,0.0
Movie,InuYasha the Movie 4: Fire on the Mystic Island,2004,TV-PG,"Action & Adventure, Anime Features, International Movies",88.0,0,2,1.0
Movie,InuYasha the Movie: Affections Touching Across Time,2001,TV-PG,"Action & Adventure, Anime Features, International Movies",100.0,0,1,1.0
TV Show,Nailed It,2021,TV-PG,Reality TV,0.0,6,0,0.0
Movie,Naruto Shippuden the Movie: Blood Prison,2011,TV-14,"Action & Adventure, Anime Features, International Movies",102.0,0,2,0.0
Movie,Naruto Shippûden the Movie: Bonds,2008,TV-PG,"Action & Adventure, Anime Features, International Movies",93.0,0,2,1.0
Movie,Naruto Shippûden the Movie: The Will of Fire,2009,TV-PG,"Action & Adventure, Anime Features, International Movies",96.0,0,2,1.0
Movie,Naruto Shippuden: The Movie,2007,TV-PG,"Action & Adventure, Anime Features, International Movies",95.0,0,2,1.0
Movie,Naruto Shippuden: The Movie: The Lost Tower,2010,TV-14,"Action & Adventure, Anime Features, International Movies",85.0,0,2,0.0
Movie,Naruto the Movie 2: Legend of the Stone of Gelel,2005,TV-PG,"Action & Adventure, Anime Features, International Movies",97.0,0,2,1.0
Movie,Naruto the Movie 3: Guardians of the Crescent Moon Kingdom,2006,TV-PG,"Action & Adventure, Anime Features, International Movies",95.0,0,2,1.0
Movie,Naruto the Movie: Ninja Clash in the Land of Snow,2004,TV-PG,"Action & Adventure, Anime Features, International Movies",83.0,0,2,1.0
Movie,Nightbooks,2021,TV-PG,Children & Family Movies,103.0,0,2,2.0
TV Show,Numberblocks,2021,TV-Y,Kids' TV,0.0,6,0,0.0
TV Show,Raja Rasoi Aur Anya Kahaniyan,2014,TV-G,"Docuseries, International TV Shows",0.0,1,3,7.0
TV Show,Saved by the Bell,1994,TV-PG,"Kids' TV, TV Comedies",0.0,9,0,1.0
Movie,Schumacher,2021,TV-14,"Documentaries, International Movies, Sports Movies",113.0,0,2,12.0
TV Show,Stories by Rabindranath Tagore,2015,TV-PG,"International TV Shows, TV Dramas",0.0,1,3,0.0
TV Show,Too Hot To Handle: Latino,2021,TV-MA,"International TV Shows, Reality TV, Romantic TV Shows",0.0,1,3,5.0
Movie,A StoryBots Space Adventure,2021,TV-Y,Children & Family Movies,13.0,0,2,16.0
TV Show,Jack Whitehall: Travels with My Father,2021,TV-MA,"British TV Shows, Docuseries, International TV Shows",0.0,5,0,0.0
Movie,King of Boys,2018,TV-MA,"Dramas, International Movies",182.0,0,2,7.0
TV Show,The World's Most Amazing Vacation Rentals,2021,TV-PG,Reality TV,0.0,2,3,5.0
Movie,You vs. Wild: Out Cold,2021,TV-G,Children & Family Movies,106.0,0,2,2.0
TV Show,Yowamushi Pedal,2013,TV-14,"Anime Series, International TV Shows",0.0,1,3,9.0
Movie,Little Singham - Black Shadow,2021,TV-Y7,"Children & Family Movies, Comedies",48.0,0,2,16.0
Movie,Tughlaq Durbar,2020,TV-14,"Comedies, Dramas, International Movies",145.0,0,2,4.0
Movie,Tughlaq Durbar (Telugu),2021,TV-14,"Comedies, Dramas, International Movies",145.0,0,2,4.0
Movie,Firedrake the Silver Dragon,2021,TV-Y7,Children & Family Movies,93.0,0,2,16.0
Movie,Kate,2021,R,Action & Adventure,106.0,0,2,11.0
TV Show,Lucifer,2021,TV-14,"Crime TV Shows, TV Comedies, TV Dramas",0.0,6,0,0.0
TV Show,Metal Shop Masters,2021,TV-MA,Reality TV,0.0,1,3,5.0
Movie,Omo Ghetto: the Saga,2020,TV-MA,"Action & Adventure, Comedies, Dramas",147.0,0,2,3.0
TV Show,Pokémon Master Journeys: The Series,2021,TV-Y7,"Anime Series, Kids' TV",0.0,1,3,13.0
Movie,Prey,2021,TV-MA,"International Movies, Thrillers",87.0,0,2,13.0
TV Show,Titipo Titipo,2019,TV-Y,"Kids' TV, Korean TV Shows",0.0,2,3,4.0
Movie,Blood Brothers: Malcolm X & Muhammad Ali,2021,PG-13,"Documentaries, Sports Movies",96.0,0,2,18.0
TV Show,Mighty Raju,2017,TV-Y7,Kids' TV,0.0,4,0,0.0
Movie,Paradise Hills,2019,TV-MA,"Sci-Fi & Fantasy, Thrillers",95.0,0,2,13.0
Movie,The Women and the Murderer,2021,TV-14,"Documentaries, International Movies",92.0,0,2,12.0
TV Show,Into the Night,2021,TV-MA,"International TV Shows, TV Dramas, TV Mysteries",0.0,2,3,1.0
Movie,JJ+E,2021,TV-MA,"Dramas, International Movies, Romantic Movies",91.0,0,2,7.0
Movie,Show Dogs,2018,PG,"Children & Family Movies, Comedies",90.0,0,2,2.0
TV Show,The Circle,2021,TV-MA,Reality TV,0.0,3,3,16.0
Movie,If I Leave Here Tomorrow: A Film About Lynyrd Skynyrd,2018,TV-MA,"Documentaries, Music & Musicals",97.0,0,2,17.0
TV Show,Kid Cosmic,2021,TV-Y7,"Kids' TV, TV Comedies, TV Sci-Fi & Fantasy",0.0,2,3,13.0
TV Show,Octonauts: Above & Beyond,2021,TV-Y,"British TV Shows, Kids' TV",0.0,1,3,4.0
TV Show,On the Verge,2021,TV-MA,"TV Comedies, TV Dramas",0.0,1,3,15.0
TV Show,Tobot Galaxy Detectives,2019,TV-Y7,Kids' TV,0.0,2,3,13.0
Movie,Untold: Breaking Point,2021,TV-MA,"Documentaries, Sports Movies",80.0,0,2,17.0
TV Show,Countdown: Inspiration4 Mission to Space,2021,TV-14,"Docuseries, Science & Nature TV",0.0,1,3,6.0
Movie,Shadow Parties,2020,TV-MA,"Dramas, International Movies, Thrillers",117.0,0,2,7.0
TV Show,Tayo the Little Bus,2016,TV-Y,"Kids' TV, Korean TV Shows",0.0,2,3,4.0
Movie,Angamaly Diaries,2017,TV-14,"Action & Adventure, Comedies, Dramas",128.0,0,2,4.0
TV Show,Bunk'd,2021,TV-G,"Kids' TV, TV Comedies",0.0,5,0,0.0
Movie,A Champion Heart,2018,G,"Children & Family Movies, Dramas",90.0,0,2,16.0
TV Show,Dive Club,2021,TV-G,"Kids' TV, TV Dramas, Teen TV Shows",0.0,1,3,13.0
TV Show,La casa de papel,2021,TV-MA,"Crime TV Shows, International TV Shows, Spanish-Language TV Shows",0.0,5,0,0.0
TV Show,Money Heist: From Tokyo to Berlin,2021,TV-MA,"Docuseries, International TV Shows, Spanish-Language TV Shows",0.0,1,3,14.0
TV Show,Sharkdog,2021,TV-Y,Kids' TV,0.0,1,3,4.0
Movie,Worth,2021,PG-13,Dramas,119.0,0,2,9.0
Movie,Afterlife of the Party,2021,TV-PG,"Comedies, Romantic Movies",110.0,0,2,1.0
Movie,Anjaam,1994,TV-14,"Dramas, International Movies, Thrillers",143.0,0,1,1.0
Movie,Bright Star,2009,PG,"Dramas, Romantic Movies",119.0,0,2,9.0
Movie,Dhanak,2015,TV-PG,"Comedies, Dramas, Independent Movies",114.0,0,2,1.0
Movie,Final Account,2021,PG-13,Documentaries,94.0,0,2,18.0
Movie,Gurgaon,2017,TV-14,"Dramas, International Movies, Thrillers",106.0,0,2,15.0
Movie,Here and There,2020,TV-MA,"Dramas, International Movies, Romantic Movies",99.0,0,2,7.0
TV Show,Heroes of Goo Jit Zu,2021,TV-Y7,"Kids' TV, TV Comedies",0.0,1,3,13.0
TV Show,Hotel Del Luna,2019,TV-14,"International TV Shows, Romantic TV Shows, TV Comedies",0.0,1,3,17.0
Movie,In the Cut,2003,R,Thrillers,118.0,0,2,11.0
TV Show,Luv Kushh,2012,TV-Y7,Kids' TV,0.0,1,3,13.0
TV Show,Pororo - The Little Penguin,2013,TV-Y7,"Kids' TV, Korean TV Shows",0.0,3,3,13.0
TV Show,Q-Force,2021,TV-MA,"Crime TV Shows, TV Action & Adventure, TV Comedies",0.0,1,3,15.0
Movie,Shikara,2020,TV-14,"Dramas, International Movies, Romantic Movies",115.0,0,2,15.0
Movie,A Cinderella Story,2004,PG,"Children & Family Movies, Comedies",95.0,0,2,2.0
Movie,Agatha Christie's Crooked House,2017,PG-13,"Dramas, International Movies, Thrillers",115.0,0,2,9.0
Movie,An Unfinished Life,2005,PG-13,Dramas,108.0,0,2,9.0
Movie,Barbie Big City Big Dreams,2021,TV-Y,"Children & Family Movies, Music & Musicals",63.0,0,2,16.0
Movie,Blade Runner: The Final Cut,1982,R,"Action & Adventure, Classic Movies, Cult Movies",117.0,0,1,0.0
TV Show,Brave Animated Series,2021,TV-MA,"International TV Shows, TV Action & Adventure, TV Comedies",0.0,1,3,15.0
Movie,Chappie,2015,R,"Action & Adventure, Sci-Fi & Fantasy",121.0,0,2,11.0
Movie,Clear and Present Danger,1994,PG-13,"Action & Adventure, Dramas",142.0,0,1,1.0
Movie,Cliffhanger,1993,R,Action & Adventure,113.0,0,1,1.0
Movie,Cold Mountain,2003,R,"Dramas, Romantic Movies",154.0,0,1,1.0
Movie,Crocodile Dundee in Los Angeles,2001,PG,"Action & Adventure, Comedies",95.0,0,1,1.0
Movie,Dear John,2010,PG-13,"Dramas, Romantic Movies",108.0,0,2,9.0
Movie,Do the Right Thing,1989,R,"Classic Movies, Comedies, Dramas",120.0,0,1,1.0
Movie,"El patrón, radiografía de un crimen",2014,TV-MA,"Dramas, International Movies, Thrillers",100.0,0,2,7.0
Movie,Extraction,2015,R,Action & Adventure,82.0,0,2,11.0
Movie,Freedom Writers,2007,PG-13,Dramas,124.0,0,2,9.0
Movie,Green Lantern,2011,PG-13,"Action & Adventure, Sci-Fi & Fantasy",114.0,0,2,14.0
Movie,House Party,1990,R,"Comedies, Cult Movies",104.0,0,1,1.0
Movie,House Party 2,1991,R,"Comedies, Cult Movies, Music & Musicals",94.0,0,1,1.0
Movie,House Party 3,1994,R,"Comedies, Music & Musicals",94.0,0,1,1.0
TV Show,How to Be a Cowboy,2021,TV-PG,Reality TV,0.0,1,3,5.0
TV Show,HQ Barbers,2020,TV-14,TV Shows,0.0,1,3,6.0
Movie,I Got the Hook Up,1998,R,"Action & Adventure, Comedies",93.0,0,1,1.0
Movie,In Too Deep,1999,R,Thrillers,97.0,0,1,1.0
Movie,Initial D,2005,TV-14,"Action & Adventure, International Movies",109.0,0,2,0.0
Movie,Janoskians: Untold and Untrue,2016,TV-MA,Comedies,88.0,0,2,6.0
TV Show,Kid-E-Cats,2016,TV-Y,Kids' TV,0.0,2,3,4.0
TV Show,Kuroko's Basketball,2015,TV-MA,"Anime Series, International TV Shows, Teen TV Shows",0.0,3,3,16.0
Movie,Labyrinth,1986,PG,"Action & Adventure, Children & Family Movies, Cult Movies",101.0,0,1,1.0
Movie,Letters to Juliet,2010,PG,"Comedies, Dramas, Romantic Movies",105.0,0,2,2.0
Movie,Level 16,2018,TV-14,"Sci-Fi & Fantasy, Thrillers",102.0,0,2,0.0
Movie,Love Don't Cost a Thing,2003,PG-13,"Comedies, Romantic Movies",101.0,0,2,14.0
Movie,Love in a Puff,2010,TV-MA,"Comedies, Dramas, International Movies",103.0,0,2,7.0
TV Show,Major Dad,1992,TV-PG,TV Comedies,0.0,4,0,0.0
Movie,Mars Attacks!,1996,PG-13,"Comedies, Cult Movies, Sci-Fi & Fantasy",106.0,0,1,1.0
Movie,Marshall,2017,PG-13,Dramas,118.0,0,2,9.0
Movie,My Boss's Daughter,2003,R,"Comedies, Romantic Movies",86.0,0,2,11.0
Movie,Mystery Men,1999,PG-13,"Action & Adventure, Comedies",121.0,0,1,1.0
TV Show,Oldsters,2019,TV-MA,"Crime TV Shows, International TV Shows, Spanish-Language TV Shows",0.0,1,3,11.0
Movie,Once Upon a Time in America,1984,R,"Classic Movies, Dramas",229.0,0,1,0.0
Movie,Open Season 2,2008,PG,"Children & Family Movies, Comedies",76.0,0,2,2.0
Movie,Osmosis Jones,2001,PG,"Action & Adventure, Children & Family Movies, Comedies",95.0,0,1,1.0
Movie,Poseidon,2006,PG-13,"Action & Adventure, Dramas",98.0,0,2,9.0
Movie,Rhyme & Reason,1997,R,"Documentaries, Music & Musicals",89.0,0,1,1.0
Movie,Same Kind of Different as Me,2017,PG-13,"Dramas, Faith & Spirituality",120.0,0,2,9.0
Movie,School of Rock,2003,PG-13,"Comedies, Music & Musicals",110.0,0,2,14.0
Movie,Snervous Tyler Oakley,2015,PG-13,"Documentaries, LGBTQ Movies",83.0,0,2,18.0
Movie,Tears of the Sun,2003,R,"Action & Adventure, Dramas",121.0,0,1,1.0
Movie,The Blue Lagoon,1980,R,"Dramas, Romantic Movies",105.0,0,1,0.0
Movie,The Golden Child,1986,PG-13,"Action & Adventure, Comedies",94.0,0,1,1.0
Movie,The Guns of Navarone,1961,TV-14,"Action & Adventure, Classic Movies",156.0,0,1,0.0
Movie,The Interview,2014,R,"Action & Adventure, Comedies",112.0,0,2,11.0
Movie,The Nutty Professor,1996,PG-13,"Comedies, Romantic Movies",95.0,0,1,1.0
Movie,The Nutty Professor II: The Klumps,2000,PG-13,"Comedies, Romantic Movies",107.0,0,1,1.0
TV Show,Turning Point: 9/11 and the War on Terror,2021,TV-14,Docuseries,0.0,1,3,6.0
Movie,Welcome Home Roscoe Jenkins,2008,PG-13,Comedies,114.0,0,2,14.0
Movie,In the Line of Fire,1993,R,"Action & Adventure, Classic Movies",129.0,0,1,1.0
TV Show,Sparking Joy,2021,TV-PG,Reality TV,0.0,1,3,5.0
Movie,Untold: Crime & Penalties,2021,TV-MA,"Documentaries, Sports Movies",86.0,0,2,17.0
TV Show,Hometown Cha-Cha-Cha,2021,TV-14,"International TV Shows, Romantic TV Shows, TV Comedies",0.0,1,3,17.0
TV Show,The Ingenuity of the Househusband,2021,TV-G,"International TV Shows, TV Comedies",0.0,1,3,15.0
Movie,2 Alone in Paris,2008,TV-MA,"Comedies, International Movies",97.0,0,2,6.0
TV Show,Bread Barbershop,2020,TV-Y,"Kids' TV, TV Comedies",0.0,2,3,4.0
Movie,Thimmarusu,2021,TV-14,"Dramas, International Movies",125.0,0,2,15.0
Movie,Wind River,2017,R,"Dramas, Independent Movies",107.0,0,2,10.0
Movie,C Kkompany,2008,TV-14,"Action & Adventure, Comedies, International Movies",127.0,0,2,4.0
TV Show,D.P.,2021,TV-MA,"International TV Shows, TV Dramas",0.0,1,3,2.0
TV Show,Deadly Sins,2002,TV-MA,"International TV Shows, Spanish-Language TV Shows, TV Dramas",0.0,1,3,18.0
Movie,EMI: Liya Hai To Chukana Padega,2008,TV-14,"Comedies, Dramas, International Movies",128.0,0,2,4.0
Movie,He's All That,2021,TV-14,"Comedies, Romantic Movies",92.0,0,2,4.0
TV Show,I Heart Arlo,2021,TV-Y7,"Kids' TV, TV Comedies",0.0,1,3,13.0
TV Show,King of Boys: The Return of the King,2021,TV-MA,"Crime TV Shows, International TV Shows, TV Dramas",0.0,1,3,2.0
Movie,Koi Aap Sa,2006,TV-14,"Comedies, Dramas, International Movies",135.0,0,2,4.0
Movie,Krishna Cottage,2004,TV-14,"Action & Adventure, Horror Movies, International Movies",124.0,0,2,0.0
Movie,Kucch To Hai,2003,TV-14,"Dramas, International Movies, Thrillers",136.0,0,2,15.0
Movie,Kyaa Kool Hai Hum,2005,TV-MA,"Comedies, International Movies, Music & Musicals",165.0,0,2,6.0
Movie,Kyaa Kool Hain Hum 3,2016,TV-MA,"Comedies, International Movies",124.0,0,2,6.0
Movie,Kyaa Super Kool Hain Hum,2012,TV-MA,"Comedies, International Movies",136.0,0,2,6.0
Movie,Kyo Kii... Main Jhuth Nahin Bolta,2001,TV-14,"Comedies, International Movies, Sci-Fi & Fantasy",150.0,0,1,1.0
Movie,"LSD: Love, Sex Aur Dhokha",2010,TV-MA,"Dramas, Independent Movies, International Movies",112.0,0,2,7.0
Movie,Mission Istaanbul: Darr Ke Aagey Jeet Hai,2008,TV-14,"Action & Adventure, International Movies, Music & Musicals",119.0,0,2,0.0
Movie,Once Upon a Time in Mumbaai,2010,TV-14,"Dramas, International Movies, Music & Musicals",133.0,0,2,15.0
Movie,Once Upon a Time in Mumbai Dobaara!,2013,TV-14,"Dramas, International Movies, Music & Musicals",142.0,0,2,15.0
Movie,Ragini MMS,2011,TV-MA,"Horror Movies, International Movies",93.0,0,2,13.0
Movie,Ragini MMS 2,2014,TV-MA,"Horror Movies, International Movies",113.0,0,2,13.0
TV Show,Rebellion,2016,TV-MA,"International TV Shows, TV Dramas",0.0,2,3,2.0
TV Show,RIDE ON TIME,2021,TV-PG,"Docuseries, International TV Shows",0.0,3,3,8.0
Movie,SAS: Rise of the Black Swan,2021,R,"Action & Adventure, International Movies",124.0,0,2,11.0
Movie,Shootout at Lokhandwala,2007,TV-MA,"Action & Adventure, Dramas, International Movies",116.0,0,2,7.0
Movie,Shor In the City,2011,TV-14,"Comedies, Dramas, Independent Movies",106.0,0,2,4.0
Movie,The Dirty Picture,2011,TV-14,"Comedies, Dramas, International Movies",145.0,0,2,4.0
TV Show,Titletown High,2021,TV-14,"Reality TV, Teen TV Shows",0.0,1,3,5.0
TV Show,EDENS ZERO,2021,TV-14,"Anime Series, International TV Shows",0.0,1,3,9.0
TV Show,Family Reunion,2021,TV-PG,"Kids' TV, TV Comedies",0.0,4,0,0.0
Movie,"Bob Ross: Happy Accidents, Betrayal & Greed",2021,TV-14,Documentaries,93.0,0,2,12.0
TV Show,Clickbait,2021,TV-MA,"Crime TV Shows, TV Dramas, TV Mysteries",0.0,1,3,1.0
TV Show,John of God: The Crimes of a Spiritual Healer,2021,TV-MA,"Crime TV Shows, Docuseries, International TV Shows",0.0,1,3,14.0
TV Show,Motel Makeover,2021,TV-14,"International TV Shows, Reality TV",0.0,1,3,5.0
TV Show,Open Your Eyes,2021,TV-MA,"International TV Shows, TV Dramas, TV Mysteries",0.0,1,3,1.0
TV Show,Post Mortem: No One Dies in Skarnes,2021,TV-MA,"International TV Shows, TV Comedies, TV Dramas",0.0,1,3,2.0
Movie,Really Love,2020,TV-MA,"Dramas, Independent Movies, Romantic Movies",95.0,0,2,3.0
Movie,The November Man,2014,R,Action & Adventure,108.0,0,2,11.0
Movie,The Old Ways,2020,TV-MA,Horror Movies,90.0,0,2,13.0
Movie,The River Runner,2021,TV-MA,"Documentaries, Sports Movies",86.0,0,2,17.0
Movie,The Water Man,2021,PG,"Children & Family Movies, Dramas",92.0,0,2,2.0
TV Show,Wheel of Fortune,2019,TV-G,Reality TV,0.0,3,3,8.0
Movie,Count Me In,2021,TV-MA,"Documentaries, Music & Musicals",82.0,0,2,17.0
TV Show,Oggy Oggy,2021,TV-Y,"Kids' TV, TV Comedies",0.0,1,3,4.0
Movie,Untold: Caitlyn Jenner,2021,TV-PG,"Documentaries, LGBTQ Movies, Sports Movies",70.0,0,2,8.0
Movie,Boomika,2021,TV-14,"Horror Movies, International Movies, Thrillers",122.0,0,2,0.0
Movie,Boomika (Hindi),2021,TV-14,"Horror Movies, International Movies, Thrillers",122.0,0,2,0.0
Movie,Boomika (Malayalam),2021,TV-14,"Horror Movies, International Movies, Thrillers",122.0,0,2,0.0
Movie,Boomika (Telugu),2021,TV-14,"Horror Movies, International Movies, Thrillers",122.0,0,2,0.0
Movie,The Witcher: Nightmare of the Wolf,2021,TV-MA,"Action & Adventure, Anime Features",84.0,0,2,13.0
TV Show,Manifest,2021,TV-14,"TV Dramas, TV Mysteries, TV Sci-Fi & Fantasy",0.0,3,3,8.0
TV Show,Comedy Premium League,2021,TV-MA,"International TV Shows, TV Comedies",0.0,1,3,15.0
TV Show,Everything Will Be Fine,2021,TV-MA,"International TV Shows, Spanish-Language TV Shows, TV Comedies",0.0,1,3,15.0
Movie,Gunshot,2018,TV-14,"Dramas, International Movies, Thrillers",96.0,0,2,15.0
TV Show,Korean Cold Noodle Rhapsody,2021,TV-PG,"Docuseries, International TV Shows",0.0,1,3,7.0
Movie,Man in Love,2021,TV-MA,"Dramas, International Movies, Romantic Movies",115.0,0,2,7.0
Movie,Sweet Girl,2021,R,"Action & Adventure, Dramas",110.0,0,2,10.0
TV Show,The Chair,2021,TV-MA,"TV Comedies, TV Dramas",0.0,1,3,15.0
Movie,The Loud House Movie,2021,TV-Y7,"Children & Family Movies, Comedies, Music & Musicals",88.0,0,2,16.0
Movie,A Faraway Land,2020,TV-PG,"Dramas, International Movies, Romantic Movies",102.0,0,2,1.0
Movie,Like Crazy,2011,PG-13,"Dramas, Independent Movies, Romantic Movies",91.0,0,2,9.0
Movie,Black Island,2021,TV-MA,"International Movies, Thrillers",105.0,0,2,13.0
Movie,Bombay,1995,TV-14,"Dramas, International Movies, Romantic Movies",135.0,0,1,1.0
TV Show,Go! Go! Cory Carson,2021,TV-Y,Kids' TV,0.0,5,0,0.0
Movie,Memories of a Murderer: The Nilsen Tapes,2021,TV-MA,"Documentaries, International Movies",86.0,0,2,17.0
Movie,Nneka The Pretty Serpent,2020,TV-14,"Dramas, International Movies",140.0,0,2,15.0
Movie,O Kadhal Kanmani,2015,TV-14,"Dramas, International Movies, Romantic Movies",133.0,0,2,15.0
Movie,Out of my league,2020,TV-MA,"Comedies, Dramas, International Movies",92.0,0,2,7.0
Movie,Pahuna,2018,TV-PG,"Comedies, Dramas, International Movies",82.0,0,2,1.0
TV Show,The Defeated,2020,TV-MA,"Crime TV Shows, International TV Shows, TV Dramas",0.0,1,3,2.0
Movie,The Secret Diary of an Exchange Student,2021,TV-14,"Comedies, International Movies, Romantic Movies",97.0,0,2,4.0
Movie,Untold: Deal With the Devil,2021,TV-MA,"Documentaries, LGBTQ Movies, Sports Movies",78.0,0,2,17.0
TV Show,Mother Goose Club,2016,TV-Y,Kids' TV,0.0,2,3,4.0
Movie,Walk of Shame,2014,R,"Comedies, Independent Movies",94.0,0,2,11.0
TV Show,Rascal Does Not Dream of Bunny Girl Senpai,2018,TV-14,"Anime Series, International TV Shows, Romantic TV Shows",0.0,1,3,9.0
TV Show,The Creative Indians,2020,TV-MA,"Docuseries, International TV Shows",0.0,1,3,14.0
Movie,The Piano,1993,R,"Classic Movies, Dramas, Independent Movies",121.0,0,1,1.0
Movie,Unroyal,2020,TV-MA,"Dramas, International Movies",97.0,0,2,7.0
TV Show,Winx Club,2015,TV-Y7,Kids' TV,0.0,2,3,13.0
Movie,Beckett,2021,TV-MA,Action & Adventure,110.0,0,2,13.0
TV Show,Brand New Cherry Flavor,2021,TV-MA,"TV Dramas, TV Horror, TV Mysteries",0.0,1,3,1.0
TV Show,Fast & Furious Spy Racers,2021,TV-Y7,Kids' TV,0.0,5,0,0.0
TV Show,Gone for Good,2021,TV-MA,"Crime TV Shows, International TV Shows, TV Dramas",0.0,1,3,2.0
TV Show,Grace and Frankie,2021,TV-MA,"TV Comedies, TV Dramas",0.0,7,0,1.0
TV Show,The Kingdom,2021,TV-MA,"Crime TV Shows, International TV Shows, Spanish-Language TV Shows",0.0,1,3,11.0
TV Show,Valeria,2021,TV-MA,"International TV Shows, Romantic TV Shows, Spanish-Language TV Shows",0.0,2,3,11.0
TV Show,AlRawabi School for Girls,2021,TV-14,"International TV Shows, TV Dramas, Teen TV Shows",0.0,1,3,10.0
Movie,Lokillo: Nothing's the Same,2021,TV-MA,Stand-Up Comedy,64.0,0,2,5.0
Movie,Monster Hunter: Legends of the Guild,2021,TV-PG,"Action & Adventure, Anime Features, Children & Family Movies",59.0,0,2,16.0
TV Show,Bake Squad,2021,TV-PG,Reality TV,0.0,1,3,5.0
Movie,Brother Jekwu,2016,TV-14,"Comedies, International Movies",101.0,0,2,4.0
Movie,La diosa del asfalto,2020,TV-MA,"Dramas, Independent Movies, International Movies",127.0,0,2,7.0
Movie,Misha and the Wolves,2021,PG-13,"Documentaries, International Movies",90.0,0,2,18.0
Movie,The Kissing Booth 3,2021,TV-14,"Comedies, Romantic Movies",114.0,0,2,4.0
Movie,The Railway Man,2013,R,"Dramas, International Movies",108.0,0,2,10.0
TV Show,Gabby's Dollhouse,2021,TV-Y,Kids' TV,0.0,2,3,4.0
TV Show,I Need Romance,2021,TV-14,"International TV Shows, Romantic TV Shows, TV Comedies",0.0,1,3,17.0
TV Show,Las muñecas de la mafia,2018,TV-MA,"Crime TV Shows, International TV Shows, Spanish-Language TV Shows",0.0,1,3,11.0
TV Show,The Crowned Clown,2019,TV-14,"International TV Shows, Romantic TV Shows, TV Dramas",0.0,1,3,10.0
Movie,Untold: Malice at the Palace,2021,TV-MA,"Documentaries, Sports Movies",70.0,0,2,17.0
TV Show,SHAMAN KING,2021,TV-14,"Anime Series, International TV Shows",0.0,1,3,9.0
Movie,Quartet,2012,PG-13,"Comedies, Dramas, Independent Movies",98.0,0,2,9.0
Movie,Slay,2021,TV-MA,"Comedies, International Movies, Romantic Movies",86.0,0,2,6.0
Movie,Takizawa Kabuki ZERO 2020 The Movie,2020,TV-PG,"International Movies, Music & Musicals",139.0,0,2,1.0
Movie,The Paper Tigers,2021,PG-13,"Action & Adventure, Comedies",111.0,0,2,14.0
TV Show,Hit & Run,2021,TV-MA,"TV Action & Adventure, TV Dramas, TV Mysteries",0.0,1,3,1.0
TV Show,Navarasa,2021,TV-MA,TV Shows,0.0,1,3,14.0
Movie,Quam's Money,2020,TV-MA,"Comedies, Dramas, International Movies",115.0,0,2,7.0
Movie,The Swarm,2021,TV-14,"Horror Movies, Independent Movies, International Movies",102.0,0,2,0.0
Movie,Vivo,2021,PG,"Children & Family Movies, Music & Musicals",100.0,0,2,2.0
Movie,Chennai Express,2013,TV-14,"Action & Adventure, Comedies, International Movies",135.0,0,2,4.0
Movie,City of God: 10 Years Later,2013,TV-MA,"Documentaries, International Movies",69.0,0,2,17.0
Movie,Esperando la carroza,1985,TV-MA,"Comedies, Cult Movies, International Movies",95.0,0,1,1.0
Movie,Lady Boss: The Jackie Collins Story,2021,TV-14,Documentaries,97.0,0,2,12.0
Movie,Tango Feroz,1993,TV-MA,"Classic Movies, Dramas, International Movies",124.0,0,1,1.0
Movie,'76,2016,TV-PG,"Dramas, International Movies",118.0,0,2,1.0
Movie,Aftermath,2021,TV-MA,Horror Movies,115.0,0,2,13.0
Movie,American Masters: Inventing David Geffen,2012,TV-MA,Movies,115.0,0,2,13.0
TV Show,Car Masters: Rust to Riches,2021,TV-PG,Reality TV,0.0,3,3,8.0
TV Show,Cocaine Cowboys: The Kings of Miami,2021,TV-MA,"Crime TV Shows, Docuseries",0.0,1,3,14.0
TV Show,Control Z,2021,TV-MA,"International TV Shows, Spanish-Language TV Shows, TV Dramas",0.0,2,3,2.0
TV Show,Cooking With Paris,2021,TV-MA,Reality TV,0.0,1,3,5.0
TV Show,Autumn's Concerto,2009,TV-14,"International TV Shows, Romantic TV Shows, TV Dramas",0.0,1,3,10.0
Movie,Heavy,1995,R,"Dramas, Independent Movies, Romantic Movies",104.0,0,1,1.0
Movie,Ije: The Journey,2010,TV-MA,"Dramas, International Movies",106.0,0,2,7.0
TV Show,Office Girls,2011,TV-14,"International TV Shows, Romantic TV Shows, TV Comedies",0.0,1,3,17.0
Movie,Pray Away,2021,PG-13,"Documentaries, LGBTQ Movies",102.0,0,2,18.0
Movie,Shiny_Flakes: The Teenage Drug Lord,2021,TV-MA,"Documentaries, International Movies",97.0,0,2,17.0
TV Show,The Prince Who Turns into a Frog,2005,TV-14,"International TV Shows, Romantic TV Shows, TV Comedies",0.0,1,3,17.0
TV Show,Top Secret UFO Projects: Declassified,2021,TV-PG,Docuseries,0.0,1,3,7.0
TV Show,Two Fathers,2013,TV-14,"International TV Shows, Romantic TV Shows, TV Comedies",0.0,1,3,17.0
TV Show,You're My Destiny,2008,TV-MA,"International TV Shows, Romantic TV Shows, TV Comedies",0.0,1,3,15.0
TV Show,30 Rock,2012,TV-14,TV Comedies,0.0,7,0,1.0
TV Show,44 Cats,2020,TV-Y7,Kids' TV,0.0,3,3,13.0
Movie,Beethoven,1992,PG,"Children & Family Movies, Comedies",87.0,0,1,1.0
Movie,Beethoven's 2nd,1993,PG,"Children & Family Movies, Comedies",88.0,0,1,1.0
Movie,Beowulf,2007,PG-13,"Action & Adventure, Sci-Fi & Fantasy",114.0,0,2,14.0
Movie,Boyka: Undisputed,2016,R,Action & Adventure,90.0,0,2,11.0
Movie,Catch Me If You Can,2002,PG-13,Dramas,142.0,0,1,1.0
Movie,Cloudy with a Chance of Meatballs,2009,PG,"Children & Family Movies, Comedies, Sci-Fi & Fantasy",90.0,0,2,2.0
TV Show,Darwin’s Game,2020,TV-MA,"Anime Series, International TV Shows, TV Thrillers",0.0,1,3,9.0
Movie,Deep Blue Sea,1999,R,"Action & Adventure, Horror Movies, Sci-Fi & Fantasy",105.0,0,1,1.0
Movie,Ferris Bueller's Day Off,1986,PG-13,"Classic Movies, Comedies, Cult Movies",103.0,0,1,1.0
Movie,Five Feet Apart,2019,PG-13,"Dramas, Romantic Movies",116.0,0,2,9.0
Movie,Freedomland,2006,R,"Dramas, Thrillers",113.0,0,2,10.0
TV Show,Friday Night Lights,2010,TV-14,"TV Dramas, Teen TV Shows",0.0,5,0,0.0
Movie,Good Luck Chuck,2007,R,"Comedies, Romantic Movies",99.0,0,2,11.0
TV Show,Hunter X Hunter (2011),2014,TV-14,"Anime Series, International TV Shows",0.0,6,0,0.0
Movie,I missed you: Director's Cut,2021,TV-14,"Dramas, Independent Movies, International Movies",96.0,0,2,15.0
Movie,Inception,2010,PG-13,"Action & Adventure, Sci-Fi & Fantasy, Thrillers",148.0,0,2,14.0
Movie,Magnolia,1999,R,"Dramas, Independent Movies",189.0,0,1,1.0
Movie,Major Payne,1995,PG-13,Comedies,97.0,0,1,1.0
Movie,My Girl,1991,PG-13,Dramas,102.0,0,1,1.0
Movie,My Girl 2,1994,PG,"Children & Family Movies, Comedies, Dramas",99.0,0,1,1.0
Movie,Open Season: Scared Silly,2015,PG,"Children & Family Movies, Comedies",85.0,0,2,2.0
Movie,Pineapple Express,2008,R,"Action & Adventure, Comedies",112.0,0,2,11.0
Movie,Planet 51,2009,PG,"Children & Family Movies, Comedies, Sci-Fi & Fantasy",91.0,0,2,2.0
Movie,Poms,2019,PG-13,Comedies,91.0,0,2,14.0
Movie,Seabiscuit,2003,PG-13,"Dramas, Sports Movies",141.0,0,1,1.0
Movie,Space Cowboys,2000,PG-13,"Action & Adventure, Dramas, Sci-Fi & Fantasy",130.0,0,1,1.0
Movie,Team America: World Police,2004,R,"Action & Adventure, Comedies, Cult Movies",98.0,0,2,11.0
Movie,The Edge of Seventeen,2016,R,"Comedies, Dramas",105.0,0,2,10.0
Movie,The Haunting in Connecticut 2: Ghosts of Georgia,2013,R,Horror Movies,101.0,0,2,11.0
Movie,The Last Boy Scout,1991,R,"Action & Adventure, Comedies",105.0,0,1,1.0
Movie,The Lincoln Lawyer,2011,R,"Dramas, Thrillers",118.0,0,2,10.0
Movie,The Losers,2010,PG-13,Action & Adventure,97.0,0,2,14.0
Movie,The Machinist,2004,R,"Dramas, Independent Movies, Thrillers",102.0,0,2,10.0
Movie,The Net,1995,PG-13,Thrillers,114.0,0,1,1.0
Movie,The Original Kings of Comedy,2000,R,Stand-Up Comedy,111.0,0,1,1.0
Movie,Valentine's Day,2010,PG-13,"Comedies, Romantic Movies",125.0,0,2,14.0
TV Show,Charmed,2021,TV-14,"TV Dramas, TV Sci-Fi & Fantasy",0.0,3,3,8.0
Movie,The Lost Café,2018,TV-14,"Dramas, International Movies",76.0,0,2,15.0
Movie,The Vault,2021,R,"Action & Adventure, International Movies, Thrillers",118.0,0,2,11.0
TV Show,Centaurworld,2021,TV-Y7,"Kids' TV, TV Comedies",0.0,1,3,13.0
Movie,Eyes of a Thief,2014,TV-14,"Dramas, Independent Movies, International Movies",103.0,0,2,15.0
TV Show,Glow Up,2021,TV-14,"British TV Shows, International TV Shows, Reality TV",0.0,3,3,8.0
Movie,I'm Glad I Did,2020,TV-14,"Documentaries, International Movies",114.0,0,2,12.0
TV Show,Khawatir,2009,TV-14,"International TV Shows, Reality TV",0.0,1,3,5.0
TV Show,Myth & Mogul: John DeLorean,2021,TV-14,"British TV Shows, Crime TV Shows, Docuseries",0.0,1,3,6.0
TV Show,Outer Banks,2021,TV-MA,"TV Action & Adventure, TV Dramas, Teen TV Shows",0.0,2,3,16.0
Movie,Pomegranates and Myrrh,2009,TV-14,"Dramas, Independent Movies, International Movies",95.0,0,2,15.0
Movie,Rurouni Kenshin: The Beginning,2021,TV-MA,"Action & Adventure, International Movies",138.0,0,2,13.0
Movie,The Last Mercenary,2021,TV-MA,"Action & Adventure, Comedies, International Movies",112.0,0,2,6.0
Movie,Flower Girl,2013,TV-PG,"Comedies, International Movies, Romantic Movies",94.0,0,2,1.0
Movie,Resort to Love,2021,TV-14,"Comedies, Romantic Movies",102.0,0,2,4.0
TV Show,Transformers: War for Cybertron: Kingdom,2021,TV-Y7,Anime Series,0.0,1,3,13.0
Movie,Bartkowiak,2021,TV-MA,"Action & Adventure, International Movies",92.0,0,2,13.0
Movie,Fantastic Fungi,2019,TV-14,Documentaries,81.0,0,2,12.0
TV Show,Tattoo Redo,2021,TV-MA,Reality TV,0.0,1,3,5.0
TV Show,The Flash,2021,TV-14,"Crime TV Shows, TV Action & Adventure, TV Sci-Fi & Fantasy",0.0,7,0,1.0
TV Show,The Snitch Cartel: Origins,2021,TV-MA,"Crime TV Shows, International TV Shows, Spanish-Language TV Shows",0.0,1,3,11.0
TV Show,All American,2021,TV-14,"TV Dramas, Teen TV Shows",0.0,3,3,8.0
Movie,Department,2012,TV-MA,"Action & Adventure, International Movies",143.0,0,2,13.0
Movie,Hostage House,2021,TV-14,Thrillers,86.0,0,2,0.0
TV Show,How to Sell Drugs Online (Fast),2021,TV-MA,"Crime TV Shows, International TV Shows, TV Comedies",0.0,3,3,16.0
TV Show,Mighty Express,2021,TV-Y,Kids' TV,0.0,4,0,0.0
Movie,Mimi,2021,TV-14,"Comedies, Dramas, International Movies",132.0,0,2,4.0
TV Show,Plastic Cup Boyz: Laughing My Mask Off!,2021,TV-MA,"Stand-Up Comedy & Talk Shows, TV Comedies",0.0,1,3,15.0
Movie,The Operative,2019,TV-MA,"Dramas, International Movies, Thrillers",117.0,0,2,7.0
TV Show,The Walking Dead,2019,TV-MA,"Classic & Cult TV, TV Action & Adventure, TV Dramas",0.0,10,0,1.0
TV Show,Wynonna Earp,2020,TV-MA,"International TV Shows, TV Action & Adventure, TV Dramas",0.0,4,0,0.0
Movie,Django Unchained,2012,R,"Action & Adventure, Dramas",165.0,0,2,10.0
Movie,A Second Chance:  Rivals!,2021,PG,"Children & Family Movies, Sports Movies",91.0,0,2,2.0
Movie,African America,2021,TV-MA,"Dramas, Independent Movies, International Movies",97.0,0,2,7.0
Movie,Bankrolled,2021,TV-MA,"Comedies, International Movies",97.0,0,2,6.0
Movie,Blood Red Sky,2021,TV-MA,"Action & Adventure, Horror Movies, International Movies",123.0,0,2,13.0
TV Show,Feels Like Ishq,2021,TV-MA,"International TV Shows, Romantic TV Shows, TV Comedies",0.0,1,3,15.0
Movie,Kingdom: Ashin of the North,2021,TV-MA,"Horror Movies, International Movies, Thrillers",94.0,0,2,13.0
TV Show,Masters of the Universe: Revelation,2021,TV-PG,"TV Action & Adventure, TV Sci-Fi & Fantasy",0.0,1,3,0.0
TV Show,Revelations: The Masters of the Universe: Revelation Aftershow,2021,TV-PG,"Anime Series, Stand-Up Comedy & Talk Shows",0.0,1,3,0.0
TV Show,Sky Rojo,2021,TV-MA,"International TV Shows, Spanish-Language TV Shows, TV Action & Adventure",0.0,2,3,11.0
Movie,The Last Letter From Your Lover,2021,TV-MA,"Dramas, Romantic Movies",111.0,0,2,3.0
TV Show,The Movies That Made Us,2021,TV-MA,Docuseries,0.0,2,3,14.0
Movie,9to5: The Story of a Movement,2021,TV-MA,Documentaries,85.0,0,2,17.0
Movie,Chhota Bheem - Dinosaur World,2015,TV-Y,Children & Family Movies,65.0,0,2,16.0
Movie,Chhota Bheem - Neeli Pahaadi,2013,TV-Y7,Children & Family Movies,64.0,0,2,16.0
Movie,Chhota Bheem & Ganesh,2009,TV-Y7,Children & Family Movies,68.0,0,2,16.0
Movie,Chhota Bheem & Krishna: Mayanagari,2011,TV-Y7,Children & Family Movies,67.0,0,2,16.0
Movie,Chhota Bheem & Krishna: Pataliputra- City of the Dead,2010,TV-Y7,Children & Family Movies,66.0,0,2,16.0
Movie,Chhota Bheem And The Broken Amulet,2013,TV-Y7,Children & Family Movies,64.0,0,2,16.0
Movie,Chhota Bheem And The Crown of Valhalla,2013,TV-Y7,Children & Family Movies,64.0,0,2,16.0
Movie,Chhota Bheem and the Incan Adventure,2013,TV-Y7,Children & Family Movies,65.0,0,2,16.0
Movie,Chhota Bheem and The ShiNobi Secret,2013,TV-Y7,Children & Family Movies,64.0,0,2,16.0
Movie,Chhota Bheem Aur Hanuman,2012,TV-Y7,Children & Family Movies,68.0,0,2,16.0
Movie,Chhota Bheem aur Krishna,2009,TV-Y7,Children & Family Movies,68.0,0,2,16.0
Movie,Chhota Bheem aur Krishna vs Zimbara,2013,TV-Y7,Children & Family Movies,64.0,0,2,16.0
Movie,Chhota Bheem in African Safari,2015,TV-Y7,Children & Family Movies,62.0,0,2,16.0
Movie,Chhota Bheem Ka Roosi Romanch,2019,TV-Y,Children & Family Movies,63.0,0,2,16.0
Movie,Chhota Bheem: Bheem vs Aliens,2010,TV-Y7,"Children & Family Movies, Sports Movies",69.0,0,2,16.0
Movie,Chhota Bheem: Dholakpur to Kathmandu,2012,TV-Y7,Children & Family Movies,70.0,0,2,16.0
Movie,Chhota Bheem: Dus Pe Dus,2014,TV-Y7,Children & Family Movies,63.0,0,2,16.0
Movie,Chhota Bheem: Journey to Petra,2011,TV-Y7,Children & Family Movies,68.0,0,2,16.0
Movie,Chhota Bheem: Master of Shaolin,2011,TV-Y7,Children & Family Movies,74.0,0,2,16.0
Movie,Chhota Bheem: The Rise of Kirmada,2012,TV-Y7,Children & Family Movies,68.0,0,2,16.0
TV Show,Chicago Med,2019,TV-14,TV Dramas,0.0,5,0,0.0
Movie,Cousins,2021,TV-MA,Dramas,99.0,0,2,3.0
Movie,Wannabe Courageous,2019,TV-14,"Comedies, International Movies",90.0,0,2,4.0
Movie,Words Bubble Up Like Soda Pop,2021,TV-G,"Anime Features, Children & Family Movies, International Movies",87.0,0,2,16.0
Movie,Sanitation Day,2020,TV-14,"Dramas, International Movies, Thrillers",105.0,0,2,15.0
TV Show,Sexy Beasts,2021,TV-14,"British TV Shows, International TV Shows, Reality TV",0.0,1,3,5.0
TV Show,Too Hot to Handle: Brazil,2021,TV-MA,"International TV Shows, Reality TV, Romantic TV Shows",0.0,1,3,5.0
Movie,Trollhunters: Rise of the Titans,2021,TV-Y7,Children & Family Movies,106.0,0,2,16.0
Movie,Milkwater,2020,TV-MA,"Comedies, Dramas, Independent Movies",102.0,0,2,3.0
TV Show,Okupas,2020,TV-MA,"Classic & Cult TV, Crime TV Shows, International TV Shows",0.0,1,3,11.0
TV Show,Touch Your Heart,2019,TV-MA,"Crime TV Shows, International TV Shows, Romantic TV Shows",0.0,1,3,11.0
Movie,The Tambour of Retribution,2021,TV-14,"Dramas, International Movies, Romantic Movies",91.0,0,2,15.0
Movie,Cosmic Sin,2021,R,Action & Adventure,88.0,0,2,11.0
Movie,2 Weeks in Lagos,2020,TV-PG,"Dramas, International Movies, Romantic Movies",107.0,0,2,1.0
Movie,Deep,2021,TV-MA,"Dramas, International Movies, Thrillers",101.0,0,2,7.0
TV Show,Explained,2021,TV-MA,"Docuseries, Science & Nature TV",0.0,3,3,16.0
Movie,Fear Street Part 3: 1666,2021,R,"Horror Movies, LGBTQ Movies",114.0,0,2,11.0
TV Show,Johnny Test,2021,TV-Y7,"Kids' TV, TV Comedies",0.0,1,3,13.0
Movie,La ley de Herodes,1999,R,"Comedies, International Movies",123.0,0,1,1.0
TV Show,Naomi Osaka,2021,TV-14,Docuseries,0.0,1,3,6.0
Movie,The Beguiled,2017,R,"Dramas, Independent Movies, Thrillers",94.0,0,2,10.0
Movie,The Book of Henry,2017,PG-13,Dramas,105.0,0,2,9.0
Movie,The Twilight Saga: Breaking Dawn: Part 1,2011,PG-13,"Dramas, Romantic Movies",117.0,0,2,9.0
Movie,The Twilight Saga: Breaking Dawn: Part 2,2012,PG-13,"Dramas, Romantic Movies",115.0,0,2,9.0
Movie,The Twilight Saga: Eclipse,2010,PG-13,"Dramas, Romantic Movies",124.0,0,2,9.0
Movie,The Twilight Saga: New Moon,2009,PG-13,"Dramas, Romantic Movies",131.0,0,2,9.0
Movie,Twilight,2008,PG-13,"Action & Adventure, Dramas, Romantic Movies",122.0,0,2,9.0
Movie,A Perfect Fit,2021,TV-PG,"Comedies, Dramas, International Movies",113.0,0,2,1.0
TV Show,BEASTARS,2021,TV-MA,"Anime Series, International TV Shows",0.0,2,3,9.0
Movie,Cheech & Chong's Still Smokin,1983,TV-MA,"Comedies, Cult Movies",91.0,0,1,0.0
Movie,Emicida: AmarElo - Live in São Paulo,2021,TV-MA,"Documentaries, International Movies, Music & Musicals",100.0,0,2,17.0
TV Show,Her Private Life,2019,TV-14,"International TV Shows, Romantic TV Shows, TV Comedies",0.0,1,3,17.0
Movie,Lift Like a Girl,2021,TV-PG,"Documentaries, International Movies, Sports Movies",93.0,0,2,8.0
Movie,My Amanda,2021,TV-14,"Dramas, International Movies, Romantic Movies",90.0,0,2,15.0
TV Show,Never Have I Ever,2021,TV-14,"TV Comedies, TV Dramas, Teen TV Shows",0.0,2,3,17.0
Movie,Surf's Up,2007,PG,"Children & Family Movies, Comedies, Sports Movies",86.0,0,2,2.0
Movie,The Unknown Saint,2019,TV-14,"Comedies, Dramas, Independent Movies",100.0,0,2,4.0
Movie,This Changes Everything,2019,TV-MA,Documentaries,96.0,0,2,17.0
Movie,A Classic Horror Story,2021,TV-MA,"Horror Movies, International Movies",95.0,0,2,13.0
Movie,Gunpowder Milkshake,2021,R,"Action & Adventure, Comedies",115.0,0,2,11.0
TV Show,Heist,2021,TV-MA,"Crime TV Shows, Docuseries",0.0,1,3,14.0
TV Show,My Unorthodox Life,2021,TV-MA,Reality TV,0.0,1,3,5.0
Movie,Private Network: Who Killed Manuel Buendía?,2021,TV-MA,"Documentaries, International Movies",100.0,0,2,17.0
Movie,The Guide to the Perfect Family,2021,TV-MA,"Comedies, Dramas, International Movies",102.0,0,2,7.0
Movie,American Woman,2019,TV-MA,"Dramas, Independent Movies",87.0,0,2,3.0
Movie,Bridgerton - The Afterparty,2021,TV-14,Movies,39.0,0,2,12.0
Movie,Day of Destiny,2021,TV-PG,"Children & Family Movies, Dramas, International Movies",110.0,0,2,1.0
TV Show,Ridley Jones,2021,TV-Y,Kids' TV,0.0,1,3,4.0
Movie,Born to Play,2020,TV-MA,"Documentaries, Sports Movies",93.0,0,2,17.0
Movie,American Ultra,2015,R,"Action & Adventure, Comedies",96.0,0,2,11.0
Movie,The Stand-Up,2019,TV-MA,Stand-Up Comedy,93.0,0,2,5.0
Movie,The Tour,2016,TV-MA,"Comedies, Documentaries, International Movies",93.0,0,2,6.0
TV Show,Atypical,2021,TV-14,"TV Comedies, TV Dramas, Teen TV Shows",0.0,4,0,0.0
TV Show,Biohackers,2021,TV-MA,"International TV Shows, TV Dramas, TV Sci-Fi & Fantasy",0.0,2,3,2.0
Movie,Fear Street Part 2: 1978,2021,R,Horror Movies,111.0,0,2,11.0
Movie,Finding Hubby,2020,TV-14,"Comedies, Dramas, International Movies",105.0,0,2,4.0
Movie,How I Became a Superhero,2021,TV-MA,"Action & Adventure, Dramas, International Movies",101.0,0,2,7.0
TV Show,How to Become a Tyrant,2021,TV-MA,Docuseries,0.0,1,3,14.0
Movie,Last Summer,2021,TV-MA,"Dramas, International Movies, Romantic Movies",102.0,0,2,7.0
Movie,Lee Su-geun: The Sense Coach,2021,TV-G,Stand-Up Comedy,46.0,0,2,5.0
Movie,Lethal Love,2021,TV-14,Thrillers,89.0,0,2,0.0
Movie,Ratchet and Clank,2016,PG,"Children & Family Movies, Comedies, Sci-Fi & Fantasy",94.0,0,2,2.0
TV Show,The Cook of Castamar,2021,TV-MA,"International TV Shows, Romantic TV Shows, Spanish-Language TV Shows",0.0,1,3,11.0
TV Show,Virgin River,2021,TV-14,"Romantic TV Shows, TV Dramas",0.0,3,3,8.0
Movie,Back to Q82,2017,TV-14,"Comedies, International Movies",104.0,0,2,4.0
TV Show,Elize Matsunaga: Once Upon a Crime,2021,TV-MA,"Crime TV Shows, Docuseries, International TV Shows",0.0,1,3,14.0
Movie,Home Again,2017,PG-13,"Comedies, Dramas, Romantic Movies",97.0,0,2,9.0
Movie,Midnight Sun,2018,PG-13,"Dramas, Romantic Movies",91.0,0,2,9.0
TV Show,RESIDENT EVIL: Infinite Darkness,2021,TV-MA,"Anime Series, TV Horror, TV Thrillers",0.0,1,3,9.0
Movie,Rock the Kasbah,2015,R,"Comedies, Music & Musicals",106.0,0,2,11.0
Movie,Awon Boyz,2019,TV-MA,"Documentaries, International Movies",38.0,0,2,17.0
Movie,Brick Mansions,2014,PG-13,"Action & Adventure, International Movies",90.0,0,2,14.0
TV Show,Cat People,2021,TV-14,Docuseries,0.0,1,3,6.0
Movie,Clash,2020,TV-MA,"Dramas, International Movies",87.0,0,2,7.0
TV Show,Dogs,2021,TV-PG,Docuseries,0.0,2,3,7.0
Movie,Major Grom: Plague Doctor,2021,TV-MA,"Action & Adventure, International Movies",138.0,0,2,13.0
Movie,Mama Drama,2020,TV-MA,"Dramas, International Movies",105.0,0,2,7.0
Movie,Tango With Me,2010,TV-14,"Dramas, International Movies, Romantic Movies",104.0,0,2,15.0
TV Show,The Mire,2021,TV-MA,"Crime TV Shows, International TV Shows, TV Dramas",0.0,2,3,2.0
TV Show,The War Next-door,2021,TV-MA,"International TV Shows, Spanish-Language TV Shows, TV Comedies",0.0,1,3,15.0
Movie,Therapy,2020,TV-PG,"Dramas, International Movies",85.0,0,2,1.0
Movie,This Little Love Of Mine,2021,TV-G,"International Movies, Romantic Movies",92.0,0,2,18.0
Movie,Three Thieves,2019,TV-14,"Comedies, International Movies",108.0,0,2,4.0
Movie,A Land Imagined,2019,TV-MA,"Dramas, International Movies",95.0,0,2,7.0
TV Show,Ask the StoryBots,2019,TV-Y,Kids' TV,0.0,3,3,4.0
TV Show,Between,2016,TV-14,"International TV Shows, TV Dramas, TV Mysteries",0.0,2,3,10.0
TV Show,Chelsea,2017,TV-MA,"Stand-Up Comedy & Talk Shows, TV Comedies",0.0,2,3,15.0
TV Show,Code Lyoko,2007,TV-Y7,Kids' TV,0.0,4,0,0.0
TV Show,Colony,2018,TV-14,"TV Action & Adventure, TV Dramas, TV Sci-Fi & Fantasy",0.0,3,3,8.0
TV Show,Cuckoo,2019,TV-MA,"British TV Shows, International TV Shows, TV Comedies",0.0,5,0,0.0
TV Show,Derry Girls,2019,TV-MA,"British TV Shows, International TV Shows, TV Comedies",0.0,2,3,15.0
TV Show,Girl from Nowhere,2021,TV-MA,"International TV Shows, TV Dramas, TV Mysteries",0.0,2,3,1.0
TV Show,Good Morning Call,2017,TV-14,"International TV Shows, Romantic TV Shows, TV Comedies",0.0,2,3,17.0
Movie,Har Kisse Ke Hisse: Kaamyaab,2020,TV-14,"Dramas, International Movies",105.0,0,2,15.0
TV Show,I AM A KILLER,2020,TV-MA,"British TV Shows, Crime TV Shows, Docuseries",0.0,2,3,14.0
TV Show,I Think You Should Leave with Tim Robinson,2021,TV-MA,TV Comedies,0.0,2,3,15.0
TV Show,Kim's Convenience,2021,TV-MA,"International TV Shows, TV Comedies",0.0,5,0,0.0
TV Show,Larva,2015,TV-Y7,"Kids' TV, Korean TV Shows, TV Comedies",0.0,3,3,13.0
TV Show,Marcella,2019,TV-MA,"British TV Shows, Crime TV Shows, International TV Shows",0.0,3,3,16.0
TV Show,Midnight Diner: Tokyo Stories,2019,TV-MA,"International TV Shows, TV Dramas",0.0,2,3,2.0
TV Show,My Little Pony: Friendship Is Magic,2018,TV-Y,Kids' TV,0.0,8,0,1.0
TV Show,Orange Is the New Black,2019,TV-MA,"TV Comedies, TV Dramas",0.0,7,0,1.0
TV Show,Puffin Rock,2016,TV-Y,Kids' TV,0.0,2,3,4.0
Movie,Rehmataan,2012,TV-14,"Dramas, International Movies, Romantic Movies",116.0,0,2,15.0
Movie,Return of the Prodigal Son,1976,TV-MA,"Dramas, International Movies",124.0,0,1,0.0
TV Show,Richie Rich,2015,TV-G,"Kids' TV, TV Comedies",0.0,2,3,13.0
Movie,Rise: Ini Kalilah,2018,TV-PG,"Dramas, International Movies",101.0,0,2,1.0
TV Show,Scream,2019,TV-MA,"Crime TV Shows, TV Horror, TV Mysteries",0.0,3,3,16.0
TV Show,Shtisel,2021,TV-14,"International TV Shows, TV Dramas",0.0,3,3,8.0
Movie,Si Doel the Movie 2,2019,TV-G,"Dramas, International Movies",95.0,0,2,7.0
TV Show,Some Assembly Required,2015,TV-Y,"Kids' TV, TV Comedies",0.0,2,3,4.0
TV Show,Tales by Light,2018,TV-14,"Docuseries, International TV Shows, Science & Nature TV",0.0,3,3,8.0
TV Show,Terrace House: Opening New Doors,2018,TV-14,"International TV Shows, Reality TV",0.0,6,0,0.0
TV Show,The A List,2021,TV-PG,"British TV Shows, International TV Shows, TV Dramas",0.0,2,3,0.0
TV Show,The New Legends of Monkey,2020,TV-PG,"Kids' TV, TV Action & Adventure, TV Sci-Fi & Fantasy",0.0,2,3,0.0
TV Show,The Worst Witch,2020,TV-G,"British TV Shows, Kids' TV",0.0,4,0,0.0
Movie,Truckbhar Swapna,2018,TV-14,"Comedies, Dramas, International Movies",128.0,0,2,4.0
Movie,Ujala,1959,TV-14,"Dramas, International Movies",143.0,0,1,0.0
TV Show,Undercover,2020,TV-MA,"Crime TV Shows, International TV Shows, TV Action & Adventure",0.0,2,3,11.0
TV Show,Workin' Moms,2021,TV-MA,"International TV Shows, TV Comedies",0.0,5,0,0.0
TV Show,YooHoo to the Rescue,2020,TV-Y,"Kids' TV, Korean TV Shows",0.0,3,3,4.0
TV Show,You Are My Spring,2021,TV-14,"International TV Shows, Romantic TV Shows, TV Dramas",0.0,1,3,10.0
TV Show,We the People,2021,TV-Y7,Kids' TV,0.0,1,3,13.0
TV Show,Grey's Anatomy,2020,TV-14,"Romantic TV Shows, TV Dramas",0.0,17,0,1.0
TV Show,Big Timber,2020,TV-14,"International TV Shows, Reality TV",0.0,1,3,5.0
Movie,Fear Street Part 1: 1994,2021,R,"Horror Movies, LGBTQ Movies",107.0,0,2,11.0
Movie,Haseen Dillruba,2021,TV-MA,"International Movies, Romantic Movies, Thrillers",136.0,0,2,13.0
Movie,Holiday on Mars,2020,TV-MA,"Comedies, International Movies",94.0,0,2,6.0
TV Show,Mortel,2019,TV-MA,"Crime TV Shows, International TV Shows, TV Dramas",0.0,2,3,2.0
Movie,RattleSnake - The Ahanna Story,2020,TV-MA,"Dramas, International Movies, Thrillers",136.0,0,2,7.0
Movie,Snowpiercer,2013,R,"Action & Adventure, Cult Movies, International Movies",126.0,0,2,11.0
Movie,The 8th Night,2021,TV-14,"Horror Movies, International Movies, Thrillers",116.0,0,2,0.0
Movie,Winchester,2018,PG-13,"Horror Movies, Sci-Fi & Fantasy",100.0,0,2,14.0
Movie,6 Bullets,2012,R,Action & Adventure,115.0,0,2,11.0
Movie,Air Force One,1997,R,Action & Adventure,125.0,0,1,1.0
Movie,Audible,2021,PG-13,"Documentaries, Sports Movies",39.0,0,2,18.0
Movie,Austin Powers in Goldmember,2002,PG-13,"Action & Adventure, Comedies",94.0,0,1,1.0
Movie,Austin Powers: International Man of Mystery,1997,PG-13,Comedies,90.0,0,1,1.0
Movie,Austin Powers: The Spy Who Shagged Me,1999,PG-13,"Action & Adventure, Comedies, Sci-Fi & Fantasy",95.0,0,1,1.0
Movie,Boogie Nights,1997,R,"Comedies, Dramas, Independent Movies",155.0,0,1,1.0
TV Show,Bureau of Magical Things,2020,TV-G,"International TV Shows, Kids' TV, TV Mysteries",0.0,1,3,1.0
Movie,Charlie's Angels,2000,PG-13,"Action & Adventure, Comedies",98.0,0,1,1.0
Movie,Congo,1995,PG-13,"Action & Adventure, Thrillers",108.0,0,1,1.0
Movie,Dennis the Menace,1993,PG,"Children & Family Movies, Comedies",96.0,0,1,1.0
Movie,Dreamy Eyes,2019,TV-14,"Dramas, International Movies, Romantic Movies",117.0,0,2,15.0
Movie,Dynasty Warriors,2021,TV-14,"Action & Adventure, International Movies",118.0,0,2,0.0
TV Show,Generation 56k,2021,TV-MA,"International TV Shows, Romantic TV Shows, TV Comedies",0.0,1,3,15.0
Movie,Hampstead,2019,PG-13,"Comedies, Dramas, International Movies",103.0,0,2,9.0
Movie,Kung Fu Panda,2008,PG,"Children & Family Movies, Comedies",94.0,0,2,2.0
Movie,Kung Fu Panda 2,2011,PG,"Children & Family Movies, Comedies",93.0,0,2,2.0
Movie,Life as We Know It,2010,PG-13,"Comedies, Dramas, Romantic Movies",115.0,0,2,9.0
Movie,Mary Magdalene,2019,R,"Dramas, Faith & Spirituality, International Movies",120.0,0,2,10.0
TV Show,Masameer County,2021,TV-MA,"International TV Shows, TV Comedies",0.0,1,3,15.0
Movie,Memoirs of a Geisha,2005,PG-13,"Dramas, Romantic Movies",145.0,0,2,9.0
Movie,Midnight Run,1988,R,"Action & Adventure, Classic Movies, Comedies",126.0,0,1,1.0
Movie,Mobile Suit Gundam Hathaway,2021,TV-14,"Action & Adventure, Anime Features, International Movies",96.0,0,2,0.0
Movie,Mortal Kombat,1995,PG-13,"Action & Adventure, Sci-Fi & Fantasy",101.0,0,1,1.0
Movie,Mother's Day,2016,PG-13,"Comedies, Dramas",118.0,0,2,9.0
Movie,No Strings Attached,2011,R,"Comedies, Romantic Movies",109.0,0,2,11.0
Movie,Not Another Teen Movie,2001,R,Comedies,89.0,0,1,1.0
Movie,Ophelia,2018,PG-13,"Dramas, Romantic Movies",106.0,0,2,9.0
Movie,Pet Sematary 2,1992,R,Horror Movies,101.0,0,1,1.0
TV Show,Quarantine Tales,2020,TV-MA,"International TV Shows, TV Comedies, TV Dramas",0.0,1,3,2.0
TV Show,Rainbow Rangers,2018,TV-Y,Kids' TV,0.0,1,3,4.0
Movie,Red Joan,2019,R,"Dramas, International Movies",101.0,0,2,10.0
TV Show,Sailor Moon Crystal,2016,TV-Y7,"Anime Series, Kids' TV",0.0,3,3,13.0
Movie,Seven Pounds,2008,PG-13,"Dramas, Romantic Movies",123.0,0,2,9.0
Movie,She's Out of My League,2010,R,"Comedies, Romantic Movies",106.0,0,2,11.0
Movie,Snow Day,2000,PG,"Children & Family Movies, Comedies",89.0,0,1,1.0
Movie,Star Trek,2009,PG-13,"Action & Adventure, Sci-Fi & Fantasy",128.0,0,2,14.0
Movie,Stuart Little,1999,PG,"Children & Family Movies, Comedies",85.0,0,1,1.0
Movie,Sword of Trust,2019,R,"Comedies, Dramas, Independent Movies",89.0,0,2,10.0
Movie,Talladega Nights: The Ballad of Ricky Bobby,2006,PG-13,"Action & Adventure, Comedies, Sports Movies",108.0,0,2,14.0
Movie,The American,2010,R,"Dramas, Thrillers",105.0,0,2,10.0
Movie,The Best of Enemies,2019,PG-13,Dramas,133.0,0,2,9.0
Movie,The Game,1997,R,Thrillers,129.0,0,1,1.0
Movie,The Karate Kid,1984,PG,"Action & Adventure, Children & Family Movies, Classic Movies",127.0,0,1,0.0
Movie,The Karate Kid Part II,1986,PG,"Action & Adventure, Children & Family Movies, Dramas",113.0,0,1,1.0
Movie,The Karate Kid Part III,1989,PG,"Children & Family Movies, Dramas",112.0,0,1,1.0
Movie,The Life of David Gale,2003,R,Dramas,130.0,0,1,1.0
Movie,The Long Riders,1980,R,Action & Adventure,100.0,0,1,0.0
Movie,The Queen,2006,PG-13,"Dramas, International Movies",103.0,0,2,9.0
Movie,The Strangers,2008,R,"Horror Movies, Thrillers",85.0,0,2,11.0
Movie,The Sum of All Fears,2002,PG-13,Action & Adventure,124.0,0,1,1.0
Movie,The Tourist,2010,PG-13,"Action & Adventure, Romantic Movies",103.0,0,2,14.0
Movie,Underworld,2003,R,"Action & Adventure, Horror Movies, Sci-Fi & Fantasy",121.0,0,1,1.0
Movie,Underworld: Awakening,2012,R,"Action & Adventure, Horror Movies, Sci-Fi & Fantasy",89.0,0,2,11.0
Movie,Underworld: Rise of the Lycans,2009,R,"Action & Adventure, Horror Movies, Sci-Fi & Fantasy",92.0,0,2,11.0
Movie,Voiceless,2020,TV-MA,"Dramas, International Movies, Thrillers",112.0,0,2,7.0
Movie,What Dreams May Come,1998,PG-13,"Dramas, Romantic Movies, Sci-Fi & Fantasy",114.0,0,1,1.0
Movie,Why Do Fools Fall in Love,1998,R,"Dramas, Music & Musicals, Romantic Movies",116.0,0,1,1.0
Movie,Working Title,2019,R,Dramas,110.0,0,2,10.0
TV Show,Young Royals,2021,TV-MA,"International TV Shows, Romantic TV Shows, TV Dramas",0.0,1,3,2.0
Movie,America: The Motion Picture,2021,TV-MA,"Action & Adventure, Comedies",98.0,0,2,6.0
Movie,Deranged,2020,TV-14,"Dramas, International Movies",98.0,0,2,15.0
TV Show,Droppin' Cash: Los Angeles,2019,TV-MA,Reality TV,0.0,1,3,5.0
TV Show,Legend of Exorcism,2020,TV-14,"Anime Series, Crime TV Shows, International TV Shows",0.0,1,3,9.0
Movie,Lying and Stealing,2019,R,Thrillers,100.0,0,2,11.0
Movie,Mommy Issues,2021,TV-MA,"Comedies, Dramas, International Movies",90.0,0,2,7.0
Movie,Prime Time,2021,TV-MA,"Dramas, International Movies, Thrillers",92.0,0,2,7.0
TV Show,Somos.,2021,TV-MA,"Crime TV Shows, International TV Shows, Spanish-Language TV Shows",0.0,1,3,11.0
TV Show,Sophie: A Murder in West Cork,2021,TV-MA,"British TV Shows, Crime TV Shows, Docuseries",0.0,1,3,14.0
TV Show,The Daily Life of the Immortal King,2020,TV-14,"Anime Series, International TV Shows, Teen TV Shows",0.0,1,3,9.0
TV Show,StarBeam,2021,TV-Y,Kids' TV,0.0,4,0,0.0
Movie,A Way Back Home,2020,TV-14,"Dramas, International Movies",82.0,0,2,15.0
Movie,Killing Them Softly,2012,R,Dramas,97.0,0,2,10.0
TV Show,The Seven Deadly Sins,2021,TV-14,"Anime Series, International TV Shows",0.0,5,0,0.0
Movie,Wanted,2019,TV-14,"Comedies, International Movies",90.0,0,2,4.0
Movie,Into the Wind,2018,TV-MA,"Dramas, Independent Movies, International Movies",76.0,0,2,7.0
Movie,Wonder Boy,2019,TV-14,"Documentaries, International Movies",83.0,0,2,12.0
Movie,Here Comes the Rain,2010,TV-MA,"Dramas, International Movies",101.0,0,2,7.0
Movie,The Ice Road,2021,PG-13,Action & Adventure,109.0,0,2,14.0
TV Show,Ray,2021,TV-MA,"International TV Shows, TV Dramas, TV Mysteries",0.0,1,3,1.0
TV Show,Sex/Life,2021,TV-MA,"Romantic TV Shows, TV Dramas",0.0,1,3,2.0
TV Show,Godzilla Singular Point,2021,TV-14,"Anime Series, International TV Shows",0.0,1,3,9.0
TV Show,Jiva!,2021,TV-MA,"International TV Shows, TV Dramas",0.0,1,3,2.0
Movie,Sisters on Track,2021,PG,"Documentaries, Sports Movies",97.0,0,2,18.0
TV Show,The Naked Director,2021,TV-MA,"International TV Shows, TV Dramas",0.0,2,3,2.0
Movie,The Seventh Day,2021,R,Horror Movies,87.0,0,2,11.0
Movie,Good on Paper,2021,TV-MA,"Comedies, Romantic Movies",94.0,0,2,6.0
Movie,Murder by the Coast,2021,TV-14,"Documentaries, International Movies",89.0,0,2,12.0
Movie,The House of Flowers: The Movie,2021,TV-MA,"Comedies, International Movies, Music & Musicals",88.0,0,2,6.0
TV Show,The Parisian Agency: Exclusive Properties,2021,TV-G,"International TV Shows, Reality TV",0.0,1,3,5.0
TV Show,Too Hot to Handle,2021,TV-MA,"Reality TV, Romantic TV Shows",0.0,2,3,5.0
Movie,Broken,2019,TV-14,"Dramas, International Movies, Romantic Movies",108.0,0,2,15.0
Movie,O Vendedor de Sonhos,2016,TV-14,"Dramas, International Movies",96.0,0,2,15.0
Movie,Osuofia in London,2003,TV-MA,"Comedies, Dramas, International Movies",84.0,0,2,7.0
Movie,Osuofia in London II,2004,TV-14,"Comedies, Dramas, International Movies",70.0,0,2,4.0
TV Show,This Is Pop,2021,TV-MA,"Docuseries, International TV Shows",0.0,1,3,14.0
Movie,#Selfie,2014,TV-MA,"Comedies, Dramas, International Movies",125.0,0,2,7.0
Movie,#Selfie 69,2016,TV-MA,"Comedies, Dramas, International Movies",119.0,0,2,7.0
Movie,Love Is a Story,2015,TV-MA,"International Movies, Music & Musicals, Romantic Movies",105.0,0,2,6.0
TV Show,The Mole,2001,TV-14,"Reality TV, TV Action & Adventure, TV Mysteries",0.0,2,3,18.0
TV Show,"Nevertheless,",2021,TV-14,"International TV Shows, Romantic TV Shows, TV Dramas",0.0,1,3,10.0
TV Show,Bangkok Love Stories: Innocence,2018,TV-14,"International TV Shows, Romantic TV Shows, TV Dramas",0.0,1,3,10.0
TV Show,Black Lightning,2021,TV-14,"TV Action & Adventure, TV Dramas, TV Sci-Fi & Fantasy",0.0,4,0,0.0
TV Show,Call My Agent!,2018,TV-MA,"International TV Shows, TV Comedies, TV Dramas",0.0,4,0,0.0
TV Show,Champions,2018,TV-14,TV Comedies,0.0,1,3,17.0
TV Show,Charité at War,2019,TV-MA,"International TV Shows, TV Dramas",0.0,1,3,2.0
TV Show,Cleo & Cuquin,2020,TV-Y,Kids' TV,0.0,2,3,4.0
TV Show,Deadwind,2020,TV-MA,"Crime TV Shows, International TV Shows, TV Dramas",0.0,2,3,2.0
TV Show,Gameboys Level-Up Edition,2020,TV-14,"International TV Shows, Romantic TV Shows, TV Comedies",0.0,1,3,17.0
TV Show,Glee,2015,TV-14,"TV Comedies, TV Dramas, Teen TV Shows",0.0,6,0,0.0
TV Show,Hap and Leonard,2018,TV-MA,"Crime TV Shows, TV Dramas",0.0,3,3,16.0
TV Show,Locked Up,2020,TV-MA,"Crime TV Shows, International TV Shows, Spanish-Language TV Shows",0.0,5,0,0.0
Movie,Mobile Suit Gundam II: Soldiers of Sorrow,1981,TV-14,"Action & Adventure, Anime Features, International Movies",133.0,0,1,0.0
Movie,Mobile Suit Gundam III: Encounters in Space,1982,TV-MA,"Action & Adventure, Anime Features, International Movies",140.0,0,1,0.0
Movie,Mobile Suit Gundam: Char's Counterattack,1988,TV-14,"Action & Adventure, Anime Features, International Movies",120.0,0,1,1.0
TV Show,No Time for Shame,2019,TV-MA,"International TV Shows, Reality TV, Spanish-Language TV Shows",0.0,1,3,11.0
TV Show,Pose,2019,TV-MA,TV Dramas,0.0,2,3,16.0
TV Show,REA(L)OVE,2018,TV-MA,"International TV Shows, Reality TV, Romantic TV Shows",0.0,1,3,5.0
TV Show,Riverdale,2019,TV-14,"Crime TV Shows, TV Dramas, TV Mysteries",0.0,4,0,0.0
TV Show,Schitt's Creek,2020,TV-MA,TV Comedies,0.0,6,0,0.0
TV Show,The Assassination of Gianni Versace,2018,TV-MA,"Crime TV Shows, TV Dramas, TV Thrillers",0.0,1,3,2.0
TV Show,The Judgement,2018,TV-MA,"Crime TV Shows, International TV Shows, TV Dramas",0.0,1,3,2.0
TV Show,The Last Dance,2020,TV-MA,Docuseries,0.0,1,3,14.0
TV Show,They've Gotta Have Us,2018,TV-MA,"British TV Shows, Docuseries",0.0,1,3,14.0
TV Show,Why Are You Like This,2021,TV-MA,"International TV Shows, TV Comedies",0.0,1,3,15.0
Movie,A Family,2021,TV-MA,"Dramas, International Movies",135.0,0,2,7.0
TV Show,Elite,2021,TV-MA,"Crime TV Shows, International TV Shows, Spanish-Language TV Shows",0.0,4,0,0.0
Movie,Fatherhood,2021,PG-13,Dramas,111.0,0,2,9.0
TV Show,Hospital Playlist,2021,TV-14,"International TV Shows, Korean TV Shows, TV Comedies",0.0,2,3,17.0
Movie,Jagame Thandhiram,2021,TV-MA,"Action & Adventure, Dramas, International Movies",159.0,0,2,7.0
Movie,Kambili: The Whole 30 Yards,2020,TV-14,"Comedies, International Movies, Romantic Movies",119.0,0,2,4.0
Movie,Mobile Suit Gundam I,1981,TV-14,"Action & Adventure, Anime Features, Classic Movies",139.0,0,1,0.0
Movie,Rurouni Kenshin: The Final,2021,TV-14,"Action & Adventure, International Movies",137.0,0,2,0.0
TV Show,So Not Worth It,2021,TV-14,"International TV Shows, TV Comedies",0.0,1,3,17.0
TV Show,The Rational Life,2021,TV-14,"International TV Shows, Romantic TV Shows, TV Dramas",0.0,1,3,10.0
Movie,Ali & Ratu Ratu Queens,2021,TV-14,"Comedies, Dramas, International Movies",101.0,0,2,4.0
Movie,Aziza,2019,TV-PG,"Comedies, Dramas, Independent Movies",13.0,0,2,8.0
Movie,Besieged Bread,2015,TV-14,"Dramas, International Movies",12.0,0,2,12.0
TV Show,Black Summer,2021,TV-MA,"TV Action & Adventure, TV Dramas, TV Horror",0.0,2,3,16.0
TV Show,Elite Short Stories: Carla Samuel,2021,TV-MA,"International TV Shows, Romantic TV Shows, Spanish-Language TV Shows",0.0,1,3,11.0
Movie,Fan Girl,2020,TV-MA,"Dramas, Independent Movies, International Movies",101.0,0,2,7.0
TV Show,Katla,2021,TV-MA,"International TV Shows, TV Dramas, TV Mysteries",0.0,1,3,1.0
TV Show,Record of Ragnarok,2021,TV-MA,"Anime Series, International TV Shows",0.0,1,3,9.0
Movie,Red Snow,2019,TV-MA,Dramas,96.0,0,2,3.0
Movie,Silver Linings Playbook,2012,R,"Comedies, Dramas, Independent Movies",122.0,0,2,10.0
TV Show,The Gift,2021,TV-MA,"International TV Shows, TV Dramas, TV Mysteries",0.0,3,3,16.0
Movie,A Man For The Week End,2018,TV-14,"Comedies, Dramas, International Movies",95.0,0,2,4.0
Movie,Biking Borders,2019,TV-14,"Documentaries, International Movies, Sports Movies",89.0,0,2,12.0
TV Show,Elite Short Stories: Omar Ander Alexis,2021,TV-MA,"International TV Shows, Spanish-Language TV Shows, TV Dramas",0.0,1,3,2.0
TV Show,Let's Eat,2021,TV-14,"International TV Shows, Romantic TV Shows, TV Comedies",0.0,1,3,17.0
Movie,Lowriders,2016,PG-13,"Dramas, Independent Movies",98.0,0,2,9.0
TV Show,Millennials,2020,TV-MA,"International TV Shows, Romantic TV Shows, Spanish-Language TV Shows",0.0,3,3,16.0
TV Show,Penguin Town,2021,TV-PG,"Docuseries, Science & Nature TV",0.0,1,3,3.0
Movie,Security,2021,TV-MA,"Dramas, International Movies, Thrillers",119.0,0,2,7.0
Movie,Silver Skates,2020,TV-MA,"Action & Adventure, Dramas, International Movies",138.0,0,2,7.0
TV Show,Avengers Climate Conundrum,2020,TV-Y7,"Kids' TV, TV Comedies",0.0,1,3,13.0
TV Show,Beyond Evil,2021,TV-MA,"Crime TV Shows, International TV Shows, TV Thrillers",0.0,1,3,11.0
TV Show,Elite Short Stories: Nadia Guzmán,2021,TV-MA,"International TV Shows, Romantic TV Shows, Spanish-Language TV Shows",0.0,1,3,11.0
Movie,FTA,1972,TV-MA,Documentaries,104.0,0,1,0.0
Movie,Headspace: Unwind Your Mind,2021,TV-G,Documentaries,273.0,0,2,15.0
Movie,Life of Crime,2013,R,"Comedies, Independent Movies",101.0,0,2,11.0
TV Show,Power Rangers Dino Fury,2021,TV-G,Kids' TV,0.0,1,3,13.0
TV Show,Rhyme Time Town,2021,TV-Y,Kids' TV,0.0,2,3,4.0
Movie,Rogue Warfare: Death of a Nation,2020,R,Action & Adventure,99.0,0,2,11.0
Movie,Sir! No Sir!,2005,TV-MA,Documentaries,84.0,0,2,17.0
TV Show,The American Bible Challenge,2014,TV-G,Reality TV,0.0,1,3,5.0
Movie,The Reason I Jump,2021,TV-14,Documentaries,82.0,0,2,12.0
TV Show,Elite Short Stories: Guzmán Caye Rebe,2021,TV-MA,"International TV Shows, Spanish-Language TV Shows, TV Dramas",0.0,1,3,2.0
TV Show,Metallica: Some Kind of Monster,2014,TV-MA,TV Shows,0.0,1,3,14.0
Movie,Picture a Scientist,2020,TV-MA,Documentaries,97.0,0,2,17.0
Movie,The Devil Below,2021,TV-MA,Horror Movies,89.0,0,2,13.0
Movie,Bling Empire - The Afterparty,2021,TV-MA,Movies,36.0,0,2,5.0
Movie,Cobra Kai - The Afterparty,2021,TV-MA,Movies,34.0,0,2,5.0
TV Show,Love (ft. Marriage and Divorce),2021,TV-14,"International TV Shows, TV Dramas",0.0,2,3,10.0
Movie,To All the Boys: Always and Forever - The Afterparty,2021,TV-MA,Movies,36.0,0,2,5.0
TV Show,LEGO Friends: The Power of Friendship,2016,TV-Y7,Kids' TV,0.0,2,3,13.0
TV Show,Lupin,2021,TV-MA,"Crime TV Shows, International TV Shows, TV Action & Adventure",0.0,2,3,11.0
Movie,Sarbath,2021,TV-PG,"Comedies, Dramas, International Movies",113.0,0,2,1.0
Movie,Skater Girl,2021,PG,"Children & Family Movies, Dramas, International Movies",110.0,0,2,2.0
TV Show,Trese,2021,TV-MA,"Anime Series, Crime TV Shows, TV Horror",0.0,1,3,14.0
Movie,Trese After Dark,2021,TV-14,"Anime Features, Documentaries",36.0,0,2,12.0
Movie,Wish Dragon,2021,PG,"Children & Family Movies, Comedies",102.0,0,2,2.0
Movie,A Haunted House 2,2014,R,"Comedies, Horror Movies",86.0,0,2,11.0
Movie,Blind Intersections,2012,TV-MA,"Dramas, International Movies",91.0,0,2,7.0
Movie,Camellia Sisters,2021,TV-MA,"Dramas, International Movies",117.0,0,2,7.0
Movie,Copenhagen,2014,TV-MA,"Dramas, Independent Movies, Romantic Movies",99.0,0,2,3.0
TV Show,Locombianos,2021,TV-MA,"International TV Shows, Spanish-Language TV Shows, Stand-Up Comedy & Talk Shows",0.0,1,3,11.0
Movie,Until Midnight,2019,TV-14,"International Movies, Thrillers",77.0,0,2,0.0
Movie,Awake,2021,TV-MA,"Dramas, Thrillers",97.0,0,2,3.0
Movie,Confusion Na Wa,2013,TV-MA,"Comedies, Dramas, International Movies",106.0,0,2,7.0
TV Show,"Fresh, Fried & Crispy",2021,TV-PG,Reality TV,0.0,1,3,5.0
TV Show,L.A.’s Finest,2021,TV-MA,"Crime TV Shows, TV Action & Adventure, TV Comedies",0.0,2,3,16.0
Movie,Tragic Jungle,2021,TV-MA,"Dramas, Independent Movies, International Movies",97.0,0,2,7.0
TV Show,Guru Aur Bhole,2018,TV-Y7,"Kids' TV, TV Comedies",0.0,2,3,13.0
Movie,Vampire Academy,2014,PG-13,"Action & Adventure, Comedies, Sci-Fi & Fantasy",104.0,0,2,14.0
TV Show,"Newly Rich, Newly Poor",2007,TV-MA,"International TV Shows, Romantic TV Shows, Spanish-Language TV Shows",0.0,1,3,11.0
Movie,A Private War,2018,R,"Dramas, Independent Movies",110.0,0,2,10.0
Movie,Kitty Love: An Homage to Cats,2021,TV-G,"Children & Family Movies, Documentaries, International Movies",61.0,0,2,18.0
Movie,Small Chops,2020,TV-MA,"Dramas, International Movies, Romantic Movies",98.0,0,2,7.0
Movie,Breaking Boundaries: The Science Of Our Planet,2021,TV-PG,Documentaries,74.0,0,2,8.0
TV Show,Feel Good,2021,TV-MA,"Romantic TV Shows, TV Comedies, TV Dramas",0.0,2,3,15.0
Movie,Fireplace 4K: Classic Crackling Fireplace from Fireplace for Your Home,2015,TV-G,Movies,60.0,0,2,18.0
Movie,Fireplace 4K: Crackling Birchwood from Fireplace for Your Home,2015,TV-G,Movies,60.0,0,2,18.0
TV Show,Human: The World Within,2021,TV-PG,"Docuseries, Science & Nature TV",0.0,1,3,3.0
Movie,Sweet & Sour,2021,TV-14,"Comedies, International Movies, Romantic Movies",103.0,0,2,4.0
TV Show,Sweet Tooth,2021,TV-14,"TV Action & Adventure, TV Dramas, TV Sci-Fi & Fantasy",0.0,1,3,10.0
Movie,Trippin' with the Kandasamys,2021,TV-14,"Comedies, International Movies, Romantic Movies",94.0,0,2,4.0
Movie,Xtreme,2021,TV-MA,"Action & Adventure, International Movies",112.0,0,2,13.0
Movie,Alan Saldaña: Locked Up,2021,TV-MA,Stand-Up Comedy,49.0,0,2,5.0
TV Show,Creator's File: GOLD,2021,TV-14,"International TV Shows, TV Comedies",0.0,1,3,17.0
Movie,Dancing Queens,2021,TV-MA,"Comedies, Dramas, International Movies",111.0,0,2,7.0
Movie,From Stress to Happiness,2020,TV-G,"Documentaries, International Movies",58.0,0,2,18.0
Movie,Myriam Fares: The Journey,2021,TV-14,"Documentaries, International Movies, Music & Musicals",72.0,0,2,12.0
TV Show,Pretty Guardian Sailor Moon Eternal The Movie,2021,TV-14,TV Shows,0.0,1,3,6.0
TV Show,Summertime,2021,TV-MA,"International TV Shows, Romantic TV Shows, TV Dramas",0.0,2,3,2.0
Movie,The Girl and the Gun,2019,TV-MA,"Dramas, International Movies, Thrillers",78.0,0,2,7.0
Movie,2 Hearts,2020,PG-13,"Dramas, Faith & Spirituality, Romantic Movies",101.0,0,2,9.0
Movie,A Perfect Ending,2012,TV-MA,"Dramas, Independent Movies, LGBTQ Movies",110.0,0,2,3.0
Movie,American Outlaws,2001,PG-13,Action & Adventure,94.0,0,1,1.0
Movie,And Then Came Lola,2009,TV-MA,"Comedies, Independent Movies, LGBTQ Movies",70.0,0,2,3.0
TV Show,Attack on Titan,2013,TV-MA,"Anime Series, International TV Shows",0.0,1,3,9.0
Movie,Battlefield Earth,2000,PG-13,"Action & Adventure, Cult Movies, Sci-Fi & Fantasy",118.0,0,1,1.0
TV Show,Ben & Holly's Little Kingdom,2019,TV-Y,Kids' TV,0.0,2,3,4.0
Movie,Black Holes | The Edge of All We Know,2021,TV-14,Documentaries,99.0,0,2,12.0
Movie,Bliss,1997,R,"Dramas, Romantic Movies",103.0,0,1,1.0
Movie,Carnaval,2021,TV-MA,"Comedies, International Movies, Music & Musicals",95.0,0,2,6.0
Movie,Cloudburst,2011,TV-MA,"Comedies, Dramas, Independent Movies",93.0,0,2,3.0
TV Show,Cocomelon,2021,TV-Y,Kids' TV,0.0,3,3,4.0
Movie,Company of Heroes,2013,R,"Action & Adventure, Dramas",101.0,0,2,10.0
Movie,Cradle 2 the Grave,2003,R,Action & Adventure,101.0,0,1,1.0
Movie,Domestic Disturbance,2001,PG-13,Thrillers,89.0,0,1,1.0
TV Show,Downton Abbey,2015,TV-14,"British TV Shows, International TV Shows, TV Dramas",0.0,6,0,0.0
Movie,Dream/Killer,2015,TV-MA,Documentaries,109.0,0,2,17.0
Movie,Felon,2008,R,"Action & Adventure, Dramas",104.0,0,2,10.0
Movie,Flipped,2010,PG,"Comedies, Dramas, Romantic Movies",90.0,0,2,2.0
Movie,Fools Rush In,1997,PG-13,"Comedies, Romantic Movies",109.0,0,1,1.0
Movie,Gold Statue,2019,TV-14,"Comedies, Dramas, International Movies",145.0,0,2,4.0
TV Show,Happy Endings,2012,TV-14,TV Comedies,0.0,3,3,8.0
Movie,Hostel: Part III,2011,R,"Cult Movies, Horror Movies",88.0,0,2,11.0
Movie,I Am Sam,2001,PG-13,Dramas,132.0,0,1,1.0
Movie,Love Jones,1997,R,"Comedies, Dramas, Independent Movies",109.0,0,1,1.0
Movie,Million Dollar Baby,2004,PG-13,"Dramas, Sports Movies",133.0,0,2,9.0
Movie,Mosquita y Mari,2012,TV-14,"Dramas, Independent Movies, LGBTQ Movies",85.0,0,2,15.0
Movie,Never Back Down 2: The Beatdown,2011,R,"Action & Adventure, Dramas, Sports Movies",104.0,0,2,10.0
Movie,Ninja Assassin,2009,R,Action & Adventure,99.0,0,2,11.0
TV Show,Ouran High School Host Club,2006,TV-PG,"Anime Series, Romantic TV Shows, Teen TV Shows",0.0,1,3,0.0
Movie,Population 436,2006,R,"Horror Movies, Thrillers",93.0,0,2,11.0
TV Show,Racket Boys,2021,TV-14,"International TV Shows, TV Comedies, TV Dramas",0.0,1,3,17.0
Movie,Seven Souls in the Skull Castle: Season Moon Jogen,2017,TV-14,"Action & Adventure, Dramas, International Movies",204.0,0,2,15.0
Movie,Seven Souls in the Skull Castle: Season Moon Kagen,2017,TV-PG,"Action & Adventure, Dramas, International Movies",212.0,0,2,1.0
Movie,Sniper: Legacy,2014,R,Action & Adventure,98.0,0,2,11.0
Movie,Starsky & Hutch,2004,PG-13,"Action & Adventure, Comedies",101.0,0,2,14.0
Movie,Streets of Fire,1984,PG,"Action & Adventure, Classic Movies, Cult Movies",94.0,0,1,0.0
Movie,Super Monsters: Once Upon a Rhyme,2021,TV-Y,Children & Family Movies,25.0,0,2,16.0
Movie,Swordfish,2001,R,Action & Adventure,99.0,0,1,1.0
TV Show,The Adventures of Sonic the Hedgehog,1993,TV-Y7,Kids' TV,0.0,1,3,18.0
Movie,The Four Seasons,1981,PG,"Comedies, Romantic Movies",108.0,0,1,0.0
Movie,The Girl King,2015,TV-MA,"Dramas, International Movies, LGBTQ Movies",106.0,0,2,7.0
Movie,The Interpreter,2005,PG-13,Thrillers,128.0,0,2,14.0
Movie,The Meddler,2015,PG-13,"Comedies, Dramas, Independent Movies",104.0,0,2,9.0
Movie,The Mirror Has Two Faces,1996,PG-13,"Comedies, Dramas, Romantic Movies",127.0,0,1,1.0
Movie,The Outlaw Josey Wales,1976,PG,"Action & Adventure, Classic Movies",136.0,0,1,0.0
TV Show,The Platform,2021,TV-14,"International TV Shows, TV Dramas, TV Mysteries",0.0,3,3,8.0
Movie,The Wedding Guest,2018,R,"Dramas, Romantic Movies, Thrillers",97.0,0,2,10.0
Movie,The Wind,2019,R,Horror Movies,88.0,0,2,11.0
Movie,Then Came You,2019,TV-MA,"Comedies, Dramas, Independent Movies",97.0,0,2,3.0
Movie,Welcome Home,2018,R,Thrillers,97.0,0,2,11.0
TV Show,Dirty John,2020,TV-MA,"Crime TV Shows, TV Dramas, TV Mysteries",0.0,2,3,1.0
Movie,Bo Burnham: Inside,2021,TV-MA,Stand-Up Comedy,88.0,0,2,5.0
Movie,One Lagos Night,2021,TV-14,"Comedies, International Movies",103.0,0,2,4.0
Movie,Collateral Beauty,2016,PG-13,Dramas,97.0,0,2,9.0
Movie,Dog Gone Trouble,2021,TV-Y7,"Children & Family Movies, Comedies",88.0,0,2,16.0
TV Show,The Kominsky Method,2021,TV-MA,"TV Comedies, TV Dramas",0.0,3,3,16.0
TV Show,The Least Expected Day: Inside the Movistar Team 2019,2021,TV-MA,"Docuseries, International TV Shows, Spanish-Language TV Shows",0.0,2,3,14.0
TV Show,Word of Honor,2021,TV-14,"International TV Shows, TV Action & Adventure, TV Dramas",0.0,1,3,10.0
TV Show,Black Space,2021,TV-MA,"Crime TV Shows, International TV Shows, TV Dramas",0.0,1,3,2.0
Movie,Blue Miracle,2021,TV-PG,"Children & Family Movies, Dramas, Faith & Spirituality",97.0,0,2,1.0
TV Show,Eden,2021,TV-PG,"Anime Series, International TV Shows",0.0,1,3,0.0
Movie,Ghost Lab,2021,TV-MA,"Horror Movies, International Movies, Thrillers",118.0,0,2,13.0
TV Show,Ragnarok,2021,TV-MA,"International TV Shows, TV Action & Adventure, TV Dramas",0.0,2,3,2.0
Movie,Soy Rada: Serendipity,2021,TV-MA,Stand-Up Comedy,70.0,0,2,5.0
Movie,The Day I lost My Shadow,2018,TV-MA,"Dramas, Independent Movies, International Movies",91.0,0,2,7.0
Movie,Baggio: The Divine Ponytail,2021,TV-MA,"Dramas, International Movies, Sports Movies",92.0,0,2,7.0
Movie,Gatao - The Last Stray,2021,TV-MA,"Action & Adventure, Dramas, International Movies",120.0,0,2,7.0
TV Show,High on the Hog: How African American Cuisine Transformed America,2021,TV-14,Docuseries,0.0,1,3,6.0
TV Show,JoJo's Bizarre Adventure,2016,TV-MA,"Anime Series, International TV Shows",0.0,3,3,16.0
Movie,Nail Bomber: Manhunt,2021,TV-MA,"Documentaries, International Movies",73.0,0,2,17.0
Movie,A Place in the Stars,2014,TV-14,"Dramas, International Movies, Thrillers",110.0,0,2,15.0
Movie,Home,2015,PG,"Children & Family Movies, Comedies, Sci-Fi & Fantasy",94.0,0,2,2.0
TV Show,Mad for Each Other,2021,TV-MA,"International TV Shows, Romantic TV Shows, TV Comedies",0.0,1,3,15.0
TV Show,Master of None,2021,TV-MA,"TV Comedies, TV Dramas",0.0,3,3,16.0
Movie,Sam Smith: Love Goes - Live at Abbey Road Studios,2020,TV-G,"International Movies, Music & Musicals",61.0,0,2,18.0
Movie,99 Songs,2021,TV-14,"Dramas, International Movies, Music & Musicals",131.0,0,2,15.0
Movie,99 Songs (Tamil),2021,TV-14,"Dramas, International Movies, Music & Musicals",131.0,0,2,15.0
Movie,99 Songs (Telugu),2021,TV-14,"Dramas, International Movies, Music & Musicals",131.0,0,2,15.0
Movie,Army of the Dead,2021,R,"Action & Adventure, Horror Movies",148.0,0,2,11.0
Movie,Creating an Army of the Dead,2021,TV-MA,Documentaries,29.0,0,2,17.0
TV Show,Jurassic World Camp Cretaceous,2021,TV-Y7,"Kids' TV, TV Action & Adventure, TV Sci-Fi & Fantasy",0.0,3,3,13.0
Movie,Strain,2020,TV-MA,"Dramas, International Movies",107.0,0,2,7.0
TV Show,The Neighbor,2021,TV-MA,"International TV Shows, Spanish-Language TV Shows, TV Comedies",0.0,2,3,15.0
Movie,678,2009,TV-14,"Dramas, Independent Movies, International Movies",99.0,0,2,15.0
Movie,Asmaa,2011,TV-14,"Dramas, International Movies",92.0,0,2,15.0
Movie,Hating Peter Tatchell,2020,TV-MA,"Documentaries, International Movies, LGBTQ Movies",91.0,0,2,17.0
Movie,Little Singham Future mein Satakli,2021,TV-Y7,"Children & Family Movies, Comedies",47.0,0,2,16.0
TV Show,Special,2021,TV-MA,TV Comedies,0.0,2,3,15.0
Movie,Spy Kids: All the Time in the World,2011,PG,"Children & Family Movies, Comedies",88.0,0,2,2.0
Movie,Taxi No. 9211,2006,TV-14,"Dramas, International Movies, Thrillers",116.0,0,2,15.0
Movie,Sabotage,2014,R,"Action & Adventure, Dramas",109.0,0,2,10.0
Movie,Small Town Crime,2017,R,Thrillers,92.0,0,2,11.0
Movie,The Last Days,1998,PG-13,Documentaries,87.0,0,1,1.0
TV Show,The Magic School Bus,1997,TV-Y,Kids' TV,0.0,1,3,18.0
TV Show,Who Killed Sara?,2021,TV-MA,"Crime TV Shows, International TV Shows, Spanish-Language TV Shows",0.0,2,3,11.0
Movie,Amy Tan: Unintended Memoir,2021,TV-14,Documentaries,101.0,0,2,12.0
Movie,Sardar Ka Grandson,2021,TV-14,"Comedies, Dramas, International Movies",140.0,0,2,4.0
Movie,Sleight,2016,R,"Dramas, Independent Movies, Sci-Fi & Fantasy",89.0,0,2,10.0
Movie,Ahaan,2021,TV-MA,"Dramas, Independent Movies, International Movies",81.0,0,2,7.0
TV Show,Booba: Food Puzzle,2021,TV-Y,Kids' TV,0.0,1,3,4.0
Movie,Love or Money,2020,TV-MA,"Dramas, International Movies, Romantic Movies",116.0,0,2,7.0
TV Show,Alma Matters,2021,TV-MA,"Docuseries, International TV Shows",0.0,1,3,14.0
Movie,Cinema Bandi,2021,TV-MA,"Comedies, Independent Movies, International Movies",99.0,0,2,6.0
Movie,Ferry,2021,TV-MA,"Dramas, International Movies, Thrillers",107.0,0,2,7.0
TV Show,Halston,2021,TV-MA,TV Dramas,0.0,1,3,2.0
TV Show,Haunted,2021,TV-MA,"Reality TV, TV Horror, TV Thrillers",0.0,3,3,16.0
Movie,I Am All Girls,2021,TV-MA,"Dramas, International Movies, Thrillers",107.0,0,2,7.0
Movie,Jungle Beat: The Movie,2021,TV-Y7,"Children & Family Movies, Comedies",90.0,0,2,16.0
TV Show,"Love, Death & Robots",2021,TV-MA,"TV Action & Adventure, TV Horror, TV Sci-Fi & Fantasy",0.0,2,3,16.0
TV Show,Move to Heaven,2021,TV-MA,"International TV Shows, TV Dramas",0.0,1,3,2.0
Movie,Table Manners,2018,TV-MA,"Comedies, Dramas, International Movies",104.0,0,2,7.0
TV Show,The Mystic River,2020,TV-14,"International TV Shows, TV Horror, TV Sci-Fi & Fantasy",0.0,1,3,9.0
Movie,The Strange House,2020,TV-MA,"Horror Movies, International Movies, Thrillers",100.0,0,2,13.0
Movie,The Upshaws - The Afterparty,2021,TV-14,Comedies,32.0,0,2,12.0
Movie,The Woman in the Window,2021,R,"Dramas, Thrillers",102.0,0,2,10.0
TV Show,Castlevania,2021,TV-MA,"Anime Series, TV Horror, TV Thrillers",0.0,4,0,0.0
Movie,Layer Cake,2004,R,"Independent Movies, International Movies, Thrillers",105.0,0,2,11.0
Movie,Tottaa Pataaka Item Maal,2018,TV-MA,"Dramas, Independent Movies, International Movies",107.0,0,2,7.0
Movie,Wave of Cinema: Filosofi Kopi,2020,TV-14,"Documentaries, International Movies, Music & Musicals",64.0,0,2,12.0
Movie,Dance of the Forty One,2021,TV-MA,"Dramas, Independent Movies, International Movies",99.0,0,2,7.0
Movie,Oxygen,2021,TV-14,"Dramas, International Movies, Thrillers",102.0,0,2,15.0
TV Show,The Upshaws,2021,TV-14,TV Comedies,0.0,1,3,17.0
TV Show,Use For My Talent,2021,TV-14,"International TV Shows, Romantic TV Shows, TV Comedies",0.0,1,3,17.0
Movie,Dear Affy,2020,TV-14,"Comedies, Dramas, International Movies",126.0,0,2,4.0
Movie,Illegal Woman,2020,TV-MA,"Dramas, International Movies",119.0,0,2,7.0
TV Show,"Money, Explained",2021,TV-14,Docuseries,0.0,1,3,6.0
Movie,Deadly Switch,2019,TV-PG,"Independent Movies, Thrillers",86.0,0,2,8.0
TV Show,Mine,2021,TV-14,"International TV Shows, TV Dramas",0.0,1,3,10.0
Movie,Nayattu,2021,TV-MA,"Dramas, International Movies, Thrillers",122.0,0,2,7.0
Movie,Sleepless,2017,R,Action & Adventure,95.0,0,2,11.0
Movie,Super Me,2021,TV-14,"Action & Adventure, Dramas, International Movies",104.0,0,2,15.0
Movie,Have You Ever Seen Fireflies? - Theatre Play,1999,TV-MA,"Dramas, International Movies",118.0,0,1,1.0
Movie,In Our Mothers' Gardens,2020,TV-MA,Documentaries,85.0,0,2,17.0
TV Show,Jupiter's Legacy,2021,TV-MA,"TV Action & Adventure, TV Sci-Fi & Fantasy",0.0,1,3,14.0
Movie,Milestone,2021,TV-14,"Dramas, Independent Movies, International Movies",98.0,0,2,15.0
Movie,Monster,2021,TV-MA,Dramas,99.0,0,2,3.0
TV Show,Sab Jholmaal Hai,2017,TV-Y7,"Kids' TV, TV Comedies",0.0,2,3,13.0
Movie,The Circle - The Afterparty,2021,TV-14,Comedies,35.0,0,2,12.0
Movie,Time to Dance,2020,TV-PG,"Dramas, International Movies, Romantic Movies",107.0,0,2,1.0
Movie,Unrest,2017,TV-MA,Documentaries,97.0,0,2,17.0
Movie,And Tomorrow the Entire World,2020,TV-MA,"Dramas, International Movies, Thrillers",112.0,0,2,7.0
Movie,Dead Man Down,2013,R,Action & Adventure,118.0,0,2,11.0
Movie,Framing John DeLorean,2019,TV-MA,"Documentaries, Dramas",109.0,0,2,17.0
TV Show,Lava Ka Dhaava,2021,TV-PG,Reality TV,0.0,1,3,5.0
TV Show,The Sons of Sam: A Descent into Darkness,2021,TV-MA,"Crime TV Shows, Docuseries",0.0,1,3,14.0
TV Show,Selena: The Series,2020,TV-PG,TV Dramas,0.0,2,3,0.0
TV Show,StartUp,2018,TV-MA,"Crime TV Shows, TV Dramas",0.0,3,3,16.0
Movie,The Clovehitch Killer,2018,TV-MA,"Dramas, Independent Movies, Thrillers",109.0,0,2,3.0
TV Show,Trash Truck,2021,TV-Y,Kids' TV,0.0,2,3,4.0
Movie,Aliens Stole My Body,2020,PG,"Children & Family Movies, Comedies",88.0,0,2,2.0
TV Show,Angelina Ballerina,2010,TV-Y,"British TV Shows, Kids' TV",0.0,2,3,4.0
Movie,Au coeur des gangs,2006,R,"Action & Adventure, Dramas",97.0,0,2,10.0
TV Show,Barney and Friends,2010,TV-Y,Kids' TV,0.0,2,3,4.0
Movie,Best of the Best,1989,PG-13,"Action & Adventure, Sports Movies",97.0,0,1,1.0
Movie,Dead Again in Tombstone,2017,R,"Action & Adventure, Horror Movies",99.0,0,2,11.0
Movie,Due Date,2010,R,"Action & Adventure, Comedies",95.0,0,2,11.0
Movie,Fun with Dick & Jane,2005,PG-13,Comedies,91.0,0,2,14.0
Movie,Green Zone,2010,R,Action & Adventure,115.0,0,2,11.0
Movie,Hachi: A Dog's Tale,2009,G,"Children & Family Movies, Dramas",93.0,0,2,2.0
Movie,JT LeRoy,2018,R,"Dramas, Independent Movies",109.0,0,2,10.0
Movie,Madagascar 3: Europe's Most Wanted,2012,PG,"Children & Family Movies, Comedies",96.0,0,2,2.0
TV Show,Miniforce: Super Dino Power,2020,TV-Y7,Kids' TV,0.0,1,3,13.0
Movie,Motu Patlu in Dragon's World,2017,TV-Y7,"Children & Family Movies, Comedies",78.0,0,2,16.0
Movie,Motu Patlu in the Game of Zones,2019,TV-Y7,"Children & Family Movies, Comedies, Music & Musicals",87.0,0,2,16.0
Movie,Motu Patlu in Wonderland,2013,TV-Y7,"Children & Family Movies, Music & Musicals",76.0,0,2,16.0
Movie,Motu Patlu: Deep Sea Adventure,2014,TV-Y7,"Children & Family Movies, Comedies",76.0,0,2,16.0
Movie,Motu Patlu: Mission Moon,2013,TV-Y7,"Children & Family Movies, Comedies",71.0,0,2,16.0
Movie,Mystic River,2003,R,"Dramas, Thrillers",138.0,0,1,1.0
Movie,Never Back Down,2008,PG-13,"Action & Adventure, Dramas, Sports Movies",113.0,0,2,9.0
Movie,S.M.A.R.T Chase,2018,TV-MA,Action & Adventure,94.0,0,2,13.0
Movie,Sitting in Limbo,2020,TV-MA,"Dramas, International Movies",89.0,0,2,7.0
Movie,Stargate,1994,PG-13,"Action & Adventure, Sci-Fi & Fantasy",121.0,0,1,1.0
Movie,State of Play,2009,PG-13,"Dramas, Thrillers",127.0,0,2,9.0
Movie,Swiped,2018,TV-14,Comedies,94.0,0,2,4.0
Movie,The Darkest Hour,2011,PG-13,"Action & Adventure, Sci-Fi & Fantasy",89.0,0,2,14.0
Movie,The Lovely Bones,2009,PG-13,"Dramas, International Movies, Sci-Fi & Fantasy",136.0,0,2,9.0
Movie,The Sweetest Thing,2002,R,"Comedies, Romantic Movies",89.0,0,1,1.0
Movie,The Whole Nine Yards,2000,R,"Action & Adventure, Comedies",99.0,0,1,1.0
Movie,The Whole Truth,2016,R,"Dramas, Thrillers",93.0,0,2,10.0
Movie,The Yeti Adventures,2018,TV-PG,"Children & Family Movies, Comedies",85.0,0,2,2.0
Movie,Under Siege,1992,R,Action & Adventure,102.0,0,1,1.0
Movie,Zack and Miri Make a Porno,2008,R,"Comedies, Independent Movies, Romantic Movies",101.0,0,2,11.0
TV Show,Pet Stars,2021,TV-PG,Reality TV,0.0,1,3,5.0
Movie,Seven,2019,TV-14,"Dramas, International Movies",113.0,0,2,15.0
Movie,The Disciple,2021,TV-MA,"Dramas, Independent Movies, International Movies",128.0,0,2,7.0
TV Show,The Innocent,2021,TV-MA,"Crime TV Shows, International TV Shows, Spanish-Language TV Shows",0.0,1,3,11.0
Movie,The Mitchells vs. The Machines,2021,PG,"Children & Family Movies, Comedies",114.0,0,2,2.0
Movie,The Strangers: Prey at Night,2018,R,Horror Movies,85.0,0,2,11.0
TV Show,The Unremarkable Juanquini,2021,TV-MA,"International TV Shows, Spanish-Language TV Shows, TV Comedies",0.0,2,3,15.0
Movie,Things Heard & Seen,2021,TV-MA,"Horror Movies, Thrillers",121.0,0,2,13.0
TV Show,Yasuke,2021,TV-MA,"Anime Series, International TV Shows",0.0,1,3,9.0
Movie,Get the Grift,2021,TV-MA,"Comedies, International Movies",95.0,0,2,6.0
TV Show,Headspace Guide to Sleep,2021,TV-G,"Docuseries, Science & Nature TV",0.0,1,3,3.0
TV Show,Sexify,2021,TV-MA,"International TV Shows, TV Comedies, TV Dramas",0.0,1,3,2.0
Movie,August: Osage County,2014,R,Dramas,121.0,0,2,10.0
Movie,Battle: Los Angeles,2011,PG-13,"Action & Adventure, Sci-Fi & Fantasy",116.0,0,2,14.0
Movie,Between Worlds,2018,R,Thrillers,91.0,0,2,11.0
TV Show,Fatma,2021,TV-MA,"International TV Shows, TV Dramas, TV Thrillers",0.0,1,3,2.0
Movie,One,2020,TV-PG,"Dramas, International Movies",149.0,0,2,1.0
Movie,Ram Prasad Ki Tehrvi,2019,TV-14,"Dramas, Independent Movies, International Movies",113.0,0,2,15.0
Movie,Shadow and Bone - The Afterparty,2021,TV-14,"Action & Adventure, Comedies, Dramas",33.0,0,2,12.0
Movie,Among Family,2017,TV-14,"Comedies, International Movies",127.0,0,2,4.0
Movie,Dedemin Fisi,2016,TV-14,"Comedies, International Movies",101.0,0,2,4.0
Movie,Deliha,2014,TV-MA,"Comedies, International Movies, Romantic Movies",102.0,0,2,6.0
Movie,Düğün Dernek,2013,TV-MA,"Comedies, International Movies",102.0,0,2,6.0
Movie,Dügün Dernek 2: Sünnet,2015,TV-MA,"Comedies, International Movies",107.0,0,2,6.0
Movie,G.O.R.A,2004,TV-MA,"Action & Adventure, Comedies, International Movies",123.0,0,2,6.0
Movie,Hayat Öpücügü,2015,TV-14,"Comedies, Dramas, International Movies",98.0,0,2,4.0
Movie,Heroes: Silence and Rock & Roll,2021,TV-MA,"Documentaries, International Movies, Music & Musicals",95.0,0,2,17.0
Movie,Kara Bela,2015,TV-MA,"Comedies, International Movies",101.0,0,2,6.0
Movie,Kocan Kadar Konus,2015,TV-MA,"Comedies, International Movies, Romantic Movies",104.0,0,2,6.0
Movie,Kocan Kadar Konus 2: Dirilis,2016,TV-14,"Comedies, International Movies, Romantic Movies",104.0,0,2,4.0
Movie,Legal Hash,2019,TV-MA,"Comedies, International Movies",103.0,0,2,6.0
TV Show,Let's Fight Ghost,2021,TV-14,"International TV Shows, Romantic TV Shows, TV Comedies",0.0,1,3,17.0
Movie,My Travel Buddy,2017,TV-MA,"Comedies, International Movies",111.0,0,2,6.0
Movie,Niyazi Gül Dörtnala,2015,TV-MA,"Comedies, International Movies",102.0,0,2,6.0
Movie,One Like It,2020,TV-G,"Dramas, Independent Movies, International Movies",15.0,0,2,18.0
Movie,Perfume Imaginary Museum “Time Warp”,2020,TV-G,"International Movies, Music & Musicals",54.0,0,2,18.0
TV Show,Shadow and Bone,2021,TV-14,"TV Action & Adventure, TV Dramas, TV Sci-Fi & Fantasy",0.0,1,3,10.0
Movie,This Lady Called Life,2020,TV-14,"Dramas, International Movies, Romantic Movies",120.0,0,2,15.0
Movie,Vizontele,2001,TV-MA,"Comedies, Dramas, International Movies",106.0,0,1,1.0
Movie,HOMUNCULUS,2021,TV-MA,"Horror Movies, International Movies, Thrillers",116.0,0,2,13.0
TV Show,Life in Color with David Attenborough,2021,TV-PG,"British TV Shows, Docuseries, International TV Shows",0.0,1,3,7.0
Movie,Searching For Sheela,2021,TV-14,"Documentaries, International Movies",58.0,0,2,12.0
Movie,Stowaway,2021,TV-MA,"Dramas, International Movies, Thrillers",116.0,0,2,7.0
Movie,Wild Dog,2020,TV-MA,"Action & Adventure, International Movies",126.0,0,2,13.0
Movie,Oloibiri,2015,TV-14,"Dramas, International Movies, Thrillers",86.0,0,2,15.0
Movie,Tell Me When,2021,TV-MA,"Comedies, International Movies",97.0,0,2,6.0
TV Show,Zero,2021,TV-MA,"International TV Shows, TV Comedies, TV Dramas",0.0,1,3,2.0
TV Show,Izzy's Koala World,2021,TV-Y,Kids' TV,0.0,2,3,4.0
Movie,Keymon and Nani in Space Adventure,2013,TV-Y,"Children & Family Movies, Comedies",76.0,0,2,16.0
Movie,Motu Patlu Dino Invasion,2018,TV-Y7,"Children & Family Movies, Comedies",80.0,0,2,16.0
Movie,Motu Patlu in Octupus World,2017,TV-Y,"Children & Family Movies, Comedies",81.0,0,2,16.0
Movie,Motu Patlu VS Robo Kids,2019,TV-Y,Children & Family Movies,84.0,0,2,16.0
Movie,Rudra: Secret of the Black Moon,2020,TV-Y7,Children & Family Movies,87.0,0,2,16.0
Movie,Rudra: The Rise of King Pharaoh,2019,TV-Y7,Children & Family Movies,91.0,0,2,16.0
Movie,Free to Play,2014,TV-14,Documentaries,76.0,0,2,12.0
TV Show,Luis Miguel - The Series,2021,TV-MA,"International TV Shows, Spanish-Language TV Shows, TV Dramas",0.0,2,3,2.0
Movie,Miss Sloane,2016,R,Thrillers,132.0,0,2,11.0
TV Show,PJ Masks,2019,TV-Y,Kids' TV,0.0,3,3,4.0
Movie,American Me,1992,R,Dramas,126.0,0,1,1.0
Movie,Delhi Belly,2011,TV-MA,"Action & Adventure, Comedies, International Movies",101.0,0,2,6.0
Movie,Dhobi Ghat (Mumbai Diaries),2010,TV-MA,"Dramas, International Movies",102.0,0,2,7.0
Movie,Jaane Tu... Ya Jaane Na,2008,TV-14,"Comedies, International Movies, Music & Musicals",147.0,0,2,4.0
Movie,Lagaan,2001,PG,"Dramas, International Movies, Music & Musicals",224.0,0,1,1.0
Movie,Madness in the Desert,2004,TV-14,"Documentaries, International Movies",141.0,0,2,0.0
Movie,Peepli Live,2010,TV-MA,"Comedies, Dramas, Independent Movies",109.0,0,2,3.0
Movie,Taare Zameen Par,2007,PG,"Dramas, International Movies",162.0,0,2,15.0
Movie,Ajeeb Daastaans,2021,TV-MA,"Dramas, Independent Movies, International Movies",142.0,0,2,7.0
Movie,Arlo the Alligator Boy,2021,TV-Y7,"Children & Family Movies, Comedies, Music & Musicals",93.0,0,2,16.0
TV Show,Bakugan: Geogan Rising,2021,TV-Y7,"Anime Series, Kids' TV",0.0,1,3,13.0
Movie,Barbie & Chelsea: The Lost Birthday,2021,TV-Y,Children & Family Movies,60.0,0,2,16.0
Movie,Crimson Peak,2015,R,"Horror Movies, Romantic Movies, Sci-Fi & Fantasy",119.0,0,2,11.0
Movie,Dad Stop Embarrassing Me - The Afterparty,2021,TV-14,Comedies,37.0,0,2,12.0
Movie,Doctor Bello,2013,TV-MA,"Dramas, International Movies",96.0,0,2,7.0
Movie,Four Sisters Before the Wedding,2020,TV-MA,"Children & Family Movies, Comedies, Dramas",116.0,0,2,3.0
Movie,Into the Beat,2020,TV-14,"Dramas, International Movies, Romantic Movies",102.0,0,2,15.0
TV Show,Love Naggers,2021,TV-14,"International TV Shows, Stand-Up Comedy & Talk Shows",0.0,1,3,9.0
Movie,Rush,2013,R,"Action & Adventure, Dramas, International Movies",123.0,0,2,10.0
Movie,Synchronic,2020,R,Thrillers,102.0,0,2,11.0
Movie,The Zookeeper's Wife,2017,PG-13,Dramas,127.0,0,2,9.0
Movie,Time Trap,2017,TV-14,"Action & Adventure, Sci-Fi & Fantasy",88.0,0,2,0.0
Movie,Tuesdays & Fridays,2021,TV-14,"Comedies, Dramas, International Movies",106.0,0,2,4.0
TV Show,Dancing Angels,2016,TV-PG,"International TV Shows, Romantic TV Shows, TV Comedies",0.0,1,3,0.0
Movie,Dark City Beneath the Beat,2020,TV-MA,"Documentaries, Music & Musicals",65.0,0,2,17.0
TV Show,Durarara!!,2016,TV-MA,"Anime Series, Crime TV Shows, International TV Shows",0.0,1,3,11.0
Movie,GANTZ:O,2016,TV-MA,"Action & Adventure, Anime Features, Horror Movies",96.0,0,2,13.0
TV Show,Garth Brooks: The Road I’m On,2019,TV-PG,Docuseries,0.0,1,3,7.0
TV Show,Gilmore Girls,2006,TV-14,"Romantic TV Shows, TV Comedies, TV Dramas",0.0,7,0,1.0
TV Show,High-Rise Invasion,2021,TV-MA,"Anime Series, International TV Shows, TV Thrillers",0.0,1,3,9.0
TV Show,Next in Fashion,2020,TV-14,Reality TV,0.0,1,3,5.0
Movie,Only Mine,2019,TV-14,Thrillers,88.0,0,2,0.0
TV Show,Peasants Rebellion,2018,TV-14,"International TV Shows, TV Dramas",0.0,1,3,10.0
TV Show,Power Players,2020,TV-Y,Kids' TV,0.0,3,3,4.0
TV Show,Ricky Zoom,2019,TV-Y,"British TV Shows, Kids' TV",0.0,1,3,4.0
Movie,Ride or Die,2021,TV-MA,"Dramas, International Movies, LGBTQ Movies",143.0,0,2,7.0
TV Show,Sonic X,2003,TV-Y7,"Anime Series, Kids' TV",0.0,2,3,18.0
Movie,The Master,2012,R,"Dramas, Independent Movies",137.0,0,2,10.0
Movie,Time Is Illmatic,2014,TV-MA,"Documentaries, Music & Musicals",75.0,0,2,17.0
Movie,Wave of Cinema: One Day We'll Talk About Today,2020,TV-14,"Documentaries, International Movies, Music & Musicals",71.0,0,2,12.0
Movie,Zoot Suit,1981,R,"Cult Movies, Dramas, Music & Musicals",103.0,0,1,0.0
TV Show,Ajaibnya Cinta,2015,TV-PG,"International TV Shows, TV Dramas",0.0,1,3,0.0
TV Show,Dad Stop Embarrassing Me!,2021,TV-14,TV Comedies,0.0,1,3,17.0
TV Show,Fate: The Winx Saga,2021,TV-MA,"British TV Shows, International TV Shows, TV Dramas",0.0,1,3,2.0
TV Show,House of Cards,2018,TV-MA,"TV Dramas, TV Thrillers",0.0,6,0,0.0
TV Show,Indian Matchmaking,2020,TV-14,"Reality TV, Romantic TV Shows",0.0,1,3,5.0
TV Show,Jeffrey Epstein: Filthy Rich,2020,TV-MA,"Crime TV Shows, Docuseries",0.0,1,3,14.0
TV Show,Law School,2021,TV-14,"Crime TV Shows, International TV Shows, TV Dramas",0.0,1,3,10.0
TV Show,Living with Yourself,2019,TV-MA,"TV Comedies, TV Dramas",0.0,1,3,15.0
TV Show,Signal,2016,TV-MA,"Crime TV Shows, International TV Shows, Korean TV Shows",0.0,1,3,11.0
TV Show,Slasher,2019,TV-MA,"TV Horror, TV Mysteries, TV Thrillers",0.0,3,3,16.0
Movie,The Soul,2021,TV-MA,"Dramas, International Movies, Thrillers",130.0,0,2,7.0
TV Show,The Underclass,2020,TV-MA,"International TV Shows, TV Dramas, Teen TV Shows",0.0,1,3,2.0
TV Show,Unnatural Selection,2019,TV-MA,"Docuseries, Science & Nature TV",0.0,1,3,14.0
Movie,Uppena,2020,TV-14,"Dramas, International Movies, Romantic Movies",145.0,0,2,15.0
Movie,Why Did You Kill Me?,2021,TV-MA,Documentaries,84.0,0,2,17.0
Movie,Motu Patlu in Hong Kong: Kung Fu Kings 3,2017,TV-Y7,"Children & Family Movies, Music & Musicals",84.0,0,2,16.0
Movie,Motu Patlu in the City of Gold,2018,TV-Y7,"Children & Family Movies, Comedies, Music & Musicals",77.0,0,2,16.0
Movie,Motu Patlu Kung Fu Kings 4 The Challenge of Kung Fu Brothers,2018,TV-Y7,"Children & Family Movies, Music & Musicals",86.0,0,2,16.0
Movie,Motu Patlu the Superheroes – Super Villains from Mars,2019,TV-Y7,Children & Family Movies,79.0,0,2,16.0
TV Show,My Love: Six Stories of True Love,2021,TV-PG,Docuseries,0.0,1,3,7.0
Movie,Shiva VS Autobots,2018,TV-Y7,Children & Family Movies,80.0,0,2,16.0
Movie,Shiva: Journey to Plunotaria,2019,TV-Y7,Children & Family Movies,81.0,0,2,16.0
Movie,Shiva: The Secret World Of Vedas City,2017,TV-Y,Children & Family Movies,78.0,0,2,16.0
TV Show,The Baker and the Beauty,2020,TV-PG,"Romantic TV Shows, TV Comedies, TV Dramas",0.0,1,3,0.0
Movie,New Gods: Nezha Reborn,2021,TV-14,"Action & Adventure, Anime Features, International Movies",118.0,0,2,0.0
TV Show,"Nicky, Ricky, Dicky & Dawn",2018,TV-G,"Kids' TV, TV Comedies",0.0,4,0,0.0
TV Show,Don't be the First one,2021,TV-14,"International TV Shows, Reality TV",0.0,1,3,5.0
Movie,The Stand-In,2020,R,Comedies,102.0,0,2,11.0
TV Show,Heaven Official's Blessing,2020,TV-14,"Anime Series, International TV Shows, Romantic TV Shows",0.0,1,3,9.0
Movie,Night in Paradise,2021,TV-MA,"Dramas, International Movies",132.0,0,2,7.0
Movie,Ojukokoro: Greed,2016,TV-MA,"Dramas, International Movies, Thrillers",108.0,0,2,7.0
Movie,Roohi,2021,TV-14,"Comedies, Horror Movies, International Movies",133.0,0,2,4.0
Movie,Thunder Force,2021,PG-13,"Action & Adventure, Comedies",107.0,0,2,14.0
Movie,Two Distant Strangers,2021,TV-MA,Dramas,32.0,0,2,3.0
Movie,Story of Kale: When Someone's in Love,2020,TV-PG,"Dramas, International Movies, Romantic Movies",78.0,0,2,1.0
TV Show,The Way of the Househusband,2021,TV-MA,"Anime Series, International TV Shows",0.0,1,3,9.0
Movie,Dolly Parton: A MusiCares Tribute,2021,TV-PG,"Documentaries, Music & Musicals",55.0,0,2,8.0
TV Show,The Big Day,2021,TV-14,"International TV Shows, Reality TV, Romantic TV Shows",0.0,2,3,5.0
TV Show,The Wedding Coach,2021,TV-MA,"Reality TV, Romantic TV Shows",0.0,1,3,5.0
TV Show,This Is a Robbery: The World's Biggest Art Heist,2021,TV-MA,"Crime TV Shows, Docuseries, TV Mysteries",0.0,1,3,14.0
Movie,The Last Kids on Earth: Happy Apocalypse to You,2021,TV-Y7,"Children & Family Movies, Comedies",92.0,0,2,16.0
Movie,Coded Bias,2020,TV-MA,Documentaries,86.0,0,2,17.0
Movie,Mandela,2021,TV-14,"Comedies, Dramas, International Movies",140.0,0,2,4.0
Movie,The Fisherman's Diary,2020,TV-MA,"Dramas, International Movies",143.0,0,2,7.0
Movie,What Lies Below,2020,TV-MA,"Horror Movies, Thrillers",88.0,0,2,13.0
Movie,Escape from Planet Earth,2013,PG,"Children & Family Movies, Comedies, Sci-Fi & Fantasy",89.0,0,2,2.0
Movie,Accepted,2006,PG-13,Comedies,93.0,0,2,14.0
Movie,Air Strike,2018,R,"Action & Adventure, Dramas, International Movies",97.0,0,2,10.0
Movie,An American Girl: McKenna Shoots for the Stars,2012,TV-Y,"Children & Family Movies, Comedies, Dramas",94.0,0,2,2.0
Movie,Concrete Cowboy,2021,R,"Dramas, Independent Movies",112.0,0,2,10.0
Movie,Cross: Rise of the Villains,2019,R,Action & Adventure,100.0,0,2,11.0
Movie,God Calling,2018,TV-MA,"Dramas, Faith & Spirituality, International Movies",120.0,0,2,7.0
Movie,Irul,2021,TV-MA,"International Movies, Thrillers",91.0,0,2,13.0
Movie,Just Say Yes,2021,TV-MA,"Comedies, International Movies, Romantic Movies",98.0,0,2,6.0
Movie,Madame Claude,2021,TV-MA,"Dramas, International Movies",113.0,0,2,7.0
Movie,Wild Child,2008,PG-13,"Comedies, Romantic Movies",98.0,0,2,14.0
Movie,Woody Woodpecker,2017,PG,"Children & Family Movies, Comedies",91.0,0,2,2.0
Movie,2012,2009,PG-13,"Action & Adventure, Sci-Fi & Fantasy",158.0,0,2,14.0
Movie,3 Idiots,2009,PG-13,"Comedies, Dramas, International Movies",164.0,0,2,9.0
Movie,Ferrari Ki Sawaari,2012,TV-PG,"Comedies, International Movies, Sports Movies",133.0,0,2,1.0
TV Show,Glimpses of a Future,2020,TV-PG,"Docuseries, International TV Shows",0.0,1,3,7.0
Movie,Ibrahim a Fate to Define,2019,TV-PG,"Documentaries, International Movies",75.0,0,2,8.0
Movie,Insidious,2010,PG-13,"Horror Movies, Thrillers",103.0,0,2,14.0
Movie,Into the Grizzly Maze,2015,R,"Action & Adventure, Horror Movies",90.0,0,2,11.0
Movie,Kingsglaive: Final Fantasy XV,2016,PG-13,"Action & Adventure, Sci-Fi & Fantasy",116.0,0,2,14.0
Movie,Legally Blonde,2001,PG-13,"Comedies, Romantic Movies",96.0,0,1,1.0
Movie,Madam Chief Minister,2020,TV-14,"Dramas, International Movies",121.0,0,2,15.0
TV Show,Magical Andes,2021,TV-G,"Docuseries, International TV Shows, Science & Nature TV",0.0,2,3,3.0
Movie,Maximum Risk,1996,R,Action & Adventure,101.0,0,1,1.0
TV Show,Murder Maps,2017,TV-MA,"British TV Shows, Crime TV Shows, Docuseries",0.0,2,3,14.0
Movie,My Fair Lady,1964,G,"Classic Movies, Music & Musicals",173.0,0,1,0.0
TV Show,Prank Encounters,2021,TV-MA,"Reality TV, TV Comedies, TV Horror",0.0,2,3,15.0
Movie,S.W.A.T.: Under Siege,2017,R,"Action & Adventure, International Movies",89.0,0,2,11.0
TV Show,Secrets of Great British Castles,2016,TV-PG,"British TV Shows, Docuseries, International TV Shows",0.0,2,3,7.0
Movie,Seven Souls in the Skull Castle: Season Bird,2017,TV-14,"Action & Adventure, Dramas, International Movies",182.0,0,2,15.0
Movie,Seven Souls in the Skull Castle: Season Flower,2017,TV-14,"Action & Adventure, Dramas, International Movies",181.0,0,2,15.0
Movie,Seven Souls in the Skull Castle: Season Wind,2017,TV-14,"Action & Adventure, Dramas, International Movies",185.0,0,2,15.0
Movie,Sniper: Ghost Shooter,2016,R,Action & Adventure,99.0,0,2,11.0
Movie,Starship Troopers: Traitor of Mars,2017,R,"Action & Adventure, Sci-Fi & Fantasy",88.0,0,2,11.0
Movie,Takers,2010,PG-13,Action & Adventure,107.0,0,2,14.0
Movie,Tersanjung the Movie,2021,TV-14,"Dramas, International Movies, Romantic Movies",114.0,0,2,15.0
Movie,The Knight and the Princess,2019,TV-PG,"Action & Adventure, International Movies, Music & Musicals",96.0,0,2,1.0
Movie,The Pianist,2002,R,"Dramas, Independent Movies, International Movies",149.0,0,1,1.0
Movie,The Stepfather,2009,PG-13,"Horror Movies, Thrillers",102.0,0,2,14.0
Movie,Universal Soldier: The Return,1999,R,Action & Adventure,83.0,0,1,1.0
Movie,Wazir,2016,TV-14,"Dramas, International Movies, Thrillers",98.0,0,2,15.0
Movie,White Boy,2017,TV-MA,Documentaries,83.0,0,2,17.0
TV Show,Worn Stories,2021,TV-MA,"Docuseries, Reality TV",0.0,1,3,14.0
Movie,Yes Man,2008,PG-13,"Comedies, Romantic Movies",104.0,0,2,14.0
Movie,At Eternity's Gate,2018,PG-13,Dramas,111.0,0,2,9.0
TV Show,Haunted: Latin America,2021,TV-14,"International TV Shows, Reality TV, Spanish-Language TV Shows",0.0,1,3,5.0
Movie,Not a Game,2020,TV-MA,"Documentaries, International Movies, Sports Movies",98.0,0,2,17.0
TV Show,Robocar Poli,2015,TV-Y,"Kids' TV, Korean TV Shows",0.0,2,3,4.0
TV Show,Yu-Gi-Oh!,2005,TV-Y7,"Anime Series, Kids' TV",0.0,1,3,18.0
Movie,7 Yards: The Chris Norton Story,2021,TV-PG,Documentaries,93.0,0,2,8.0
Movie,Octonauts & the Ring of Fire,2021,TV-Y,Children & Family Movies,73.0,0,2,16.0
TV Show,Rainbow High,2020,TV-Y,Kids' TV,0.0,1,3,4.0
Movie,Mandela: Long Walk to Freedom,2013,PG-13,"Dramas, International Movies",141.0,0,2,9.0
Movie,Lawless,2012,R,Dramas,116.0,0,2,10.0
Movie,Marked,2021,TV-PG,"Documentaries, International Movies",21.0,0,2,8.0
Movie,A Week Away,2021,TV-PG,"Children & Family Movies, Faith & Spirituality, Music & Musicals",98.0,0,2,2.0
Movie,Bad Trip,2021,TV-MA,Comedies,87.0,0,2,6.0
TV Show,Big Time Rush,2013,TV-G,Kids' TV,0.0,4,0,0.0
Movie,Black Is Beltza,2018,TV-MA,"Dramas, International Movies",87.0,0,2,7.0
Movie,Croupier,1998,TV-MA,"Dramas, Independent Movies, Thrillers",95.0,0,1,1.0
Movie,Elizabeth and Margaret: Love and Loyalty,2020,TV-PG,Documentaries,87.0,0,2,8.0
Movie,Keeping the Bees,2020,TV-14,"Dramas, International Movies",93.0,0,2,15.0
TV Show,Magic for Humans Spain,2021,TV-MA,"International TV Shows, Reality TV, Spanish-Language TV Shows",0.0,1,3,11.0
Movie,Ni de coña,2020,TV-MA,"Comedies, International Movies",97.0,0,2,6.0
Movie,Pagglait,2021,TV-PG,"Comedies, Dramas, International Movies",114.0,0,2,1.0
TV Show,The Irregulars,2021,TV-14,"British TV Shows, Crime TV Shows, International TV Shows",0.0,1,3,6.0
Movie,Caught by a Wave,2021,TV-14,"Dramas, International Movies, Romantic Movies",100.0,0,2,15.0
TV Show,DOTA: Dragon's Blood,2021,TV-MA,Anime Series,0.0,1,3,9.0
TV Show,Pui Pui Molcar,2021,TV-Y7,Kids' TV,0.0,1,3,13.0
Movie,Secret Magic Control Agency,2021,TV-Y7,"Children & Family Movies, Comedies",105.0,0,2,2.0
Movie,Seaspiracy,2021,TV-14,Documentaries,90.0,0,2,12.0
Movie,Loyiso Gola: Unlearning,2021,TV-MA,Stand-Up Comedy,60.0,0,2,5.0
TV Show,Men on a Mission,2021,TV-14,"International TV Shows, Korean TV Shows, Stand-Up Comedy & Talk Shows",0.0,6,0,0.0
TV Show,Navillera,2021,TV-14,"International TV Shows, TV Dramas",0.0,1,3,10.0
Movie,Philomena,2013,PG-13,"Dramas, Independent Movies, International Movies",98.0,0,2,9.0
Movie,Any Crybabies Around?,2020,TV-MA,"Dramas, International Movies",108.0,0,2,7.0
Movie,Hospital,2020,TV-MA,"Horror Movies, International Movies",90.0,0,2,13.0
Movie,Jiu Jitsu,2020,R,Action & Adventure,102.0,0,2,11.0
TV Show,Mighty Morphin Power Rangers,2010,TV-Y7,Kids' TV,0.0,4,0,0.0
TV Show,Alien TV,2021,TV-Y7,"Kids' TV, TV Comedies",0.0,2,3,13.0
TV Show,Country Comfort,2021,TV-PG,TV Comedies,0.0,1,3,0.0
TV Show,Formula 1: Drive to Survive,2021,TV-MA,Docuseries,0.0,3,3,16.0
Movie,Reframe THEATER EXPERIENCE with you,2020,TV-G,"International Movies, Music & Musicals",84.0,0,2,18.0
Movie,The Yin Yang Master,2021,TV-14,"Action & Adventure, International Movies",120.0,0,2,0.0
Movie,Who's the Boss,2020,TV-MA,"Comedies, International Movies, Romantic Movies",106.0,0,2,6.0
TV Show,B: The Beginning,2021,TV-MA,"Anime Series, Crime TV Shows, International TV Shows",0.0,2,3,11.0
Movie,Deadly Illusions,2021,R,Thrillers,115.0,0,2,11.0
Movie,Get the Goat,2021,TV-14,"Action & Adventure, Comedies, International Movies",98.0,0,2,4.0
Movie,Nate Bargatze: The Greatest Average American,2021,TV-G,Stand-Up Comedy,60.0,0,2,5.0
Movie,Skylines,2020,R,Action & Adventure,113.0,0,2,11.0
Movie,The Fluffy Movie,2014,PG-13,Stand-Up Comedy,101.0,0,2,14.0
Movie,The Present,2020,TV-MA,"Dramas, International Movies",24.0,0,2,7.0
Movie,Wave of Cinema: 90's Generation,2020,TV-PG,"Documentaries, International Movies, Music & Musicals",51.0,0,2,8.0
Movie,Catch.er,2017,TV-14,"Dramas, International Movies, Thrillers",80.0,0,2,15.0
Movie,Operation Varsity Blues: The College Admissions Scandal,2021,R,Documentaries,100.0,0,2,18.0
TV Show,Under Suspicion: Uncovering the Wesphael Case,2021,TV-14,"Crime TV Shows, Docuseries, International TV Shows",0.0,1,3,6.0
Movie,Get on Up,2014,PG-13,"Dramas, Music & Musicals",139.0,0,2,9.0
Movie,RebellComedy: Straight Outta the Zoo,2021,TV-MA,Stand-Up Comedy,74.0,0,2,5.0
Movie,Savages,2012,R,"Dramas, Thrillers",131.0,0,2,10.0
TV Show,Waffles + Mochi,2021,TV-Y,Kids' TV,0.0,1,3,4.0
TV Show,Abla Fahita: Drama Queen,2021,TV-14,"Crime TV Shows, International TV Shows, TV Comedies",0.0,1,3,17.0
Movie,C/O Kaadhal,2021,TV-14,"Dramas, International Movies, Romantic Movies",131.0,0,2,15.0
Movie,The BFG,2016,PG,"Children & Family Movies, Dramas",118.0,0,2,2.0
Movie,The Last Blockbuster,2020,TV-14,Documentaries,87.0,0,2,12.0
TV Show,The Lost Pirate Kingdom,2021,TV-MA,"Docuseries, Science & Nature TV, TV Action & Adventure",0.0,1,3,14.0
TV Show,Zero Chill,2021,TV-G,"British TV Shows, Kids' TV, TV Dramas",0.0,1,3,13.0
Movie,Audrey,2020,TV-14,Documentaries,101.0,0,2,12.0
Movie,Çarsi Pazar,2015,TV-MA,"Comedies, International Movies",97.0,0,2,6.0
Movie,Just In Time,2020,TV-G,"Comedies, Dramas, International Movies",92.0,0,2,4.0
TV Show,Love Alarm,2021,TV-MA,"International TV Shows, Korean TV Shows, Romantic TV Shows",0.0,2,3,12.0
Movie,Mucize,2015,TV-14,"Dramas, International Movies",136.0,0,2,15.0
Movie,Paper Lives,2021,TV-MA,"Dramas, International Movies",97.0,0,2,7.0
TV Show,Paradise PD,2021,TV-MA,TV Comedies,0.0,3,3,16.0
Movie,Quiet,2020,TV-MA,"Dramas, International Movies, Music & Musicals",103.0,0,2,7.0
Movie,Romantik Komedi,2010,TV-MA,"Comedies, International Movies, Romantic Movies",110.0,0,2,6.0
Movie,Romantik Komedi 2: Bekarlığa Veda,2013,TV-MA,"Comedies, International Movies, Romantic Movies",105.0,0,2,6.0
TV Show,The One,2021,TV-MA,"British TV Shows, Crime TV Shows, International TV Shows",0.0,1,3,11.0
Movie,YES DAY,2021,PG,"Children & Family Movies, Comedies",90.0,0,2,2.0
Movie,You're Everything To Me,2016,TV-PG,"Comedies, Dramas, Independent Movies",107.0,0,2,1.0
Movie,Coven of Sisters,2021,TV-MA,"Dramas, Independent Movies, International Movies",92.0,0,2,7.0
Movie,Generasi 90an: Melankolia,2020,TV-14,"Dramas, International Movies",94.0,0,2,15.0
Movie,The Block Island Sound,2020,TV-MA,"Horror Movies, Independent Movies",99.0,0,2,13.0
TV Show,Dealer,2021,TV-MA,"Crime TV Shows, International TV Shows, TV Action & Adventure",0.0,1,3,11.0
TV Show,Last Chance U: Basketball,2021,TV-MA,Docuseries,0.0,1,3,14.0
TV Show,Marriage or Mortgage,2021,TV-G,"Reality TV, Romantic TV Shows",0.0,1,3,5.0
TV Show,The Houseboat,2021,TV-14,"Docuseries, International TV Shows",0.0,1,3,6.0
TV Show,Bombay Begums,2021,TV-MA,"International TV Shows, TV Dramas",0.0,1,3,2.0
Movie,Bombay Rose,2021,PG-13,"Dramas, Independent Movies, International Movies",97.0,0,2,9.0
TV Show,My Way,2015,TV-14,"International TV Shows, TV Dramas",0.0,1,3,10.0
Movie,Aelay,2021,TV-14,"Comedies, Dramas, Independent Movies",151.0,0,2,4.0
TV Show,City of Ghosts,2021,TV-Y7,Kids' TV,0.0,1,3,13.0
Movie,Dogwashers,2021,TV-MA,"Comedies, Dramas, International Movies",108.0,0,2,7.0
Movie,Fate of Alakada,2020,TV-14,"Comedies, International Movies",113.0,0,2,4.0
TV Show,Nevenka: Breaking the Silence,2021,TV-MA,"Docuseries, International TV Shows, Spanish-Language TV Shows",0.0,1,3,14.0
TV Show,Pokémon Journeys: The Series,2021,TV-Y7,"Anime Series, Kids' TV, TV Action & Adventure",0.0,4,0,0.0
Movie,Sentinelle,2021,TV-MA,"Action & Adventure, Dramas, International Movies",81.0,0,2,7.0
Movie,Mariposa,2020,TV-14,"Comedies, International Movies, Romantic Movies",116.0,0,2,4.0
TV Show,Pacific Rim: The Black,2021,TV-14,Anime Series,0.0,1,3,9.0
Movie,Parker,2013,R,Action & Adventure,119.0,0,2,11.0
Movie,Safe Haven,2013,PG-13,"Dramas, Romantic Movies",116.0,0,2,9.0
Movie,Moxie,2021,PG-13,"Comedies, Dramas, Music & Musicals",112.0,0,2,9.0
TV Show,Murder Among the Mormons,2021,TV-14,"Crime TV Shows, Docuseries",0.0,1,3,6.0
Movie,Black or White,2014,PG-13,Dramas,121.0,0,2,9.0
Movie,Indoo Ki Jawani,2020,TV-14,"Action & Adventure, Comedies, International Movies",115.0,0,2,4.0
TV Show,Word Party,2021,TV-Y,Kids' TV,0.0,5,0,0.0
TV Show,A Perfect Day For Arsenide,2019,TV-MA,"Classic & Cult TV, Crime TV Shows, International TV Shows",0.0,1,3,11.0
Movie,Banyuki,2009,TV-PG,"Action & Adventure, Dramas, International Movies",182.0,0,2,1.0
Movie,Biggie: I Got a Story to Tell,2021,R,"Documentaries, Music & Musicals",98.0,0,2,18.0
Movie,Blanche Gardin: The All-Nighter,2021,TV-MA,Stand-Up Comedy,96.0,0,2,5.0
Movie,Connected,2021,TV-G,"Documentaries, International Movies, Music & Musicals",42.0,0,2,18.0
Movie,Dances with Wolves,1990,PG-13,"Action & Adventure, Classic Movies, Dramas",181.0,0,1,1.0
Movie,How to Be Really Bad,2018,TV-14,"Comedies, International Movies",100.0,0,2,4.0
Movie,LEGO Marvel Spider-Man: Vexed by Venom,2019,TV-Y,"Children & Family Movies, Comedies",22.0,0,2,16.0
Movie,Rain Man,1988,R,"Classic Movies, Dramas",134.0,0,1,1.0
Movie,Seven Souls in the Skull Castle 2011,2011,TV-14,"Action & Adventure, Dramas, International Movies",177.0,0,2,15.0
Movie,Tenacious D in The Pick of Destiny,2006,R,"Comedies, Cult Movies, Music & Musicals",94.0,0,2,11.0
TV Show,TIGER & BUNNY,2011,TV-14,"Anime Series, International TV Shows",0.0,1,3,9.0
Movie,Bigfoot Family,2021,TV-Y7,"Children & Family Movies, Comedies",88.0,0,2,16.0
Movie,Captain Fantastic,2016,R,"Comedies, Dramas, Independent Movies",119.0,0,2,10.0
Movie,Crazy About Her,2021,TV-MA,"Comedies, International Movies, Romantic Movies",107.0,0,2,6.0
Movie,Fuga,2006,TV-MA,"Dramas, Independent Movies, International Movies",112.0,0,2,7.0
Movie,Ginny & Georgia - The Afterparty,2021,TV-MA,"Comedies, Dramas",35.0,0,2,3.0
Movie,No Escape,2015,R,Action & Adventure,103.0,0,2,11.0
Movie,Our Idiot Brother,2011,R,"Comedies, Dramas, Independent Movies",90.0,0,2,10.0
Movie,The Girl on the Train,2021,TV-MA,"International Movies, Thrillers",120.0,0,2,13.0
Movie,Tony Manero,2008,TV-MA,"Dramas, Independent Movies, International Movies",97.0,0,2,7.0
Movie,Who Am I,2014,TV-MA,"International Movies, Thrillers",102.0,0,2,13.0
TV Show,El final del paraíso,2019,TV-MA,"Crime TV Shows, International TV Shows, Spanish-Language TV Shows",0.0,1,3,11.0
Movie,Geez & Ann,2021,TV-PG,"Dramas, International Movies, Romantic Movies",106.0,0,2,1.0
TV Show,Sin senos sí hay paraíso,2018,TV-MA,"International TV Shows, Spanish-Language TV Shows, TV Dramas",0.0,3,3,16.0
TV Show,The Last Bastion,2018,TV-MA,"International TV Shows, Spanish-Language TV Shows, TV Dramas",0.0,1,3,2.0
TV Show,Age of Samurai: Battle for Japan,2021,TV-MA,"Docuseries, International TV Shows",0.0,1,3,14.0
Movie,"Blue, Painful, Fragile",2020,TV-14,"International Movies, Thrillers",119.0,0,2,0.0
TV Show,Canine Intervention,2021,TV-PG,Reality TV,0.0,1,3,5.0
TV Show,Ginny & Georgia,2021,TV-14,"Romantic TV Shows, TV Comedies, TV Dramas",0.0,1,3,17.0
Movie,M8 - When Death Rescues Life,2019,TV-MA,"Dramas, International Movies",84.0,0,2,7.0
TV Show,Two Sentence Horror Stories,2021,TV-14,"TV Horror, Teen TV Shows",0.0,2,3,8.0
Movie,Brian Regan: On the Rocks,2021,TV-G,Stand-Up Comedy,58.0,0,2,5.0
Movie,Made You Look: A True Story About Fake Art,2020,TV-14,"Documentaries, International Movies",90.0,0,2,12.0
Movie,Pelé,2021,TV-14,"Documentaries, International Movies, Sports Movies",109.0,0,2,12.0
Movie,Red,2021,TV-14,"Dramas, International Movies",143.0,0,2,15.0
TV Show,Zindagi in Short,2020,TV-MA,"International TV Shows, TV Dramas",0.0,1,3,2.0
Movie,The Conjuring,2013,R,"Horror Movies, Thrillers",112.0,0,2,11.0
Movie,The Conjuring 2,2016,R,Horror Movies,134.0,0,2,11.0
TV Show,Vincenzo,2021,TV-14,"International TV Shows, TV Comedies, TV Dramas",0.0,1,3,17.0
Movie,Classmates Minus,2020,TV-MA,"Comedies, Dramas, Independent Movies",123.0,0,2,3.0
Movie,Fate: The Winx Saga - The Afterparty,2021,TV-14,"Comedies, Dramas",36.0,0,2,12.0
Movie,Operation Finale,2018,PG-13,"Dramas, Thrillers",123.0,0,2,9.0
Movie,Wave of Cinema: Surat dari Timur,2020,TV-G,"Documentaries, International Movies, Music & Musicals",58.0,0,2,18.0
Movie,I Care a Lot,2021,R,"Comedies, LGBTQ Movies, Thrillers",118.0,0,2,11.0
Movie,Love,2020,TV-14,"Dramas, Independent Movies, International Movies",91.0,0,2,15.0
Movie,Perú: Tesoro escondido,2017,TV-PG,"Documentaries, International Movies",76.0,0,2,8.0
TV Show,Pitta Kathalu,2021,TV-MA,"International TV Shows, TV Dramas",0.0,1,3,2.0
TV Show,Tribes of Europa,2021,TV-MA,"International TV Shows, TV Action & Adventure, TV Dramas",0.0,1,3,2.0
Movie,Eeb Allay Ooo!,2019,TV-MA,"Comedies, Dramas, Independent Movies",97.0,0,2,3.0
TV Show,"Hello, Me!",2021,TV-14,"International TV Shows, Romantic TV Shows, TV Comedies",0.0,1,3,17.0
Movie,No Escape Room,2018,TV-14,Horror Movies,85.0,0,2,0.0
TV Show,Sisyphus,2021,TV-14,"International TV Shows, TV Action & Adventure, TV Dramas",0.0,1,3,10.0
TV Show,Thus Spoke Kishibe Rohan,2021,TV-MA,"Anime Series, International TV Shows",0.0,1,3,9.0
TV Show,Amend: The Fight for America,2021,TV-MA,Docuseries,0.0,1,3,14.0
TV Show,Behind Her Eyes,2021,TV-MA,"British TV Shows, International TV Shows, TV Dramas",0.0,1,3,2.0
TV Show,MeatEater,2021,TV-14,"Docuseries, Reality TV, Science & Nature TV",0.0,4,0,0.0
Movie,The Most Unknown,2018,TV-PG,Documentaries,92.0,0,2,8.0
Movie,Animals on the Loose: A You vs. Wild Movie,2021,TV-PG,Children & Family Movies,139.0,0,2,1.0
Movie,Awara Paagal Deewana,2002,TV-14,"Action & Adventure, Comedies, Dramas",162.0,0,1,1.0
TV Show,Good Girls,2020,TV-MA,"Crime TV Shows, TV Comedies, TV Dramas",0.0,3,3,16.0
Movie,The Resurrection of Gavin Stone,2017,PG,"Children & Family Movies, Comedies, Dramas",92.0,0,2,2.0
TV Show,Booba,2021,TV-Y7,"Kids' TV, TV Comedies",0.0,4,0,0.0
Movie,"My Teacher, My Obsession",2018,TV-14,Thrillers,86.0,0,2,0.0
TV Show,The Crew,2021,TV-14,TV Comedies,0.0,1,3,17.0
Movie,Namaste Wahala,2021,TV-14,"Comedies, Dramas, International Movies",107.0,0,2,4.0
Movie,Monsoon,2020,TV-MA,"Dramas, Independent Movies, LGBTQ Movies",85.0,0,2,3.0
TV Show,Buried by the Bernards,2021,TV-14,Reality TV,0.0,1,3,5.0
TV Show,Chappelle's Show,2005,TV-MA,TV Comedies,0.0,2,3,18.0
Movie,Hate by Dani Rovira,2021,TV-MA,Stand-Up Comedy,83.0,0,2,5.0
Movie,Mundina Nildana,2019,TV-MA,"Dramas, International Movies, Romantic Movies",104.0,0,2,7.0
TV Show,Nadiya Bakes,2021,TV-G,"British TV Shows, International TV Shows, Reality TV",0.0,1,3,5.0
Movie,To All The Boys: Always And Forever,2021,TV-14,"Comedies, Romantic Movies",116.0,0,2,4.0
Movie,Xico's Journey,2021,TV-Y7,Children & Family Movies,87.0,0,2,16.0
TV Show,Capitani,2019,TV-MA,"Crime TV Shows, International TV Shows, TV Dramas",0.0,1,3,2.0
TV Show,El Chema,2016,TV-MA,"Crime TV Shows, Spanish-Language TV Shows, TV Action & Adventure",0.0,1,3,11.0
Movie,Growing up and other problems,2018,TV-14,"Comedies, Dramas, International Movies",91.0,0,2,4.0
Movie,Layla Majnun,2020,TV-14,"Dramas, International Movies, Romantic Movies",119.0,0,2,15.0
Movie,Middle of Nowhere,2012,R,"Dramas, Independent Movies, Romantic Movies",102.0,0,2,10.0
Movie,Red Dot,2021,TV-MA,"International Movies, Thrillers",86.0,0,2,13.0
Movie,Squared Love,2021,TV-14,"Comedies, International Movies, Romantic Movies",102.0,0,2,4.0
Movie,This Is the Life,2008,TV-MA,"Documentaries, Music & Musicals",98.0,0,2,17.0
TV Show,Crime Scene: The Vanishing at the Cecil Hotel,2021,TV-MA,"Crime TV Shows, Docuseries",0.0,1,3,14.0
Movie,The Misadventures of Hedi and Cokeman,2021,TV-MA,"Comedies, International Movies",99.0,0,2,6.0
Movie,The World We Make,2019,PG,"Dramas, Romantic Movies",108.0,0,2,9.0
TV Show,Five Came Back: The Reference Films,1945,TV-MA,TV Shows,0.0,1,1,0.0
TV Show,ICarly,2008,TV-G,"Kids' TV, TV Comedies",0.0,2,3,13.0
Movie,War Dogs,2016,R,"Comedies, Dramas",114.0,0,2,10.0
Movie,Monster Run,2020,TV-14,"Action & Adventure, International Movies",104.0,0,2,0.0
TV Show,The Sinner,2020,TV-MA,"Crime TV Shows, TV Dramas, TV Mysteries",0.0,3,3,16.0
Movie,Blanche Gardin: I talk to myself,2017,TV-MA,Stand-Up Comedy,88.0,0,2,5.0
Movie,Doob: No Bed of Roses,2017,TV-PG,"Dramas, Independent Movies, International Movies",104.0,0,2,1.0
TV Show,Hache,2021,TV-MA,"Crime TV Shows, International TV Shows, Spanish-Language TV Shows",0.0,2,3,11.0
TV Show,Invisible City,2021,TV-MA,"Crime TV Shows, International TV Shows, TV Dramas",0.0,1,3,2.0
Movie,Little Big Women,2020,TV-14,"Dramas, International Movies",123.0,0,2,15.0
Movie,Malcolm & Marie,2021,R,"Dramas, Independent Movies",106.0,0,2,10.0
Movie,Space Sweepers,2021,TV-MA,"Action & Adventure, Dramas, International Movies",138.0,0,2,7.0
Movie,"Strip Down, Rise Up",2021,R,Documentaries,113.0,0,2,18.0
Movie,The Last Paradiso,2020,TV-MA,"Dramas, International Movies, Romantic Movies",107.0,0,2,7.0
Movie,The Yin-Yang Master: Dream Of Eternity,2021,TV-14,"Action & Adventure, International Movies",133.0,0,2,0.0
Movie,All My Friends Are Dead,2020,TV-MA,"Comedies, Dramas, International Movies",97.0,0,2,7.0
Movie,Black Beach,2020,TV-MA,"Action & Adventure, International Movies",116.0,0,2,13.0
TV Show,Firefly Lane,2021,TV-MA,"Romantic TV Shows, TV Dramas",0.0,1,3,2.0
TV Show,"Pablo Escobar, el patrón del mal",2012,TV-MA,"Crime TV Shows, International TV Shows, Spanish-Language TV Shows",0.0,1,3,11.0
TV Show,Power Rangers Ninja Steel,2018,TV-Y7,Kids' TV,0.0,2,3,13.0
Movie,"Our Lady of San Juan, Four Centuries of Miracles",2020,TV-PG,"Dramas, Faith & Spirituality, International Movies",123.0,0,2,1.0
TV Show,Tiffany Haddish Presents: They Ready,2021,TV-MA,"Stand-Up Comedy & Talk Shows, TV Comedies",0.0,2,3,15.0
Movie,Beverly Hills Ninja,1997,PG-13,"Action & Adventure, Comedies",89.0,0,1,1.0
TV Show,Heartland,2019,TV-14,TV Dramas,0.0,13,0,1.0
TV Show,Love Daily,2018,TV-14,"Romantic TV Shows, Teen TV Shows",0.0,1,3,17.0
TV Show,My Dead Ex,2018,TV-14,"TV Comedies, Teen TV Shows",0.0,1,3,17.0
Movie,Rocks,2019,TV-MA,Dramas,93.0,0,2,3.0
Movie,Shutter Island,2010,R,Thrillers,139.0,0,2,11.0
Movie,The Bank Job,2008,R,"Dramas, International Movies, Thrillers",112.0,0,2,10.0
TV Show,The House Arrest of Us,2020,TV-MA,"International TV Shows, Romantic TV Shows, TV Comedies",0.0,1,3,15.0
TV Show,The Unsettling,2019,TV-14,"TV Horror, Teen TV Shows",0.0,1,3,6.0
TV Show,Total Drama,2015,TV-PG,"Kids' TV, TV Comedies",0.0,7,0,1.0
TV Show,Zac and Mia,2019,TV-14,"Romantic TV Shows, TV Dramas, Teen TV Shows",0.0,2,3,10.0
Movie,Zathura,2005,PG,"Children & Family Movies, Sci-Fi & Fantasy",101.0,0,2,2.0
TV Show,Zig & Sharko,2019,TV-Y7,"Kids' TV, TV Comedies",0.0,2,3,13.0
Movie,Fatima,2020,PG-13,"Dramas, Faith & Spirituality",113.0,0,2,9.0
Movie,Hell Fest,2018,R,Horror Movies,89.0,0,2,11.0
Movie,Below Zero,2021,TV-MA,"Action & Adventure, International Movies",107.0,0,2,13.0
Movie,Finding ‘Ohana,2021,PG,"Children & Family Movies, Comedies",123.0,0,2,2.0
Movie,The Dig,2021,PG-13,"Dramas, International Movies",113.0,0,2,9.0
TV Show,We Are: The Brooklyn Saints,2021,TV-14,Docuseries,0.0,1,3,6.0
Movie,June & Kopi,2021,TV-PG,"Children & Family Movies, Dramas, International Movies",90.0,0,2,1.0
TV Show,50M2,2021,TV-MA,"International TV Shows, TV Dramas, TV Thrillers",0.0,1,3,2.0
Movie,Accomplice,2021,TV-14,"Documentaries, International Movies, Sports Movies",52.0,0,2,12.0
TV Show,BONDING,2021,TV-MA,"TV Comedies, TV Dramas",0.0,2,3,16.0
Movie,Kilometers and Kilometers,2020,TV-MA,"Comedies, Dramas, Independent Movies",127.0,0,2,3.0
TV Show,Outlander,2018,TV-MA,"Romantic TV Shows, TV Action & Adventure, TV Dramas",0.0,4,0,0.0
Movie,Penguin Bloom,2021,TV-14,"Children & Family Movies, Dramas",95.0,0,2,15.0
Movie,Black Rose,2018,TV-14,"Dramas, International Movies",121.0,0,2,15.0
TV Show,Go Dog Go,2021,TV-Y,Kids' TV,0.0,1,3,4.0
Movie,Hire a Woman,2019,TV-14,"Comedies, International Movies, Romantic Movies",108.0,0,2,4.0
Movie,She Is,2019,TV-PG,"Dramas, International Movies, Romantic Movies",102.0,0,2,1.0
TV Show,Blown Away,2021,TV-14,"International TV Shows, Reality TV",0.0,2,3,5.0
TV Show,Busted!,2021,TV-14,"Crime TV Shows, International TV Shows, Korean TV Shows",0.0,3,3,8.0
TV Show,Demon Slayer: Kimetsu no Yaiba,2019,TV-14,"Anime Series, International TV Shows",0.0,1,3,9.0
Movie,So My Grandma’s a Lesbian!,2020,TV-MA,"Comedies, International Movies, LGBTQ Movies",95.0,0,2,6.0
Movie,The Next Three Days,2010,PG-13,"Dramas, Thrillers",133.0,0,2,9.0
Movie,The White Tiger,2021,R,Dramas,127.0,0,2,10.0
Movie,Friendsgiving,2020,R,Comedies,95.0,0,2,11.0
Movie,The Shadow of Violence,2020,R,Dramas,101.0,0,2,10.0
Movie,Cut Throat City,2020,R,Dramas,123.0,0,2,10.0
TV Show,Daughter From Another Mother,2021,TV-MA,"International TV Shows, Spanish-Language TV Shows, TV Comedies",0.0,1,3,15.0
Movie,Sightless,2020,TV-14,Thrillers,89.0,0,2,0.0
TV Show,Spycraft,2021,TV-MA,"Docuseries, Science & Nature TV",0.0,1,3,14.0
TV Show,Hello Ninja,2021,TV-Y,Kids' TV,0.0,4,0,0.0
Movie,Homefront,2013,R,Action & Adventure,100.0,0,2,11.0
Movie,A Monster Calls,2016,PG-13,"Dramas, Sci-Fi & Fantasy",108.0,0,2,9.0
Movie,Death of Me,2020,R,Horror Movies,94.0,0,2,11.0
Movie,Radium Girls,2018,TV-14,"Dramas, Independent Movies",103.0,0,2,15.0
TV Show,Bling Empire,2021,TV-MA,Reality TV,0.0,1,3,5.0
TV Show,Carmen Sandiego,2021,TV-Y7,"Kids' TV, TV Thrillers",0.0,4,0,0.0
TV Show,Disenchantment,2021,TV-14,"TV Action & Adventure, TV Comedies, TV Sci-Fi & Fantasy",0.0,3,3,8.0
Movie,Double Dad,2020,TV-G,"Children & Family Movies, Comedies, Dramas",105.0,0,2,2.0
TV Show,Henry Danger,2016,TV-G,"Kids' TV, TV Comedies",0.0,3,3,8.0
Movie,Outside the Wire,2021,R,Action & Adventure,116.0,0,2,11.0
Movie,Penguins of Madagascar: The Movie,2014,PG,"Children & Family Movies, Comedies",92.0,0,2,2.0
Movie,Pinkfong & Baby Shark's Space Adventure,2019,TV-Y,Children & Family Movies,65.0,0,2,16.0
TV Show,The Magicians,2020,TV-MA,"TV Dramas, TV Sci-Fi & Fantasy",0.0,5,0,0.0
Movie,The Vanished,2020,R,Thrillers,115.0,0,2,11.0
Movie,Tribhanga - Tedhi Medhi Crazy,2021,TV-MA,"Dramas, International Movies",96.0,0,2,7.0
Movie,What Would Sophia Loren Do?,2021,TV-14,Documentaries,32.0,0,2,12.0
Movie,Wish You,2021,TV-PG,"Dramas, International Movies, LGBTQ Movies",102.0,0,2,1.0
Movie,Tanda Tanya,2011,TV-MA,"Dramas, International Movies",102.0,0,2,7.0
Movie,The Heartbreak Club,2020,TV-14,"Comedies, Dramas, International Movies",101.0,0,2,4.0
Movie,An Imperfect Murder,2017,R,"Dramas, Thrillers",71.0,0,2,10.0
TV Show,Night Stalker: The Hunt for a Serial Killer,2021,TV-MA,"Crime TV Shows, Docuseries",0.0,1,3,14.0
Movie,Al acecho,2019,TV-MA,"International Movies, Thrillers",81.0,0,2,13.0
Movie,Chris Rock Total Blackout: The Tamborine Extended Cut,2021,TV-MA,Stand-Up Comedy,98.0,0,2,5.0
TV Show,Last Tango in Halifax,2020,TV-MA,"British TV Shows, Romantic TV Shows, TV Dramas",0.0,4,0,0.0
Movie,"Crack: Cocaine, Corruption & Conspiracy",2021,TV-MA,Documentaries,90.0,0,2,17.0
Movie,The Intouchables,2011,R,"Comedies, Dramas, International Movies",112.0,0,2,10.0
Movie,Apaharan,2005,TV-14,"Dramas, International Movies",161.0,0,2,15.0
Movie,BluffMaster!,2005,TV-14,"Comedies, International Movies, Romantic Movies",129.0,0,2,4.0
Movie,Charming,2021,TV-Y7,"Children & Family Movies, Comedies",85.0,0,2,16.0
Movie,Creating The Queen's Gambit,2021,TV-14,Documentaries,14.0,0,2,12.0
Movie,Gangaajal,2003,TV-MA,"Dramas, International Movies",148.0,0,2,7.0
TV Show,Inside the World’s Toughest Prisons,2021,TV-MA,"British TV Shows, Crime TV Shows, Docuseries",0.0,5,0,0.0
Movie,Is Love Enough? Sir,2018,TV-MA,"Dramas, Independent Movies, International Movies",99.0,0,2,7.0
TV Show,Mighty Little Bheem: Kite Festival,2021,TV-Y,"Kids' TV, TV Comedies",0.0,1,3,4.0
TV Show,Pretend It’s a City,2021,TV-14,Docuseries,0.0,1,3,6.0
Movie,Stuck Apart,2021,TV-MA,"Comedies, Dramas, International Movies",97.0,0,2,7.0
TV Show,The Idhun Chronicles,2021,TV-14,"Anime Series, International TV Shows, Spanish-Language TV Shows",0.0,2,3,9.0
Movie,100% Halal,2020,TV-14,"Dramas, International Movies",101.0,0,2,15.0
Movie,Leap!,2016,PG,"Children & Family Movies, Comedies",89.0,0,2,2.0
Movie,Pieces of a Woman,2020,R,Dramas,128.0,0,2,10.0
Movie,Ratones Paranoicos: The Band that Rocked Argentina,2021,TV-MA,"Documentaries, International Movies, Music & Musicals",76.0,0,2,17.0
TV Show,Surviving Death,2021,TV-MA,"Docuseries, Reality TV",0.0,1,3,14.0
Movie,Tony Parker: The Final Shot,2020,TV-14,"Documentaries, International Movies, Sports Movies",99.0,0,2,12.0
TV Show,History of Swear Words,2021,TV-MA,"Docuseries, TV Comedies",0.0,1,3,14.0
TV Show,Nailed It! Mexico,2021,TV-PG,"International TV Shows, Reality TV, Spanish-Language TV Shows",0.0,3,3,8.0
Movie,Hello Brother,1999,TV-14,"Action & Adventure, Comedies, International Movies",126.0,0,1,1.0
TV Show,Korean Pork Belly Rhapsody,2020,TV-G,"Docuseries, International TV Shows",0.0,1,3,7.0
TV Show,QB1: Beyond the Lights,2019,TV-14,Docuseries,0.0,1,3,6.0
Movie,Playing for Keeps,2012,PG-13,"Comedies, Romantic Movies, Sports Movies",106.0,0,2,14.0
Movie,Asphalt Burning,2020,TV-14,"Action & Adventure, Comedies, International Movies",101.0,0,2,4.0
Movie,Bad Grandpa .5,2014,TV-MA,Comedies,87.0,0,2,6.0
Movie,Case 39,2009,R,"Horror Movies, Thrillers",111.0,0,2,11.0
TV Show,Cobra Kai,2021,TV-14,"TV Action & Adventure, TV Comedies, TV Dramas",0.0,3,3,8.0
TV Show,Dream Home Makeover,2021,TV-G,Reality TV,0.0,2,3,5.0
Movie,Eddie Murphy: Raw,1987,R,Stand-Up Comedy,90.0,0,1,1.0
Movie,Full Out 2: You Got This!,2020,TV-Y,"Children & Family Movies, Dramas, Sports Movies",91.0,0,2,16.0
Movie,Gimme Shelter,2013,PG-13,"Dramas, Independent Movies",101.0,0,2,9.0
Movie,Good Burger,1997,PG,"Children & Family Movies, Comedies",96.0,0,1,1.0
Movie,Good Hair,2009,PG-13,Documentaries,96.0,0,2,14.0
TV Show,Headspace Guide to Meditation,2021,TV-G,"Docuseries, Science & Nature TV",0.0,1,3,3.0
Movie,Into the Wild,2007,R,"Action & Adventure, Dramas, Independent Movies",148.0,0,2,10.0
TV Show,Jenni Rivera: Mariposa de Barrio,2017,TV-MA,"Spanish-Language TV Shows, TV Dramas",0.0,1,3,2.0
Movie,London Heist,2017,R,Action & Adventure,96.0,0,2,11.0
Movie,Mean Girls 2,2011,PG-13,Comedies,98.0,0,2,14.0
TV Show,Monarca,2021,TV-MA,"International TV Shows, Spanish-Language TV Shows, TV Dramas",0.0,2,3,2.0
Movie,Mystic Pizza,1988,R,"Comedies, Dramas, Independent Movies",104.0,0,1,1.0
TV Show,Running Man,2020,TV-Y7,"Kids' TV, TV Comedies",0.0,1,3,13.0
TV Show,The Cat in the Hat Knows a Lot About That!,2014,TV-Y,Kids' TV,0.0,1,3,4.0
Movie,The Creative Brain,2019,TV-14,Documentaries,53.0,0,2,12.0
TV Show,The Haunted Hathaways,2013,TV-G,"Kids' TV, TV Comedies, TV Sci-Fi & Fantasy",0.0,2,3,13.0
Movie,The Minimalists: Less Is Now,2021,TV-14,Documentaries,54.0,0,2,12.0
Movie,Unknown,2011,PG-13,"Action & Adventure, Thrillers",113.0,0,2,14.0
Movie,What Happened to Mr. Cha?,2021,TV-MA,"Comedies, International Movies",102.0,0,2,6.0
Movie,What's Eating Gilbert Grape,1993,PG-13,"Classic Movies, Dramas, Independent Movies",118.0,0,1,1.0
Movie,Alaska Is a Drag,2017,TV-MA,"Dramas, LGBTQ Movies",83.0,0,2,3.0
Movie,Best of Stand-Up 2020,2020,TV-MA,Stand-Up Comedy,77.0,0,2,5.0
Movie,Bobby Jasoos,2014,TV-14,"Comedies, Dramas, International Movies",116.0,0,2,4.0
TV Show,Chilling Adventures of Sabrina,2020,TV-14,"TV Horror, TV Mysteries, TV Sci-Fi & Fantasy",0.0,4,0,0.0
Movie,Tarung Sarung,2020,TV-PG,"Action & Adventure, Dramas, Faith & Spirituality",116.0,0,2,1.0
Movie,Too Handsome to Handle,2019,TV-14,"Comedies, Dramas, International Movies",106.0,0,2,4.0
TV Show,Best Leftovers Ever!,2020,TV-G,Reality TV,0.0,1,3,5.0
TV Show,Dare Me,2019,TV-MA,"Crime TV Shows, TV Dramas, TV Thrillers",0.0,1,3,2.0
TV Show,Equinox,2020,TV-MA,"International TV Shows, TV Mysteries, TV Thrillers",0.0,1,3,1.0
TV Show,SanPa: Sins of the Savior,2020,TV-MA,"Crime TV Shows, Docuseries, International TV Shows",0.0,1,3,14.0
TV Show,Still Game,2018,TV-14,"British TV Shows, Classic & Cult TV, International TV Shows",0.0,9,0,1.0
Movie,The Rope Curse 2,2020,TV-MA,"Horror Movies, International Movies",105.0,0,2,13.0
TV Show,Transformers: War for Cybertron: Earthrise,2020,TV-Y7,Anime Series,0.0,1,3,13.0
TV Show,A Love So Beautiful,2020,TV-PG,"International TV Shows, Romantic TV Shows, TV Comedies",0.0,1,3,0.0
Movie,Cops and Robbers,2020,PG-13,Dramas,8.0,0,2,16.0
Movie,Rango,2011,PG,"Children & Family Movies, Comedies",110.0,0,2,2.0
Movie,Death to 2020,2020,TV-MA,Comedies,71.0,0,2,6.0
TV Show,Sakho & Mangane,2019,TV-MA,"Crime TV Shows, International TV Shows, TV Dramas",0.0,1,3,2.0
Movie,DNA,2020,TV-MA,"Dramas, International Movies",91.0,0,2,7.0
TV Show,Regiment Diaries,2020,TV-PG,"Docuseries, International TV Shows",0.0,2,3,7.0
Movie,The Magic School Bus Rides Again In the Zone,2020,TV-Y,Children & Family Movies,46.0,0,2,16.0
Movie,AK vs AK,2020,TV-MA,"Comedies, Dramas, International Movies",109.0,0,2,7.0
TV Show,Bridgerton,2020,TV-MA,"Romantic TV Shows, TV Dramas",0.0,1,3,2.0
Movie,Isa Pa with Feelings,2019,TV-G,"International Movies, Romantic Movies",102.0,0,2,18.0
Movie,We Can Be Heroes,2020,PG,"Children & Family Movies, Comedies",101.0,0,2,2.0
Movie,Bridezilla,2019,TV-MA,"Comedies, Dramas, International Movies",94.0,0,2,7.0
Movie,Cemara's Family,2018,TV-G,"Children & Family Movies, Dramas, International Movies",110.0,0,2,7.0
Movie,"Hello, Love, Goodbye",2019,TV-14,"Dramas, International Movies, Romantic Movies",117.0,0,2,15.0
Movie,The History of Future Folk,2012,TV-14,"Action & Adventure, Comedies, Independent Movies",85.0,0,2,4.0
Movie,The Midnight Sky,2020,PG-13,Dramas,119.0,0,2,9.0
Movie,Your Name Engraved Herein,2020,TV-MA,"Dramas, International Movies, LGBTQ Movies",115.0,0,2,7.0
Movie,After We Collided,2020,R,"Dramas, Romantic Movies",105.0,0,2,10.0
Movie,London Hughes: To Catch a D*ck,2020,TV-MA,Stand-Up Comedy,68.0,0,2,5.0
TV Show,Lovestruck in the City,2020,TV-14,"International TV Shows, Romantic TV Shows, TV Comedies",0.0,1,3,17.0
Movie,QLIMAX THE SOURCE,2020,TV-14,Music & Musicals,57.0,0,2,12.0
TV Show,Rhyme Time Town Singalongs,2020,TV-Y,Kids' TV,0.0,1,3,4.0
TV Show,Shaun the Sheep,2016,TV-Y,"British TV Shows, Kids' TV, TV Comedies",0.0,2,3,4.0
Movie,Shaun the Sheep: The Farmer’s Llamas,2020,TV-Y,"Children & Family Movies, Comedies",28.0,0,2,16.0
TV Show,Timmy Time,2010,TV-Y,"British TV Shows, Kids' TV",0.0,1,3,4.0
Movie,"Ariana grande: excuse me, i love you",2020,TV-MA,"Documentaries, Music & Musicals",98.0,0,2,17.0
Movie,The Con Is On,2018,R,Comedies,95.0,0,2,11.0
Movie,Mohamed Hussein,2019,TV-14,"Comedies, International Movies",96.0,0,2,4.0
Movie,Rhys Nicholson Live at the Athenaeum,2020,TV-MA,Stand-Up Comedy,66.0,0,2,5.0
Movie,Atlas Shrugged: Part II,2012,PG-13,Dramas,112.0,0,2,9.0
TV Show,Diamond City,2019,TV-MA,"Crime TV Shows, International TV Shows, TV Dramas",0.0,1,3,2.0
Movie,Guest House,2020,R,Comedies,84.0,0,2,11.0
TV Show,Home for Christmas,2020,TV-MA,"International TV Shows, Romantic TV Shows, TV Comedies",0.0,2,3,15.0
Movie,Ma Rainey's Black Bottom,2020,R,"Dramas, Music & Musicals",94.0,0,2,10.0
Movie,Ma Rainey's Black Bottom: A Legacy Brought to Screen,2020,TV-PG,"Documentaries, Music & Musicals",32.0,0,2,8.0
Movie,Mukhsin,2006,TV-PG,"Children & Family Movies, Comedies, Dramas",98.0,0,2,2.0
TV Show,Paava Kadhaigal,2020,TV-MA,"International TV Shows, TV Dramas",0.0,1,3,2.0
Movie,Rabun,2004,TV-PG,"Dramas, Independent Movies, International Movies",85.0,0,2,1.0
Movie,Talentime,2009,TV-14,"Dramas, International Movies, Romantic Movies",120.0,0,2,15.0
Movie,An Unremarkable Christmas,2020,TV-14,"Comedies, Dramas, International Movies",83.0,0,2,4.0
Movie,Braven,2018,R,Action & Adventure,94.0,0,2,11.0
Movie,Eggnoid: Love & Time Portal,2019,TV-14,"Dramas, International Movies, Romantic Movies",102.0,0,2,15.0
Movie,Love You to the Stars and Back,2017,TV-14,"Comedies, International Movies, Romantic Movies",111.0,0,2,4.0
TV Show,Morphle,2020,TV-Y,"British TV Shows, Kids' TV",0.0,2,3,4.0
TV Show,Run On,2020,TV-MA,"International TV Shows, Romantic TV Shows, TV Comedies",0.0,1,3,15.0
Movie,Sakaling Maging Tayo,2019,TV-14,"International Movies, Romantic Movies",90.0,0,2,0.0
TV Show,Schulz Saves America,2020,TV-MA,"Stand-Up Comedy & Talk Shows, TV Comedies",0.0,1,3,15.0
Movie,The Wedding Shaman,2019,TV-PG,"Dramas, International Movies, Romantic Movies",111.0,0,2,1.0
TV Show,Anitta: Made In Honório,2020,TV-MA,"Docuseries, International TV Shows",0.0,1,3,14.0
TV Show,BREAK IT ALL: The History of Rock in Latin America,2020,TV-MA,"Docuseries, Spanish-Language TV Shows",0.0,1,3,14.0
Movie,Bwakaw,2012,TV-MA,"Dramas, International Movies, LGBTQ Movies",110.0,0,2,7.0
TV Show,How To Ruin Christmas,2020,TV-MA,"International TV Shows, TV Comedies, TV Dramas",0.0,1,3,2.0
Movie,Incarnate,2016,PG-13,"Horror Movies, Thrillers",87.0,0,2,14.0
Movie,Lee Daniels' The Butler,2013,PG-13,Dramas,132.0,0,2,9.0
TV Show,Marvel Anime: Wolverine,2011,TV-14,"Anime Series, International TV Shows",0.0,1,3,9.0
TV Show,Marvel Anime: X-Men,2011,TV-14,"Anime Series, International TV Shows",0.0,1,3,9.0
Movie,Nocturnal Animals,2016,R,"Dramas, Thrillers",117.0,0,2,10.0
TV Show,The Ripper,2020,TV-MA,"British TV Shows, Crime TV Shows, Docuseries",0.0,1,3,14.0
Movie,Vir Das: Outside In - The Lockdown Special,2020,TV-MA,Stand-Up Comedy,50.0,0,2,5.0
TV Show,Black Ink Crew New York,2014,TV-14,Reality TV,0.0,2,3,5.0
Movie,Grizzlies,2018,R,"Dramas, Independent Movies, Sports Movies",106.0,0,2,10.0
TV Show,Pup Academy,2020,TV-Y,"Kids' TV, TV Comedies",0.0,2,3,4.0
TV Show,Song Exploder,2020,TV-MA,Docuseries,0.0,2,3,14.0
TV Show,Teen Mom 2,2011,TV-14,Reality TV,0.0,2,3,5.0
TV Show,The Challenge,2006,TV-14,Reality TV,0.0,2,3,18.0
Movie,The Professor and the Madman,2019,TV-14,"Dramas, Independent Movies",125.0,0,2,15.0
Movie,A California Christmas,2020,PG-13,"Comedies, Romantic Movies",107.0,0,2,14.0
TV Show,Hilda,2021,TV-Y7,Kids' TV,0.0,2,3,13.0
TV Show,Tiny Pretty Things,2020,TV-MA,"TV Dramas, TV Mysteries, TV Thrillers",0.0,1,3,1.0
Movie,The Netflix Afterparty: The Best Shows of The Worst Year,2020,TV-MA,Comedies,59.0,0,2,6.0
TV Show,Children of Adam,2020,TV-14,"International TV Shows, TV Dramas, TV Thrillers",0.0,1,3,10.0
TV Show,Grizzy et les Lemmings,2018,TV-Y,"Kids' TV, TV Comedies",0.0,2,3,4.0
Movie,A Trash Truck Christmas,2020,TV-Y,Children & Family Movies,28.0,0,2,16.0
Movie,Canvas,2020,G,"Children & Family Movies, Dramas",9.0,0,2,16.0
Movie,Giving Voice,2020,PG-13,Documentaries,91.0,0,2,18.0
TV Show,The Mess You Leave Behind,2020,TV-MA,"International TV Shows, Spanish-Language TV Shows, TV Dramas",0.0,1,3,2.0
Movie,The Prom,2020,PG-13,"Comedies, LGBTQ Movies, Music & Musicals",132.0,0,2,14.0
Movie,Torbaaz,2020,TV-MA,"Dramas, International Movies, Sports Movies",133.0,0,2,7.0
TV Show,Alice in Borderland,2020,TV-MA,"International TV Shows, TV Action & Adventure, TV Mysteries",0.0,1,3,1.0
Movie,Funny Boy,2020,TV-MA,"Dramas, LGBTQ Movies",109.0,0,2,3.0
TV Show,Futmalls.com,2020,TV-14,"Crime TV Shows, International TV Shows, TV Dramas",0.0,1,3,10.0
Movie,Just The Way You Are,2016,TV-G,"International Movies, Romantic Movies",107.0,0,2,18.0
Movie,She's the One,2013,TV-14,"Dramas, International Movies, Romantic Movies",111.0,0,2,15.0
Movie,The Panti Sisters,2019,TV-MA,"Comedies, International Movies, LGBTQ Movies",108.0,0,2,6.0
Movie,"Kalel, 15",2019,TV-MA,"Dramas, Independent Movies, International Movies",105.0,0,2,7.0
TV Show,Masameer Classics,2013,TV-14,"International TV Shows, TV Comedies",0.0,4,0,0.0
TV Show,Once Upon a Time,2019,TV-14,"International TV Shows, Romantic TV Shows, TV Dramas",0.0,1,3,10.0
Movie,Rose Island,2020,TV-14,"Comedies, Dramas, International Movies",119.0,0,2,4.0
TV Show,The Big Show Show,2020,TV-G,"Kids' TV, TV Comedies",0.0,2,3,13.0
TV Show,The Expanding Universe of Ashley Garcia,2020,TV-PG,"Kids' TV, TV Comedies, Teen TV Shows",0.0,3,3,8.0
TV Show,The Surgeon's Cut,2020,TV-14,"Docuseries, Science & Nature TV",0.0,1,3,6.0
Movie,André & his olive tree,2020,TV-PG,"Documentaries, International Movies",104.0,0,2,8.0
Movie,Bobbleheads The Movie,2020,PG,"Children & Family Movies, Comedies",83.0,0,2,2.0
Movie,Emicida: AmarElo - It’s All For Yesterday,2020,TV-MA,"Documentaries, International Movies, Music & Musicals",90.0,0,2,17.0
TV Show,Juman,2019,TV-PG,"International TV Shows, Romantic TV Shows, TV Dramas",0.0,1,3,0.0
TV Show,Mr. Iglesias,2020,TV-14,"TV Comedies, Teen TV Shows",0.0,3,3,8.0
Movie,Spirit Riding Free: Ride Along Adventure,2020,TV-Y7,Children & Family Movies,79.0,0,2,16.0
Movie,Super Monsters: Santa’s Super Monster Helpers,2020,TV-Y,Children & Family Movies,24.0,0,2,16.0
Movie,Triple 9,2016,R,"Dramas, Thrillers",115.0,0,2,10.0
TV Show,100 Days My Prince,2018,TV-14,"International TV Shows, Romantic TV Shows, TV Dramas",0.0,1,3,10.0
Movie,Ava,2020,R,"Action & Adventure, Dramas",97.0,0,2,10.0
TV Show,Manhunt: Deadly Games,2020,TV-14,"Crime TV Shows, TV Dramas, TV Mysteries",0.0,1,3,10.0
TV Show,Room 2806: The Accusation,2020,TV-MA,"Crime TV Shows, Docuseries, International TV Shows",0.0,1,3,14.0
TV Show,Detention,2020,TV-MA,"International TV Shows, TV Dramas, TV Horror",0.0,1,3,2.0
Movie,Mighty Express: A Mighty Christmas,2020,TV-Y,Children & Family Movies,26.0,0,2,16.0
TV Show,Bhaag Beanie Bhaag,2020,TV-MA,"International TV Shows, Romantic TV Shows, TV Comedies",0.0,1,3,15.0
TV Show,Big Mouth,2020,TV-MA,TV Comedies,0.0,4,0,0.0
Movie,Captain Underpants Mega Blissmas,2020,TV-Y7,"Children & Family Movies, Comedies",46.0,0,2,16.0
Movie,Christmas Crossfire,2020,TV-MA,"Comedies, International Movies, Thrillers",106.0,0,2,6.0
TV Show,Kings of Jo'Burg,2020,TV-MA,"Crime TV Shows, International TV Shows, TV Dramas",0.0,1,3,2.0
Movie,Leyla Everlasting,2020,TV-MA,"Comedies, International Movies",113.0,0,2,6.0
Movie,MANK,2020,R,"Dramas, Independent Movies",133.0,0,2,10.0
TV Show,The Great British Baking Show: Holidays,2020,TV-MA,"British TV Shows, Reality TV",0.0,3,3,16.0
Movie,You Are My Home,2020,TV-PG,"Children & Family Movies, Dramas",93.0,0,2,1.0
Movie,Between Maybes,2019,TV-14,"Dramas, International Movies, Romantic Movies",108.0,0,2,15.0
Movie,Break,2018,TV-MA,"Comedies, Dramas, International Movies",96.0,0,2,7.0
Movie,Chico Bon Bon and the Very Berry Holiday,2020,TV-Y,Children & Family Movies,25.0,0,2,16.0
Movie,Just Another Christmas,2020,TV-MA,"Comedies, International Movies",101.0,0,2,6.0
Movie,Must Be... Love,2013,TV-14,"Comedies, Dramas, International Movies",106.0,0,2,4.0
TV Show,Alien Worlds,2020,TV-PG,"British TV Shows, Docuseries, International TV Shows",0.0,1,3,7.0
Movie,Ari Eldjárn: Pardon My Icelandic,2020,TV-MA,Stand-Up Comedy,54.0,0,2,5.0
TV Show,Check The Store Next Door: The Next Chapter,2020,TV-14,"International TV Shows, TV Comedies, TV Dramas",0.0,2,3,17.0
Movie,Fierce,2020,TV-MA,"Comedies, Dramas, International Movies",118.0,0,2,7.0
Movie,Hazel Brugger: Tropical,2020,TV-MA,Stand-Up Comedy,58.0,0,2,5.0
Movie,3 Days to Kill,2014,PG-13,Action & Adventure,117.0,0,2,14.0
Movie,Angela's Christmas Wish,2020,TV-Y,Children & Family Movies,48.0,0,2,16.0
Movie,Angels & Demons,2009,PG-13,Thrillers,139.0,0,2,14.0
TV Show,Are You The One,2014,TV-14,Reality TV,0.0,2,3,5.0
Movie,Chef,2014,R,"Comedies, Independent Movies",115.0,0,2,11.0
Movie,Effie Gray,2014,PG-13,"Dramas, International Movies, Romantic Movies",109.0,0,2,9.0
TV Show,Gormiti,2018,TV-Y,Kids' TV,0.0,1,3,4.0
TV Show,Ink Master,2012,TV-14,Reality TV,0.0,2,3,5.0
Movie,Monster House,2006,PG,"Children & Family Movies, Comedies",91.0,0,2,2.0
Movie,Natalie Palamides: Nate - A One Man Show,2020,TV-MA,Comedies,60.0,0,2,6.0
TV Show,Octonauts,2015,TV-Y,"British TV Shows, Kids' TV",0.0,4,0,0.0
TV Show,Oddbods,2017,TV-Y,"Kids' TV, TV Comedies",0.0,1,3,4.0
Movie,Peppermint,2018,R,Action & Adventure,102.0,0,2,11.0
Movie,Quigley Down Under,1990,PG-13,Action & Adventure,120.0,0,1,1.0
TV Show,Stargate SG-1,2006,TV-MA,"Classic & Cult TV, TV Action & Adventure, TV Sci-Fi & Fantasy",0.0,10,0,1.0
TV Show,The Bachelorette,2010,TV-14,"Reality TV, Romantic TV Shows",0.0,1,3,5.0
Movie,The Da Vinci Code,2006,PG-13,Thrillers,149.0,0,2,14.0
TV Show,The Guest,2018,TV-14,"International TV Shows, TV Horror, TV Mysteries",0.0,1,3,9.0
Movie,The Happytime Murders,2018,R,"Action & Adventure, Comedies",91.0,0,2,11.0
TV Show,The Holiday Movies That Made Us,2020,TV-PG,Docuseries,0.0,1,3,7.0
TV Show,The Repair Shop,2018,TV-PG,"British TV Shows, Reality TV",0.0,1,3,5.0
Movie,U-Turn,2020,TV-MA,"Horror Movies, International Movies",99.0,0,2,13.0
Movie,Finding Agnes,2020,TV-PG,"Dramas, International Movies",106.0,0,2,1.0
Movie,Rust Creek,2018,R,Thrillers,108.0,0,2,11.0
Movie,Spookley and the Christmas Kittens,2019,TV-Y,Children & Family Movies,45.0,0,2,16.0
Movie,The 2nd,2020,TV-MA,Action & Adventure,93.0,0,2,13.0
TV Show,The Uncanny Counter,2020,TV-14,"International TV Shows, TV Action & Adventure, TV Dramas",0.0,1,3,10.0
Movie,A Go! Go! Cory Carson Christmas,2020,TV-Y,Children & Family Movies,22.0,0,2,16.0
Movie,Dance Dreams: Hot Chocolate Nutcracker,2020,TV-PG,"Children & Family Movies, Documentaries",81.0,0,2,8.0
Movie,Don’t Listen,2020,TV-MA,"Horror Movies, International Movies",98.0,0,2,13.0
TV Show,Fabulous Lives of Bollywood Wives,2020,TV-MA,"International TV Shows, Reality TV",0.0,1,3,5.0
TV Show,Heartbreak High,1999,TV-14,"International TV Shows, TV Dramas, Teen TV Shows",0.0,7,0,1.0
TV Show,Over Christmas,2020,TV-MA,"International TV Shows, Romantic TV Shows, TV Comedies",0.0,1,3,15.0
TV Show,Sugar Rush Christmas,2020,TV-14,Reality TV,0.0,2,3,5.0
Movie,The Beast,2020,TV-MA,"Action & Adventure, International Movies",100.0,0,2,13.0
Movie,The Call,2020,TV-MA,"International Movies, Thrillers",112.0,0,2,13.0
Movie,Fantastica,2018,TV-PG,"Comedies, International Movies, LGBTQ Movies",114.0,0,2,1.0
Movie,Larry the Cable Guy: Remain Seated,2020,TV-14,Stand-Up Comedy,68.0,0,2,5.0
Movie,Mosul,2020,TV-MA,"Action & Adventure, Dramas, International Movies",103.0,0,2,7.0
Movie,Unexpectedly Yours,2017,TV-14,"Comedies, International Movies, Romantic Movies",121.0,0,2,4.0
Movie,Ghosts of War,2020,R,Horror Movies,95.0,0,2,11.0
TV Show,Great Pretender,2020,TV-MA,"Anime Series, Crime TV Shows, International TV Shows",0.0,2,3,11.0
Movie,Shawn Mendes: Live in Concert,2020,TV-PG,Music & Musicals,87.0,0,2,8.0
Movie,The Christmas Chronicles: Part Two,2020,PG,"Children & Family Movies, Comedies",115.0,0,2,2.0
Movie,Andhaghaaram,2020,TV-14,"Horror Movies, International Movies, Thrillers",171.0,0,2,0.0
Movie,Andhakaaram,2020,TV-14,"Horror Movies, International Movies, Thrillers",171.0,0,2,0.0
TV Show,Before 30,2015,TV-MA,"International TV Shows, Romantic TV Shows, TV Comedies",0.0,1,3,15.0
Movie,Dragons: Rescue Riders: Huttsgalor Holiday,2020,TV-Y,"Children & Family Movies, Comedies",46.0,0,2,16.0
Movie,Hillbilly Elegy,2020,R,Dramas,117.0,0,2,10.0
Movie,Notes for My Son,2020,TV-MA,"Dramas, International Movies",84.0,0,2,7.0
TV Show,Valentino,2020,TV-14,"International TV Shows, TV Comedies, TV Dramas",0.0,1,3,17.0
Movie,Hard Kill,2020,R,Action & Adventure,98.0,0,2,11.0
Movie,Shawn Mendes: In Wonder,2020,TV-MA,"Documentaries, Music & Musicals",83.0,0,2,17.0
TV Show,Strongest Deliveryman,2017,TV-MA,"International TV Shows, Romantic TV Shows, TV Dramas",0.0,1,3,2.0
Movie,The Suit,2018,TV-14,"Action & Adventure, Comedies, International Movies",97.0,0,2,4.0
Movie,Dolly Parton’s Christmas on the Square,2020,TV-PG,"Children & Family Movies, Music & Musicals",99.0,0,2,2.0
Movie,Machete Kills,2013,R,Action & Adventure,108.0,0,2,11.0
Movie,40 Sticks,2019,TV-14,"International Movies, Thrillers",93.0,0,2,0.0
Movie,Alien Xmas,2020,TV-Y,Children & Family Movies,42.0,0,2,16.0
TV Show,Flavorful Origins,2020,TV-G,"Docuseries, International TV Shows",0.0,3,3,8.0
TV Show,Heart & Soul,2019,TV-14,"International TV Shows, TV Dramas",0.0,1,3,10.0
Movie,If Anything Happens I Love You,2020,PG,Dramas,13.0,0,2,16.0
TV Show,Mismatched,2020,TV-MA,"International TV Shows, Romantic TV Shows, TV Comedies",0.0,1,3,15.0
Movie,The App That Stole Christmas,2020,TV-PG,"Children & Family Movies, Comedies",64.0,0,2,16.0
TV Show,Voices of Fire,2020,TV-PG,"Docuseries, Reality TV",0.0,1,3,7.0
Movie,Black Friday,2004,TV-MA,"Dramas, International Movies",162.0,0,2,7.0
Movie,Bodyguard,2011,TV-14,"Action & Adventure, Comedies, International Movies",130.0,0,2,4.0
Movie,Break Ke Baad,2010,TV-14,"Comedies, International Movies, Music & Musicals",108.0,0,2,4.0
Movie,Hawaizaada,2015,TV-14,"Dramas, International Movies, Romantic Movies",129.0,0,2,15.0
Movie,My Amnesia Girl,2010,TV-14,"International Movies, Romantic Movies",105.0,0,2,0.0
Movie,Raman Raghav 2.0,2016,TV-MA,"International Movies, Thrillers",133.0,0,2,13.0
Movie,Singham,2011,TV-14,"Action & Adventure, Dramas, International Movies",142.0,0,2,15.0
Movie,TE3N,2016,TV-14,"Dramas, International Movies, Thrillers",128.0,0,2,15.0
Movie,The Princess Switch: Switched Again,2020,TV-G,"Children & Family Movies, Comedies, Dramas",97.0,0,2,2.0
Movie,Three Words to Forever,2018,TV-G,"Comedies, Dramas, International Movies",107.0,0,2,4.0
Movie,Well Done Abba,2009,TV-14,"Comedies, International Movies",135.0,0,2,4.0
TV Show,Holiday Home Makeover with Mr. Christmas,2020,TV-G,Reality TV,0.0,1,3,5.0
Movie,Ainu Mosir,2020,TV-PG,"Dramas, International Movies",84.0,0,2,1.0
Movie,Kevin Hart: Zero F**ks Given,2020,TV-MA,Stand-Up Comedy,70.0,0,2,5.0
TV Show,The Boss Baby: Back in Business,2020,TV-Y7,"Kids' TV, TV Comedies",0.0,4,0,0.0
TV Show,We Are the Champions,2020,TV-MA,"Docuseries, Reality TV",0.0,1,3,14.0
Movie,Loving,2016,PG-13,"Dramas, Romantic Movies",124.0,0,2,9.0
Movie,Whose Streets?,2017,R,Documentaries,102.0,0,2,18.0
Movie,A Very Country Christmas,2017,TV-G,"Music & Musicals, Romantic Movies",84.0,0,2,18.0
TV Show,America's Next Top Model,2013,TV-14,Reality TV,0.0,2,3,5.0
TV Show,Beyblade Burst Rise,2019,TV-Y,"Anime Series, Kids' TV",0.0,1,3,4.0
Movie,Cloudy with a Chance of Meatballs 2,2013,PG,"Children & Family Movies, Comedies",95.0,0,2,2.0
Movie,Hometown Holiday,2018,TV-G,Romantic Movies,84.0,0,2,18.0
TV Show,Polly Pocket,2021,TV-Y,Kids' TV,0.0,2,3,4.0
TV Show,Survivor,2014,TV-14,Reality TV,0.0,2,3,5.0
TV Show,The Crown,2020,TV-MA,"British TV Shows, International TV Shows, TV Dramas",0.0,4,0,0.0
Movie,White Christmas,1954,TV-G,"Children & Family Movies, Classic Movies, Comedies",120.0,0,1,0.0
Movie,Killer Cove,2019,TV-14,Thrillers,87.0,0,2,0.0
TV Show,American Horror Story,2019,TV-MA,"TV Horror, TV Mysteries, TV Thrillers",0.0,9,0,1.0
Movie,Fukrey Boyzzz: Space Mein Fukrapanti,2020,TV-Y7,"Children & Family Movies, Comedies",75.0,0,2,16.0
Movie,Jingle Jangle: A Christmas Journey,2020,PG,"Children & Family Movies, Music & Musicals",124.0,0,2,2.0
Movie,The Beginning of Life 2: Outside,2020,TV-PG,"Documentaries, International Movies",92.0,0,2,8.0
Movie,The Life Ahead,2020,PG-13,"Dramas, International Movies",95.0,0,2,9.0
TV Show,The Minions of Midas,2020,TV-MA,"Crime TV Shows, International TV Shows, Spanish-Language TV Shows",0.0,1,3,11.0
Movie,A Very Special Love,2008,TV-G,"International Movies, Romantic Movies",107.0,0,2,1.0
TV Show,Ethos,2020,TV-MA,"International TV Shows, TV Dramas",0.0,1,3,2.0
Movie,First Love,2018,TV-MA,"Dramas, International Movies, Romantic Movies",123.0,0,2,7.0
Movie,Fruitvale Station,2013,R,"Dramas, Independent Movies",85.0,0,2,10.0
TV Show,Graceful Friends,2020,TV-MA,"Crime TV Shows, International TV Shows, TV Dramas",0.0,1,3,2.0
Movie,Ludo,2020,TV-MA,"Comedies, Dramas, International Movies",150.0,0,2,7.0
Movie,Memories of a Teenager,2019,TV-MA,"Dramas, International Movies, LGBTQ Movies",97.0,0,2,7.0
Movie,Prom Night,2008,PG-13,Horror Movies,88.0,0,2,14.0
TV Show,A Queen Is Born,2020,TV-14,"International TV Shows, Reality TV",0.0,1,3,5.0
TV Show,Aunty Donna's Big Ol' House of Fun,2020,TV-MA,TV Comedies,0.0,1,3,15.0
TV Show,The Liberator,2020,TV-MA,"TV Action & Adventure, TV Dramas",0.0,1,3,2.0
TV Show,Trial 4,2020,TV-MA,"Crime TV Shows, Docuseries",0.0,1,3,14.0
Movie,We Are All For The Fatherland,1979,TV-14,"Documentaries, International Movies",74.0,0,1,0.0
Movie,What We Wanted,2020,TV-MA,"Dramas, International Movies",93.0,0,2,7.0
TV Show,A Lion in the House,2006,TV-14,TV Shows,0.0,1,3,18.0
TV Show,DASH & LILY,2020,TV-14,"Romantic TV Shows, TV Comedies, TV Dramas",0.0,1,3,17.0
TV Show,Bakugan: Armored Alliance,2020,TV-Y7,"Anime Series, Kids' TV",0.0,1,3,13.0
TV Show,Bakugan: Battle Planet,2018,TV-PG,"Anime Series, Kids' TV",0.0,1,3,0.0
Movie,Citation,2020,TV-MA,"Dramas, International Movies",151.0,0,2,7.0
TV Show,Country Ever After,2020,TV-PG,Reality TV,0.0,1,3,5.0
Movie,Girl's Revenge,2020,TV-MA,"Dramas, International Movies",82.0,0,2,7.0
Movie,The Endless Trench,2019,TV-MA,"Dramas, Independent Movies, International Movies",148.0,0,2,7.0
Movie,The Late Bloomer,2016,R,Comedies,95.0,0,2,11.0
TV Show,Wrong Kind of Black,2018,TV-MA,"International TV Shows, TV Comedies, TV Dramas",0.0,1,3,2.0
Movie,A New York Christmas Wedding,2020,TV-MA,"Dramas, LGBTQ Movies, Romantic Movies",90.0,0,2,3.0
Movie,Alone/Together,2019,TV-14,"Dramas, International Movies, Romantic Movies",103.0,0,2,15.0
TV Show,Carmel: Who Killed Maria Marta?,2020,TV-14,"Crime TV Shows, Docuseries, International TV Shows",0.0,1,3,6.0
Movie,Midnight at the Magnolia,2020,TV-G,"Comedies, Romantic Movies",87.0,0,2,6.0
Movie,One More Try,2012,TV-14,"Dramas, International Movies, Romantic Movies",102.0,0,2,15.0
Movie,Operation Christmas Drop,2020,TV-G,"Children & Family Movies, Comedies, Romantic Movies",96.0,0,2,2.0
TV Show,Paranormal,2020,TV-14,"International TV Shows, TV Dramas, TV Horror",0.0,1,3,10.0
Movie,A Christmas Catch,2018,TV-G,"Dramas, Romantic Movies",87.0,0,2,9.0
Movie,Christmas with a Prince,2018,TV-PG,"Comedies, Dramas, Romantic Movies",86.0,0,2,1.0
TV Show,Love & Anarchy,2020,TV-MA,"International TV Shows, Romantic TV Shows, TV Comedies",0.0,1,3,15.0
Movie,Miss India,2020,TV-PG,"Dramas, International Movies",136.0,0,2,1.0
Movie,Felix Lobrecht: Hype,2020,TV-MA,Stand-Up Comedy,60.0,0,2,5.0
Movie,MOTHER,2020,TV-14,"Dramas, International Movies",127.0,0,2,15.0
Movie,The Beginning of Life,2016,TV-PG,"Documentaries, International Movies",96.0,0,2,8.0
Movie,Ya no estoy aquí: Una conversación entre Guillermo del Toro y Alfonso Cuarón,2020,TV-PG,Documentaries,15.0,0,2,8.0
TV Show,Can You Hear Me?,2020,TV-MA,"International TV Shows, TV Comedies, TV Dramas",0.0,2,3,2.0
Movie,Prospect,2018,R,"Sci-Fi & Fantasy, Thrillers",100.0,0,2,11.0
TV Show,60 Days In,2019,TV-MA,Reality TV,0.0,1,3,5.0
Movie,Christmas Break-In,2019,TV-PG,"Children & Family Movies, Comedies",87.0,0,2,2.0
TV Show,Dawson's Creek,2002,TV-14,"Romantic TV Shows, TV Dramas, Teen TV Shows",0.0,6,0,0.0
Movie,Elf Pets: A Fox Cub’s Christmas Tale,2020,TV-Y,Children & Family Movies,28.0,0,2,16.0
Movie,Elf Pets: Santa’s Reindeer Rescue,2020,TV-Y,Children & Family Movies,27.0,0,2,16.0
Movie,Elliot the Littlest Reindeer,2018,PG,Children & Family Movies,90.0,0,2,2.0
TV Show,Forged in Fire,2019,TV-14,Reality TV,0.0,1,3,5.0
TV Show,Leah Remini: Scientology and the Aftermath,2018,TV-14,Docuseries,0.0,3,3,8.0
TV Show,LEGO Jurassic World: Legend of Isla Nublar,2019,TV-Y,Kids' TV,0.0,1,3,4.0
TV Show,LEGO Jurassic World: Secret Exhibit,2018,TV-Y,Kids' TV,0.0,1,3,4.0
TV Show,LEGO Ninjago,2020,TV-Y7,Kids' TV,0.0,2,3,13.0
TV Show,LEGO Ninjago: Masters of Spinjitzu,2019,TV-Y7,Kids' TV,0.0,10,0,1.0
TV Show,LEGO: CITY Adventures,2019,TV-Y,"Kids' TV, TV Comedies",0.0,1,3,4.0
Movie,Little Monsters,1989,PG,"Children & Family Movies, Comedies",102.0,0,1,1.0
Movie,Mile 22,2018,R,Action & Adventure,94.0,0,2,11.0
Movie,Piercing,2018,R,"Dramas, Independent Movies, Thrillers",81.0,0,2,10.0
Movie,Snowden,2016,R,"Dramas, Thrillers",134.0,0,2,10.0
TV Show,The Garfield Show,2018,TV-Y,"Kids' TV, TV Comedies",0.0,4,0,0.0
TV Show,The Good Detective,2020,TV-MA,"Crime TV Shows, International TV Shows, TV Dramas",0.0,1,3,2.0
Movie,The Impossible,2012,PG-13,Dramas,114.0,0,2,9.0
Movie,The Next Karate Kid,1994,PG,"Action & Adventure, Dramas, Sports Movies",107.0,0,1,1.0
TV Show,Voice,2018,TV-14,"Crime TV Shows, International TV Shows, Korean TV Shows",0.0,2,3,12.0
Movie,Wheels of Fortune,2020,R,"Comedies, Sports Movies",107.0,0,2,11.0
TV Show,Afronta! Facing It!,2017,TV-PG,"Docuseries, International TV Shows",0.0,1,3,7.0
Movie,The 12th Man,2018,TV-MA,"Action & Adventure, Dramas, International Movies",130.0,0,2,7.0
TV Show,Zumbo's Just Desserts,2019,TV-PG,"International TV Shows, Reality TV",0.0,1,3,5.0
Movie,Hidden in Plain Sight,2019,TV-14,"Dramas, Independent Movies, Thrillers",87.0,0,2,15.0
Movie,His House,2020,TV-14,"Horror Movies, Independent Movies",93.0,0,2,0.0
Movie,In Line,2017,TV-14,"Dramas, International Movies",114.0,0,2,15.0
Movie,Kaali Khuhi,2020,TV-14,"Horror Movies, International Movies",91.0,0,2,0.0
TV Show,Kongsuni and Friends,2020,TV-Y,"Kids' TV, Korean TV Shows",0.0,2,3,4.0
TV Show,Marvel's Agents of S.H.I.E.L.D.,2020,TV-14,"TV Action & Adventure, TV Sci-Fi & Fantasy",0.0,7,0,1.0
Movie,Rogue City,2020,TV-MA,"Dramas, International Movies, Thrillers",116.0,0,2,7.0
TV Show,Somebody Feed Phil,2020,TV-14,"Docuseries, Reality TV",0.0,4,0,0.0
TV Show,Suburra: Blood on Rome,2020,TV-MA,"Crime TV Shows, International TV Shows, TV Dramas",0.0,3,3,16.0
Movie,The Day of the Lord,2020,TV-MA,"Horror Movies, International Movies",93.0,0,2,13.0
Movie,Pagpag: Nine Lives,2013,TV-14,"Horror Movies, International Movies",106.0,0,2,0.0
Movie,Holidate,2020,TV-MA,"Comedies, Romantic Movies",105.0,0,2,6.0
Movie,La Gran Ilusión,2016,TV-14,International Movies,50.0,0,2,12.0
Movie,Metallica Through The Never,2013,R,Music & Musicals,93.0,0,2,11.0
Movie,Nobody Sleeps in the Woods Tonight,2020,TV-MA,"Horror Movies, International Movies",103.0,0,2,13.0
Movie,Secrets of the Saqqara Tomb,2020,TV-PG,Documentaries,114.0,0,2,8.0
TV Show,Blood of Zeus,2020,TV-MA,Anime Series,0.0,1,3,9.0
TV Show,Chico Bon Bon: Monkey with a Tool Belt,2020,TV-Y,Kids' TV,0.0,4,0,0.0
Movie,Guillermo Vilas: Settling the Score,2020,TV-14,"Documentaries, International Movies, Sports Movies",95.0,0,2,12.0
Movie,Sarah Cooper: Everything's Fine,2020,TV-MA,Comedies,50.0,0,2,6.0
TV Show,The Devil Punisher,2020,TV-14,"International TV Shows, Romantic TV Shows, TV Mysteries",0.0,1,3,12.0
Movie,Ajab Prem Ki Ghazab Kahani,2009,TV-14,"Comedies, International Movies, Music & Musicals",150.0,0,2,4.0
Movie,Black '47,2018,R,"Action & Adventure, Dramas, Independent Movies",100.0,0,2,10.0
Movie,I Am Woman,2019,TV-MA,"Dramas, Music & Musicals",117.0,0,2,3.0
Movie,Alice Junior,2019,TV-MA,"Comedies, International Movies, LGBTQ Movies",87.0,0,2,6.0
TV Show,Barbarians,2020,TV-MA,"International TV Shows, TV Action & Adventure, TV Dramas",0.0,1,3,2.0
TV Show,Move,2020,TV-MA,"Docuseries, International TV Shows",0.0,1,3,14.0
Movie,Over the Moon,2020,PG,"Children & Family Movies, Music & Musicals",100.0,0,2,2.0
Movie,Shattered Memories,2018,TV-14,"Dramas, Thrillers",86.0,0,2,15.0
TV Show,Stolen Away,2020,TV-MA,"Crime TV Shows, International TV Shows, Spanish-Language TV Shows",0.0,1,3,11.0
TV Show,The Queen's Gambit,2020,TV-MA,TV Dramas,0.0,1,3,2.0
Movie,Bending the Arc,2017,TV-MA,Documentaries,102.0,0,2,17.0
Movie,Cadaver,2020,TV-MA,"Horror Movies, International Movies",87.0,0,2,13.0
Movie,Exes Baggage,2018,TV-MA,"Dramas, International Movies, Romantic Movies",103.0,0,2,7.0
Movie,Fisherman's Friends,2019,PG-13,"Comedies, Dramas, Music & Musicals",112.0,0,2,9.0
Movie,The Hows of Us,2018,TV-14,"Dramas, International Movies, Romantic Movies",120.0,0,2,15.0
Movie,The Hummingbird Project,2018,R,"Dramas, Independent Movies",111.0,0,2,10.0
Movie,"Yes, God, Yes",2020,R,"Comedies, Dramas, Independent Movies",78.0,0,2,10.0
Movie,Brave Blue World: Racing to Solve Our Water Crisis,2020,TV-PG,"Documentaries, International Movies",51.0,0,2,8.0
TV Show,My Next Guest Needs No Introduction With David Letterman,2020,TV-MA,Stand-Up Comedy & Talk Shows,0.0,3,3,16.0
Movie,Rebecca,2020,PG-13,"Dramas, Romantic Movies, Thrillers",123.0,0,2,9.0
Movie,The Magic School Bus Rides Again The Frizz Connection,2020,TV-Y,Children & Family Movies,46.0,0,2,16.0
Movie,Tremors: Shrieker Island,2020,PG-13,"Action & Adventure, Horror Movies",102.0,0,2,14.0
Movie,Beirut Oh Beirut,1975,TV-14,"Classic Movies, Dramas, International Movies",106.0,0,1,0.0
Movie,Bosta,2005,TV-14,"Dramas, International Movies, Music & Musicals",112.0,0,2,15.0
Movie,Ghadi,2013,TV-MA,"Comedies, Dramas, International Movies",101.0,0,2,7.0
Movie,Heritages,2014,TV-14,"Documentaries, International Movies",96.0,0,2,12.0
Movie,Listen,2017,TV-MA,"Dramas, Independent Movies, International Movies",103.0,0,2,7.0
Movie,Out of Life,1991,TV-MA,"Classic Movies, Dramas, Independent Movies",94.0,0,1,1.0
Movie,Panoptic,2017,TV-MA,"Documentaries, International Movies",69.0,0,2,17.0
Movie,Taxi Ballad,2012,TV-MA,"Dramas, International Movies",81.0,0,2,7.0
Movie,The Kite,2003,TV-MA,"Dramas, International Movies, Romantic Movies",76.0,0,2,7.0
Movie,The Little Wars,1982,TV-14,"Dramas, Independent Movies, International Movies",108.0,0,1,0.0
Movie,Under the Bombs,2007,TV-MA,"Dramas, Independent Movies, International Movies",94.0,0,2,7.0
TV Show,Unsolved Mysteries,2020,TV-MA,"Crime TV Shows, Docuseries",0.0,2,3,14.0
Movie,West Beirut,1999,TV-MA,"Dramas, International Movies",106.0,0,1,1.0
Movie,What Did I Mess,2018,TV-14,"Comedies, International Movies, Romantic Movies",98.0,0,2,4.0
Movie,Whispers,1980,TV-14,"Documentaries, International Movies",93.0,0,1,0.0
Movie,Zozo,2005,TV-MA,"Dramas, International Movies",99.0,0,2,7.0
Movie,ParaNorman,2012,PG,"Children & Family Movies, Comedies",93.0,0,2,2.0
TV Show,Start-Up,2020,TV-14,"International TV Shows, Romantic TV Shows, TV Comedies",0.0,1,3,17.0
Movie,I Am Vengeance: Retaliation,2020,R,Action & Adventure,82.0,0,2,11.0
Movie,Disconnect,2018,TV-MA,"Comedies, International Movies, Romantic Movies",107.0,0,2,6.0
TV Show,Grand Army,2020,TV-MA,"TV Dramas, Teen TV Shows",0.0,1,3,2.0
Movie,In a Valley of Violence,2016,R,Action & Adventure,104.0,0,2,11.0
TV Show,La Révolution,2020,TV-MA,"International TV Shows, TV Action & Adventure, TV Dramas",0.0,1,3,2.0
TV Show,Someone Has to Die,2020,TV-MA,"Crime TV Shows, International TV Shows, Spanish-Language TV Shows",0.0,1,3,11.0
TV Show,The Last Kids on Earth,2020,TV-Y7,"Kids' TV, TV Comedies",0.0,3,3,13.0
Movie,The Trial of the Chicago 7,2020,R,Dramas,130.0,0,2,10.0
Movie,Unfriended,2014,R,"Horror Movies, Thrillers",83.0,0,2,11.0
Movie,A Babysitter's Guide to Monster Hunting,2020,TV-PG,Children & Family Movies,99.0,0,2,2.0
Movie,Batman: The Killing Joke,2016,R,Action & Adventure,77.0,0,2,11.0
Movie,El-Khawaga's Dilemma,2018,TV-14,"Action & Adventure, Comedies, International Movies",94.0,0,2,4.0
TV Show,Fireman Sam,2018,TV-Y,"British TV Shows, Kids' TV",0.0,4,0,0.0
TV Show,Half & Half,2005,TV-14,TV Comedies,0.0,4,0,0.0
Movie,Kartini: Princess of Java,2017,TV-PG,"Dramas, International Movies",118.0,0,2,1.0
Movie,Love Like the Falling Rain,2020,TV-14,"Dramas, International Movies, Romantic Movies",87.0,0,2,15.0
TV Show,One on One,2006,TV-14,"TV Comedies, Teen TV Shows",0.0,5,0,0.0
TV Show,Power Rangers Beast Morphers,2020,TV-Y7,Kids' TV,0.0,2,3,13.0
Movie,Rooting for Roona,2020,TV-PG,"Documentaries, International Movies",42.0,0,2,8.0
TV Show,Social Distance,2020,TV-MA,"TV Comedies, TV Dramas",0.0,1,3,15.0
Movie,A Choo,2020,TV-14,"Action & Adventure, International Movies, Romantic Movies",101.0,0,2,0.0
Movie,BLACKPINK: Light Up the Sky,2020,TV-14,"Documentaries, Music & Musicals",80.0,0,2,12.0
Movie,The Three Deaths of Marisela Escobedo,2020,TV-MA,"Documentaries, International Movies",110.0,0,2,17.0
Movie,Fida,2004,TV-14,"International Movies, Romantic Movies, Thrillers",117.0,0,2,0.0
Movie,Octonauts & the Great Barrier Reef,2020,TV-Y,Children & Family Movies,47.0,0,2,16.0
TV Show,The Cabin with Bert Kreischer,2020,TV-MA,"Reality TV, TV Comedies",0.0,1,3,15.0
Movie,Dil,1990,TV-14,"Comedies, Dramas, International Movies",165.0,0,1,1.0
Movie,Disco Dancer,1982,TV-14,"Cult Movies, Dramas, International Movies",134.0,0,1,0.0
Movie,Hunterrr,2015,TV-MA,"Comedies, International Movies, Romantic Movies",140.0,0,2,6.0
TV Show,Kipo and the Age of Wonderbeasts,2020,TV-Y7,"Kids' TV, TV Comedies",0.0,3,3,13.0
Movie,Phir Hera Pheri,2006,TV-14,"Comedies, International Movies",150.0,0,2,4.0
Movie,The Legend of Bhagat Singh,2002,TV-14,"Dramas, International Movies",156.0,0,1,1.0
Movie,House of the Witch,2017,TV-MA,Horror Movies,86.0,0,2,13.0
TV Show,Deaf U,2020,TV-MA,Docuseries,0.0,1,3,14.0
Movie,Ginny Weds Sunny,2020,TV-MA,"Comedies, International Movies, Romantic Movies",126.0,0,2,6.0
Movie,My Step Dad: The Hippie,2018,TV-MA,"Comedies, International Movies",100.0,0,2,6.0
Movie,Super Monsters: Dia de los Monsters,2020,TV-Y,Children & Family Movies,25.0,0,2,16.0
Movie,The Forty-Year-Old Version,2020,R,"Comedies, Dramas, Independent Movies",124.0,0,2,10.0
TV Show,The Haunting of Bly Manor,2020,TV-MA,"TV Dramas, TV Horror, TV Mysteries",0.0,1,3,1.0
Movie,Bigflo & Oli: Hip Hop Frenzy,2020,TV-MA,"Documentaries, International Movies, Music & Musicals",100.0,0,2,17.0
TV Show,Do Do Sol Sol La La Sol,2020,TV-14,"International TV Shows, Romantic TV Shows, TV Comedies",0.0,1,3,17.0
Movie,Palermo Hollywood,2004,TV-MA,"Dramas, International Movies",106.0,0,2,7.0
TV Show,Private Lives,2020,TV-14,"Crime TV Shows, International TV Shows, TV Dramas",0.0,1,3,10.0
TV Show,The 100,2020,TV-MA,"TV Action & Adventure, TV Dramas, TV Sci-Fi & Fantasy",0.0,7,0,1.0
Movie,Hubie Halloween,2020,PG-13,"Comedies, Horror Movies",104.0,0,2,14.0
TV Show,To the Lake,2020,TV-MA,"International TV Shows, TV Dramas, TV Mysteries",0.0,1,3,1.0
Movie,American Pie 9: Girls' Rules,2020,R,Comedies,96.0,0,2,11.0
Movie,Dolly Parton: Here I Am,2019,TV-14,"Documentaries, Music & Musicals",90.0,0,2,12.0
Movie,StarBeam: Halloween Hero,2020,TV-Y,Children & Family Movies,33.0,0,2,16.0
Movie,Walk Away from Love,2017,TV-14,"Dramas, Romantic Movies",81.0,0,2,15.0
TV Show,Bad Boy Billionaires: India,2020,TV-14,"British TV Shows, Docuseries, International TV Shows",0.0,1,3,6.0
Movie,David Attenborough: A Life on Our Planet,2020,PG,Documentaries,84.0,0,2,18.0
Movie,"Best Wishes, Warmest Regards: A Schitt's Creek Farewell",2020,TV-MA,"Documentaries, LGBTQ Movies",44.0,0,2,17.0
Movie,Good Game: The Beginning,2018,TV-14,"Dramas, International Movies, Sports Movies",115.0,0,2,15.0
TV Show,Pat a Pat Como,2016,TV-Y,Kids' TV,0.0,1,3,4.0
TV Show,Qurious Como,2017,TV-Y,Kids' TV,0.0,1,3,4.0
Movie,A Chaster Marriage,2016,TV-14,"Comedies, International Movies, Romantic Movies",94.0,0,2,4.0
Movie,A Go! Go! Cory Carson Halloween,2020,TV-Y,Children & Family Movies,22.0,0,2,16.0
TV Show,DreamWorks Happy Holidays from Madagascar,2005,TV-PG,"Kids' TV, TV Comedies",0.0,1,3,18.0
TV Show,Emily in Paris,2020,TV-MA,"Romantic TV Shows, TV Comedies, TV Dramas",0.0,1,3,15.0
TV Show,H2O: Just Add Water,2009,TV-PG,"Kids' TV, TV Dramas",0.0,3,3,8.0
Movie,Òlòtūré,2020,TV-MA,"Dramas, International Movies",107.0,0,2,7.0
Movie,Serious Men,2020,TV-MA,"Comedies, Dramas, International Movies",115.0,0,2,7.0
Movie,The Binding,2020,TV-MA,"Horror Movies, International Movies, Thrillers",93.0,0,2,13.0
Movie,Turkish Dance School,2017,TV-MA,"Comedies, International Movies, Romantic Movies",107.0,0,2,6.0
Movie,Vampires vs. the Bronx,2020,PG-13,"Comedies, Horror Movies",86.0,0,2,14.0
Movie,You've Got This,2020,TV-MA,"Comedies, International Movies, Romantic Movies",112.0,0,2,6.0
Movie,All Because of You,2020,TV-PG,"Action & Adventure, Comedies, International Movies",102.0,0,2,1.0
Movie,An Ordinary Man,2017,R,"Dramas, Thrillers",91.0,0,2,10.0
Movie,Carlos Almaraz: Playing with Fire,2019,TV-14,"Documentaries, LGBTQ Movies",83.0,0,2,12.0
Movie,Cold Harbour,2013,TV-MA,"Action & Adventure, Dramas, International Movies",73.0,0,2,7.0
TV Show,Evil,2019,TV-14,TV Dramas,0.0,1,3,10.0
TV Show,Familiar Wife,2018,TV-MA,"International TV Shows, Romantic TV Shows, TV Dramas",0.0,1,3,2.0
TV Show,Food Wars!: Shokugeki no Soma,2016,TV-MA,"Anime Series, International TV Shows, Teen TV Shows",0.0,2,3,9.0
Movie,Free State of Jones,2016,R,"Action & Adventure, Dramas",139.0,0,2,10.0
TV Show,"Good Morning, Verônica",2020,TV-MA,"Crime TV Shows, International TV Shows, TV Mysteries",0.0,1,3,11.0
Movie,Human Nature,2019,TV-14,Documentaries,95.0,0,2,12.0
Movie,Hunt for the Wilderpeople,2016,PG-13,"Action & Adventure, Comedies, Dramas",101.0,0,2,9.0
Movie,I'm Leaving Now,2019,TV-MA,"Documentaries, International Movies",75.0,0,2,17.0
TV Show,Journey of an African Colony,2018,TV-MA,"Docuseries, International TV Shows",0.0,1,3,14.0
TV Show,Oktoberfest: Beer & Blood,2020,TV-MA,"International TV Shows, TV Dramas",0.0,1,3,2.0
Movie,Rize,2005,PG-13,"Documentaries, Music & Musicals",87.0,0,2,14.0
TV Show,Secreto bien guardado,2019,TV-MA,"International TV Shows, Romantic TV Shows, Spanish-Language TV Shows",0.0,1,3,11.0
TV Show,Sword Art Online,2018,TV-MA,"Anime Series, International TV Shows",0.0,3,3,16.0
Movie,The American Game,2019,TV-PG,"Comedies, International Movies, Romantic Movies",91.0,0,2,1.0
Movie,The Book of Sun,2020,TV-14,"Comedies, Independent Movies, International Movies",120.0,0,2,4.0
Movie,The Outpost,2020,R,"Action & Adventure, Dramas",123.0,0,2,10.0
TV Show,The Parkers,2003,TV-PG,TV Comedies,0.0,5,0,0.0
TV Show,The Unicorn,2019,TV-14,"TV Comedies, TV Dramas",0.0,1,3,17.0
Movie,We Have Always Lived in the Castle,2018,TV-14,"Dramas, Thrillers",95.0,0,2,15.0
TV Show,You Cannot Hide,2020,TV-MA,"Crime TV Shows, International TV Shows, Spanish-Language TV Shows",0.0,1,3,11.0
Movie,American Murder: The Family Next Door,2020,TV-MA,Documentaries,84.0,0,2,17.0
Movie,Baxu and the Giants,2019,TV-PG,"Dramas, International Movies",29.0,0,2,8.0
TV Show,Black Butler,2010,TV-MA,"Anime Series, International TV Shows",0.0,3,3,16.0
TV Show,Man with a Plan,2020,TV-PG,TV Comedies,0.0,4,0,0.0
Movie,Poacher,2018,TV-MA,"Dramas, International Movies, Thrillers",28.0,0,2,7.0
Movie,The Boys in the Band,2020,R,"Dramas, LGBTQ Movies",122.0,0,2,10.0
Movie,The Boys in the Band: Something Personal,2020,TV-MA,"Documentaries, LGBTQ Movies",28.0,0,2,17.0
TV Show,Wentworth,2020,TV-MA,"Crime TV Shows, TV Dramas",0.0,8,0,1.0
Movie,Bully,2012,PG-13,Documentaries,98.0,0,2,18.0
Movie,Michelle Buteau: Welcome to Buteaupia,2020,TV-MA,Stand-Up Comedy,59.0,0,2,5.0
Movie,Welcome to Sudden Death,2020,R,Action & Adventure,80.0,0,2,11.0
Movie,Amandla! A Revolution in Four Part Harmony,2002,PG-13,"Documentaries, International Movies, Music & Musicals",103.0,0,2,14.0
Movie,Ankhon Dekhi,2013,TV-PG,"Dramas, Independent Movies, International Movies",104.0,0,2,1.0
Movie,Dedh Ishqiya,2014,TV-14,"Comedies, Dramas, International Movies",146.0,0,2,4.0
Movie,Golmaal Returns,2008,TV-MA,"Comedies, International Movies, Music & Musicals",135.0,0,2,6.0
Movie,Ishq Vishk,2003,TV-PG,"Comedies, International Movies, Music & Musicals",129.0,0,2,1.0
Movie,Ishqiya,2009,TV-14,"Comedies, International Movies, Romantic Movies",115.0,0,2,4.0
Movie,Jab We Met,2007,TV-14,"Comedies, International Movies, Music & Musicals",143.0,0,2,4.0
Movie,Mann,1999,TV-14,"Dramas, International Movies, Romantic Movies",173.0,0,1,1.0
Movie,Manorama Six Feet Under,2007,TV-14,"Dramas, International Movies, Thrillers",129.0,0,2,15.0
Movie,Welcome,2007,TV-PG,"Comedies, International Movies, Music & Musicals",149.0,0,2,1.0
TV Show,"Whose Vote Counts, Explained",2020,TV-PG,Docuseries,0.0,1,3,7.0
TV Show,Van Helsing,2019,TV-MA,"International TV Shows, TV Action & Adventure, TV Dramas",0.0,4,0,0.0
TV Show,The Good Place,2020,TV-14,TV Comedies,0.0,4,0,0.0
Movie,Time Out,2015,TV-14,"Dramas, Independent Movies, International Movies",98.0,0,2,15.0
TV Show,A Perfect Crime,2020,TV-14,"Crime TV Shows, Docuseries, International TV Shows",0.0,1,3,6.0
TV Show,Mighty Little Bheem,2020,TV-Y,"Kids' TV, TV Comedies",0.0,3,3,4.0
Movie,My Mother's Wound,2016,TV-MA,"Dramas, International Movies",115.0,0,2,7.0
TV Show,Sneakerheads,2020,TV-MA,TV Comedies,0.0,1,3,15.0
TV Show,The School Nurse Files,2020,TV-MA,"International TV Shows, TV Dramas, TV Mysteries",0.0,1,3,1.0
Movie,Zulu Man in Japan,2019,TV-MA,"Documentaries, International Movies, Music & Musicals",44.0,0,2,17.0
Movie,Real Steel,2011,PG-13,"Action & Adventure, Sci-Fi & Fantasy, Sports Movies",127.0,0,2,14.0
TV Show,The Chef Show,2020,TV-MA,Docuseries,0.0,4,0,0.0
Movie,Enola Holmes,2020,PG-13,"Action & Adventure, Children & Family Movies, Dramas",124.0,0,2,9.0
Movie,Kiss the Ground,2020,TV-G,Documentaries,85.0,0,2,18.0
TV Show,The Playbook,2020,TV-MA,Docuseries,0.0,1,3,14.0
Movie,A Love Song for Latasha,2020,TV-PG,Documentaries,20.0,0,2,8.0
Movie,DTC Yukemuri Junjo Hen From High & Low,2018,TV-PG,"Dramas, International Movies",102.0,0,2,1.0
Movie,High & Low The Movie,2016,TV-MA,"Action & Adventure, International Movies",129.0,0,2,13.0
Movie,High & Low The Movie 2 / End of Sky,2017,TV-MA,"Action & Adventure, International Movies",124.0,0,2,13.0
Movie,High & Low The Movie 3 / Final Mission,2017,TV-MA,"Action & Adventure, International Movies",118.0,0,2,13.0
Movie,High & Low The Red Rain,2016,TV-MA,"Action & Adventure, International Movies",111.0,0,2,13.0
Movie,High & Low The Worst,2019,TV-MA,"Action & Adventure, International Movies",125.0,0,2,13.0
Movie,Road To High & Low,2016,TV-MA,"Action & Adventure, International Movies",94.0,0,2,13.0
Movie,The Blue Elephant 2,2019,TV-MA,"Horror Movies, International Movies, Thrillers",130.0,0,2,13.0
Movie,Bhaji In Problem,2013,TV-14,"Comedies, International Movies",117.0,0,2,4.0
Movie,Black,2015,TV-14,"Action & Adventure, International Movies",137.0,0,2,0.0
TV Show,Fukrey Boyzzz,2020,TV-Y,"Kids' TV, TV Comedies",0.0,1,3,4.0
Movie,Saheb Biwi Aur Gangster Returns,2013,TV-MA,"Dramas, International Movies, Romantic Movies",139.0,0,2,7.0
Movie,Santa Banta Pvt Ltd,2016,TV-14,"Comedies, International Movies",111.0,0,2,4.0
Movie,The Royal Bengal Tiger,2014,TV-MA,"Dramas, International Movies, Thrillers",103.0,0,2,7.0
Movie,Dolly Kitty Aur Woh Chamakte Sitare,2020,TV-MA,"Dramas, Independent Movies, International Movies",120.0,0,2,7.0
TV Show,Ratched,2020,TV-MA,"TV Dramas, TV Horror, TV Mysteries",0.0,1,3,1.0
TV Show,The American Barbecue Showdown,2020,TV-G,Reality TV,0.0,1,3,5.0
TV Show,The Blacklist,2019,TV-14,"Crime TV Shows, TV Dramas, TV Thrillers",0.0,7,0,1.0
Movie,Whipped,2020,TV-14,"Comedies, International Movies, Romantic Movies",98.0,0,2,4.0
Movie,Anaamika,2014,TV-14,"International Movies, Thrillers",130.0,0,2,0.0
TV Show,Dragon's Dogma,2020,TV-MA,"Anime Series, International TV Shows",0.0,1,3,9.0
Movie,GIMS: On the Record,2020,TV-MA,"Documentaries, International Movies, Music & Musicals",96.0,0,2,17.0
Movie,Horrid Henry's Gross Day Out,2020,TV-Y,"Children & Family Movies, Comedies",61.0,0,2,16.0
Movie,Nee Enge En Anbe,2014,TV-14,"International Movies, Thrillers",137.0,0,2,0.0
Movie,Residue,2020,TV-MA,"Dramas, Independent Movies",90.0,0,2,3.0
TV Show,The Last Word,2020,TV-MA,"International TV Shows, TV Comedies, TV Dramas",0.0,1,3,2.0
TV Show,Baby,2020,TV-MA,"International TV Shows, TV Dramas, Teen TV Shows",0.0,3,3,16.0
TV Show,Challenger,2020,TV-14,"Docuseries, Science & Nature TV",0.0,1,3,6.0
TV Show,Criminal: UK,2020,TV-MA,"British TV Shows, Crime TV Shows, International TV Shows",0.0,2,3,11.0
Movie,Dr Jason Leong Hashtag Blessed,2018,TV-MA,Stand-Up Comedy,69.0,0,2,5.0
TV Show,Signs,2020,TV-MA,"Crime TV Shows, International TV Shows, TV Dramas",0.0,2,3,2.0
TV Show,Sing On!,2020,TV-PG,Reality TV,0.0,1,3,5.0
Movie,The Devil All The Time,2020,R,"Dramas, Thrillers",139.0,0,2,10.0
Movie,The Paramedic,2020,TV-MA,"Dramas, International Movies, Thrillers",94.0,0,2,7.0
Movie,The Take,2016,R,"Action & Adventure, International Movies",92.0,0,2,11.0
TV Show,Call the Midwife,2020,TV-MA,"British TV Shows, International TV Shows, TV Dramas",0.0,9,0,1.0
Movie,Hope Frozen: A Quest to Live Twice,2020,TV-PG,"Documentaries, International Movies",80.0,0,2,8.0
Movie,Michael McIntyre: Showman,2020,TV-MA,Stand-Up Comedy,63.0,0,2,5.0
Movie,Raising Victor Vargas,2002,R,"Dramas, Independent Movies, Romantic Movies",88.0,0,1,1.0
TV Show,Taco Chronicles,2020,TV-MA,"Docuseries, International TV Shows, Reality TV",0.0,2,3,14.0
Movie,The Smurfs 2,2013,PG,"Children & Family Movies, Comedies",105.0,0,2,2.0
Movie,Wish Upon a Unicorn,2020,PG,Children & Family Movies,93.0,0,2,2.0
Movie,Lara and the Beat,2018,TV-MA,"Dramas, International Movies, Music & Musicals",140.0,0,2,7.0
TV Show,Buddi,2020,TV-Y,"British TV Shows, Kids' TV",0.0,2,3,4.0
Movie,Dad Wanted,2020,TV-14,"Children & Family Movies, Comedies, Dramas",103.0,0,2,4.0
TV Show,Family Business,2020,TV-MA,"International TV Shows, TV Comedies, TV Dramas",0.0,2,3,2.0
TV Show,Girlfriends,2007,TV-14,TV Comedies,0.0,8,0,1.0
Movie,How to Train Your Dragon 2,2014,PG,Children & Family Movies,102.0,0,2,2.0
Movie,Pets United,2020,TV-Y7,"Children & Family Movies, Comedies",93.0,0,2,16.0
TV Show,The Barrier,2020,TV-MA,"International TV Shows, Spanish-Language TV Shows, TV Dramas",0.0,1,3,2.0
TV Show,The Duchess,2020,TV-MA,"British TV Shows, International TV Shows, TV Comedies",0.0,1,3,15.0
Movie,Wonho Chung: Live in New York,2014,TV-14,Stand-Up Comedy,69.0,0,2,5.0
Movie,Aapla Manus,2018,TV-14,"Dramas, International Movies, Thrillers",133.0,0,2,15.0
Movie,Ani... Dr. Kashinath Ghanekar,2018,TV-14,"Dramas, International Movies",157.0,0,2,15.0
Movie,Bhai: Vyakti Ki Valli - Poorvardha,2019,TV-14,"Dramas, International Movies",116.0,0,2,15.0
Movie,Bhai: Vyakti Ki Valli - Uttarardh,2019,TV-PG,"Dramas, International Movies",112.0,0,2,1.0
Movie,Cycle,2018,TV-PG,"Comedies, Dramas, International Movies",96.0,0,2,1.0
Movie,Dhh,2017,TV-G,"Children & Family Movies, Dramas, International Movies",127.0,0,2,15.0
TV Show,Greenleaf,2020,TV-14,TV Dramas,0.0,5,0,0.0
TV Show,Julie and the Phantoms,2020,TV-G,"Kids' TV, TV Comedies",0.0,1,3,13.0
Movie,Kaagar,2019,TV-MA,"Dramas, International Movies, Romantic Movies",130.0,0,2,7.0
Movie,Night of Knots,2018,TV-MA,"Comedies, International Movies, Romantic Movies",93.0,0,2,6.0
Movie,PhotoCopy,2016,TV-14,"Comedies, Dramas, International Movies",138.0,0,2,4.0
Movie,Poshter Girl,2016,TV-14,"Comedies, Dramas, International Movies",138.0,0,2,4.0
Movie,Satria Heroes: Revenge of the Darkness,2017,TV-G,Children & Family Movies,92.0,0,2,16.0
Movie,Son Of Adam,2018,TV-14,"Dramas, International Movies, Thrillers",110.0,0,2,15.0
Movie,The Babysitter: Killer Queen,2020,TV-MA,"Comedies, Horror Movies",102.0,0,2,6.0
Movie,Cargo,2020,TV-14,"Comedies, Dramas, Independent Movies",113.0,0,2,4.0
Movie,Cuties,2020,TV-MA,"Dramas, International Movies",96.0,0,2,7.0
TV Show,Get Organized with The Home Edit,2020,TV-PG,Reality TV,0.0,1,3,5.0
TV Show,La Línea: Shadow of Narco,2020,TV-MA,"Crime TV Shows, Docuseries, International TV Shows",0.0,1,3,14.0
Movie,So Much Love to Give,2020,TV-14,"Comedies, International Movies, Music & Musicals",108.0,0,2,4.0
Movie,The Social Dilemma,2020,PG-13,Documentaries,94.0,0,2,18.0
Movie,#Alive,2020,TV-MA,"Horror Movies, International Movies, Thrillers",99.0,0,2,13.0
TV Show,Record of Youth,2020,TV-14,"International TV Shows, Romantic TV Shows, TV Dramas",0.0,1,3,10.0
Movie,My Octopus Teacher,2020,TV-G,"Children & Family Movies, Documentaries, International Movies",86.0,0,2,18.0
Movie,Toll Booth,2010,TV-MA,"Dramas, Independent Movies, International Movies",98.0,0,2,7.0
TV Show,Transformers: Cyberverse,2020,TV-Y7,Kids' TV,0.0,2,3,13.0
Movie,"Waiting for ""Superman""",2010,PG,Documentaries,111.0,0,2,18.0
TV Show,Cleverman,2017,TV-MA,"TV Dramas, TV Sci-Fi & Fantasy, TV Thrillers",0.0,1,3,2.0
Movie,Villain,2020,R,Dramas,97.0,0,2,10.0
TV Show,Away,2020,TV-14,"Romantic TV Shows, TV Dramas, TV Sci-Fi & Fantasy",0.0,1,3,10.0
Movie,I'm Thinking of Ending Things,2020,R,"Dramas, Independent Movies",135.0,0,2,10.0
Movie,Kandasamys: The Wedding,2019,TV-14,"Comedies, Dramas, International Movies",93.0,0,2,4.0
TV Show,Spirit Riding Free: Riding Academy,2020,TV-Y7,Kids' TV,0.0,2,3,13.0
Movie,The Lost Okoroshi,2019,TV-MA,"Comedies, Dramas, Independent Movies",94.0,0,2,3.0
Movie,You're My Boss,2015,TV-14,"Comedies, International Movies, Romantic Movies",117.0,0,2,4.0
Movie,Afonso Padilha: Classless,2020,TV-MA,Stand-Up Comedy,63.0,0,2,5.0
Movie,Ave Maryam,2018,TV-PG,"Dramas, Independent Movies, International Movies",73.0,0,2,1.0
Movie,"Love, Guaranteed",2020,TV-PG,"Comedies, Independent Movies, Romantic Movies",91.0,0,2,1.0
TV Show,Young Wallander,2020,TV-MA,"Crime TV Shows, International TV Shows, TV Dramas",0.0,1,3,2.0
TV Show,Chef's Table: BBQ,2020,TV-14,"Docuseries, Reality TV",0.0,1,3,6.0
Movie,Freaks – You're One of Us,2020,TV-MA,"Dramas, Independent Movies, International Movies",93.0,0,2,7.0
Movie,Hotel for Dogs,2009,PG,"Children & Family Movies, Comedies",101.0,0,2,2.0
Movie,Sky Tour: The Movie,2020,TV-G,"Documentaries, International Movies, Music & Musicals",93.0,0,2,18.0
TV Show,The Witcher: A Look Inside the Episodes,2020,TV-MA,"Docuseries, TV Sci-Fi & Fantasy",0.0,1,3,14.0
Movie,Adrift,2018,PG-13,"Action & Adventure, Dramas, Romantic Movies",96.0,0,2,9.0
Movie,Always Be My Maybe,2016,TV-14,"International Movies, Romantic Movies",112.0,0,2,0.0
Movie,Barbie Princess Adventure,2020,TV-Y,"Children & Family Movies, Music & Musicals",72.0,0,2,16.0
TV Show,Blue Exorcist,2017,TV-MA,"Anime Series, International TV Shows",0.0,2,3,9.0
TV Show,Bookmarks,2020,TV-Y,Kids' TV,0.0,1,3,4.0
TV Show,Borgen,2012,TV-MA,"International TV Shows, TV Dramas",0.0,3,3,16.0
Movie,Children of the Sea,2019,TV-PG,"Anime Features, International Movies",112.0,0,2,1.0
TV Show,Erased,2016,TV-14,"Anime Series, International TV Shows, TV Thrillers",0.0,1,3,9.0
Movie,Fate/Grand Order -First Order-,2016,TV-14,"Action & Adventure, Anime Features, International Movies",72.0,0,2,0.0
TV Show,Felipe Esparza: Bad Decisions,2020,TV-MA,"Stand-Up Comedy & Talk Shows, TV Comedies",0.0,1,3,15.0
TV Show,H,2002,TV-MA,"International TV Shows, TV Comedies",0.0,4,0,0.0
TV Show,Heidi,2020,TV-Y7,Kids' TV,0.0,1,3,13.0
Movie,Puss in Boots,2011,PG,"Children & Family Movies, Comedies",92.0,0,2,2.0
Movie,Sex Drive,2008,R,Comedies,109.0,0,2,11.0
TV Show,"Sister, Sister",1998,TV-PG,"TV Comedies, Teen TV Shows",0.0,6,0,0.0
Movie,Soldier,1998,TV-14,"Comedies, Dramas, International Movies",155.0,0,1,1.0
Movie,"Take the Ball, Pass the Ball",2018,TV-MA,"Documentaries, International Movies, Sports Movies",109.0,0,2,17.0
Movie,The Boss Baby: Get That Baby!,2020,TV-Y7,"Children & Family Movies, Comedies",115.0,0,2,2.0
Movie,The Match,2020,TV-MA,"Dramas, International Movies, Sports Movies",97.0,0,2,7.0
TV Show,The Promised Neverland,2019,TV-14,"Anime Series, International TV Shows, TV Thrillers",0.0,1,3,9.0
Movie,The Smurfs,2011,PG,"Children & Family Movies, Comedies",103.0,0,2,2.0
TV Show,Thomas and Friends,2020,TV-Y,"British TV Shows, Classic & Cult TV, Kids' TV",0.0,2,3,4.0
Movie,True: Friendship Day,2020,TV-Y,Children & Family Movies,24.0,0,2,16.0
Movie,Maniyarayile Ashokan,2020,TV-14,"Comedies, International Movies, Romantic Movies",110.0,0,2,4.0
Movie,The Debt Collector 2,2020,TV-MA,Action & Adventure,97.0,0,2,13.0
Movie,All Together Now,2020,PG,Dramas,94.0,0,2,9.0
TV Show,I AM A KILLER: RELEASED,2020,TV-MA,"British TV Shows, Crime TV Shows, Docuseries",0.0,1,3,14.0
TV Show,Masaba Masaba,2020,TV-MA,"International TV Shows, TV Comedies, TV Dramas",0.0,1,3,2.0
Movie,Santana,2020,TV-MA,"Action & Adventure, International Movies",107.0,0,2,13.0
Movie,Unknown Origins,2020,TV-MA,"International Movies, Thrillers",97.0,0,2,13.0
TV Show,Aggretsuko,2020,TV-14,"Anime Series, International TV Shows",0.0,3,3,8.0
Movie,Edge of Seventeen,1998,TV-MA,"Comedies, Dramas, Independent Movies",103.0,0,1,1.0
Movie,The Bridge Curse,2020,TV-MA,"Horror Movies, International Movies, Thrillers",88.0,0,2,13.0
Movie,The Young Messiah,2016,PG-13,"Dramas, Faith & Spirituality",111.0,0,2,9.0
TV Show,Her Mother's Killer,2020,TV-MA,"International TV Shows, Spanish-Language TV Shows, TV Dramas",0.0,1,3,2.0
Movie,Lingua Franca,2019,TV-MA,"Dramas, International Movies, LGBTQ Movies",94.0,0,2,7.0
Movie,Making The Witcher,2020,TV-MA,Documentaries,33.0,0,2,17.0
TV Show,Million Dollar Beach House,2020,TV-MA,Reality TV,0.0,1,3,5.0
Movie,Rising Phoenix,2020,PG-13,"Documentaries, International Movies, Sports Movies",107.0,0,2,18.0
TV Show,Emily's Wonder Lab,2020,TV-Y,Kids' TV,0.0,1,3,4.0
TV Show,Trinkets,2020,TV-MA,"TV Dramas, Teen TV Shows",0.0,2,3,16.0
Movie,Septembers of Shiraz,2016,PG-13,"Dramas, Thrillers",110.0,0,2,9.0
TV Show,Baewatch: Parental Guidance,2019,TV-MA,"British TV Shows, Reality TV, Romantic TV Shows",0.0,1,3,5.0
TV Show,Ojos in d' House,2013,TV-G,"International TV Shows, TV Comedies",0.0,1,3,17.0
Movie,Class of '83,2020,TV-14,"Dramas, International Movies, Thrillers",98.0,0,2,15.0
Movie,Dark Forces,2020,TV-MA,"Horror Movies, Independent Movies, International Movies",81.0,0,2,13.0
TV Show,Hoops,2020,TV-MA,TV Comedies,0.0,1,3,15.0
TV Show,Rust Valley Restorers,2020,TV-14,"International TV Shows, Reality TV",0.0,3,3,8.0
Movie,The Sleepover,2020,TV-PG,"Action & Adventure, Children & Family Movies, Comedies",104.0,0,2,2.0
TV Show,Goedam,2020,TV-MA,"International TV Shows, TV Horror, TV Mysteries",0.0,1,3,1.0
Movie,John Was Trying to Contact Aliens,2020,TV-PG,"Documentaries, LGBTQ Movies",17.0,0,2,8.0
Movie,Scarecrow,2019,TV-MA,"Comedies, International Movies",121.0,0,2,6.0
Movie,The Crimes That Bind,2020,TV-14,"Dramas, International Movies",100.0,0,2,15.0
TV Show,DeMarcus Family Rules,2020,TV-14,Reality TV,0.0,1,3,5.0
TV Show,High Score,2020,TV-14,"Docuseries, Science & Nature TV",0.0,1,3,6.0
Movie,Little Singham: Kaal Ka Badla,2020,TV-Y7,"Children & Family Movies, Comedies",70.0,0,2,16.0
Movie,Drunk Parents,2019,R,Comedies,97.0,0,2,11.0
Movie,Meet the In-Laws,2017,TV-PG,"Comedies, Dramas, International Movies",75.0,0,2,1.0
Movie,Crazy Awesome Teachers,2020,TV-PG,"Comedies, Dramas, International Movies",102.0,0,2,1.0
TV Show,Glitch Techs,2020,TV-Y7,Kids' TV,0.0,2,3,13.0
Movie,Islands of Faith,2018,TV-PG,"Documentaries, Faith & Spirituality, International Movies",88.0,0,2,8.0
Movie,Les Misérables,2012,PG-13,"Dramas, International Movies, Music & Musicals",158.0,0,2,9.0
Movie,Seventh Son,2014,PG-13,"Action & Adventure, Sci-Fi & Fantasy",102.0,0,2,14.0
TV Show,Stranger,2020,TV-MA,"Crime TV Shows, International TV Shows, Korean TV Shows",0.0,2,3,11.0
TV Show,Dérè: An African Tale,2016,TV-PG,"International TV Shows, Romantic TV Shows, TV Dramas",0.0,1,3,0.0
TV Show,Rita,2020,TV-MA,"International TV Shows, TV Comedies, TV Dramas",0.0,5,0,0.0
TV Show,Takki,2014,TV-14,"International TV Shows, TV Dramas",0.0,2,3,10.0
Movie,What's Your Raashee?,2009,TV-PG,"Comedies, International Movies, Music & Musicals",203.0,0,2,1.0
TV Show,3%,2020,TV-MA,"International TV Shows, TV Dramas, TV Sci-Fi & Fantasy",0.0,4,0,0.0
Movie,Beyond the Boundary: ICC Women's T20 World Cup Australia 2020,2020,TV-G,"Documentaries, International Movies, Sports Movies",59.0,0,2,18.0
Movie,Fearless,2020,TV-Y7,"Children & Family Movies, Comedies",92.0,0,2,16.0
Movie,Nigerian Prince,2018,TV-MA,"Dramas, Independent Movies",104.0,0,2,3.0
Movie,Octonauts & the Caves of Sac Actun,2020,TV-Y,Children & Family Movies,72.0,0,2,16.0
Movie,Project Power,2020,R,Action & Adventure,113.0,0,2,11.0
TV Show,Teenage Bounty Hunters,2020,TV-MA,"Crime TV Shows, TV Comedies, TV Dramas",0.0,1,3,2.0
TV Show,The Great Heist,2020,TV-MA,"Crime TV Shows, International TV Shows, Spanish-Language TV Shows",0.0,1,3,11.0
TV Show,The Legend of Korra,2014,TV-Y7,"Kids' TV, TV Action & Adventure, TV Sci-Fi & Fantasy",0.0,4,0,0.0
TV Show,Zoids Wild,2018,TV-Y7,"Anime Series, Kids' TV",0.0,1,3,13.0
Movie,An Easy Girl,2019,TV-MA,"Comedies, Dramas, International Movies",93.0,0,2,7.0
Movie,Christine,2016,R,"Dramas, Independent Movies",119.0,0,2,10.0
Movie,Simon Killer,2012,TV-MA,"Dramas, Independent Movies, Thrillers",105.0,0,2,3.0
TV Show,(Un)Well,2020,TV-MA,Reality TV,0.0,1,3,5.0
Movie,Gunjan Saxena: The Kargil Girl,2020,TV-14,"Action & Adventure, Dramas, International Movies",113.0,0,2,15.0
Movie,Mr. Peabody & Sherman,2014,PG,"Children & Family Movies, Comedies, Sci-Fi & Fantasy",93.0,0,2,2.0
Movie,"Rob Schneider: Asian Momma, Mexican Kids",2020,TV-MA,Stand-Up Comedy,44.0,0,2,5.0
TV Show,GAME ON: A Comedy Crossover Event,2020,TV-G,"Kids' TV, TV Comedies",0.0,1,3,13.0
TV Show,Terrace House: Tokyo 2019-2020,2019,TV-MA,"International TV Shows, Reality TV",0.0,2,3,5.0
Movie,The Lost Husband,2020,PG-13,"Dramas, Romantic Movies",110.0,0,2,9.0
Movie,Diamonds in the Sky,2018,TV-14,"Dramas, International Movies",113.0,0,2,15.0
TV Show,The Governor,2016,TV-14,"International TV Shows, TV Dramas",0.0,1,3,10.0
Movie,We Summon the Darkness,2020,R,"Horror Movies, Thrillers",90.0,0,2,11.0
Movie,"Berlin, Berlin: Lolle on the Run",2020,TV-MA,"Comedies, International Movies",82.0,0,2,6.0
TV Show,High Seas,2020,TV-MA,"Crime TV Shows, International TV Shows, Spanish-Language TV Shows",0.0,3,3,16.0
TV Show,Selling Sunset,2020,TV-MA,Reality TV,0.0,3,3,16.0
TV Show,Sing On! Germany,2020,TV-PG,"International TV Shows, Reality TV",0.0,1,3,5.0
Movie,Stars in the Sky: A Hunting Story,2018,TV-14,Documentaries,69.0,0,2,12.0
Movie,The Magic School Bus Rides Again Kids In Space,2020,TV-Y,Children & Family Movies,46.0,0,2,16.0
TV Show,Tiny Creatures,2020,TV-PG,"Docuseries, Science & Nature TV, TV Action & Adventure",0.0,1,3,3.0
TV Show,Wizards: Tales of Arcadia,2020,TV-Y7,"Kids' TV, TV Action & Adventure, TV Sci-Fi & Fantasy",0.0,1,3,13.0
TV Show,Word Party Songs,2020,TV-Y,Kids' TV,0.0,1,3,4.0
Movie,Work It,2020,TV-14,Comedies,94.0,0,2,4.0
TV Show,Ever After High,2016,TV-Y7,Kids' TV,0.0,5,0,0.0
Movie,Nasha Natasha,2020,TV-PG,"Documentaries, International Movies, Music & Musicals",72.0,0,2,8.0
TV Show,The Rain,2020,TV-MA,"International TV Shows, TV Dramas, TV Mysteries",0.0,3,3,16.0
Movie,Anelka: Misunderstood,2020,TV-14,"Documentaries, International Movies, Sports Movies",95.0,0,2,12.0
Movie,Sin City,2019,TV-14,"International Movies, Thrillers",101.0,0,2,0.0
TV Show,World's Most Wanted,2020,TV-14,"Crime TV Shows, Docuseries, International TV Shows",0.0,1,3,6.0
Movie,A Go! Go! Cory Carson Summer Camp,2020,TV-Y,Children & Family Movies,21.0,0,2,16.0
Movie,Malibu Rescue: The Next Wave,2020,TV-G,"Children & Family Movies, Comedies",71.0,0,2,2.0
TV Show,Mystery Lab,2020,TV-PG,"Docuseries, International TV Shows, Science & Nature TV",0.0,1,3,3.0
Movie,Sam Jay: 3 In The Morning,2020,TV-MA,Stand-Up Comedy,64.0,0,2,5.0
TV Show,Immigration Nation,2020,TV-MA,Docuseries,0.0,1,3,14.0
Movie,Almost Love,2020,TV-MA,"Comedies, Dramas, Independent Movies",92.0,0,2,3.0
Movie,Killing Hasselhoff,2017,R,Comedies,80.0,0,2,11.0
TV Show,Moesha,2000,TV-PG,"TV Comedies, Teen TV Shows",0.0,6,0,0.0
TV Show,My Perfect Landing,2020,TV-G,Kids' TV,0.0,1,3,13.0
TV Show,Nagi-Asu: A Lull in the Sea,2014,TV-14,"Anime Series, Romantic TV Shows, Teen TV Shows",0.0,1,3,9.0
Movie,Rogue Warfare: The Hunt,2020,R,Action & Adventure,104.0,0,2,11.0
Movie,Super Monsters: The New Class,2020,TV-Y,Children & Family Movies,25.0,0,2,16.0
TV Show,The Next Step,2018,TV-G,"Kids' TV, Reality TV, TV Dramas",0.0,1,3,5.0
Movie,The Ottoman Lieutenant,2017,R,"Dramas, Romantic Movies",111.0,0,2,10.0
TV Show,Toradora!,2008,TV-14,"Anime Series, International TV Shows, Romantic TV Shows",0.0,1,3,9.0
TV Show,Transformers Rescue Bots Academy,2020,TV-Y,Kids' TV,0.0,2,3,4.0
Movie,Tumi or not Tumi,2020,TV-MA,Stand-Up Comedy,72.0,0,2,5.0
Movie,What Keeps You Alive,2018,R,"LGBTQ Movies, Thrillers",99.0,0,2,11.0
TV Show,Get Even,2020,TV-PG,"British TV Shows, Crime TV Shows, International TV Shows",0.0,1,3,0.0
Movie,Latte and the Magic Waterstone,2020,TV-Y,"Children & Family Movies, Comedies",83.0,0,2,16.0
Movie,Raat Akeli Hai,2020,TV-MA,"Dramas, International Movies, Thrillers",150.0,0,2,7.0
Movie,Seriously Single,2020,TV-MA,"Comedies, International Movies, Romantic Movies",108.0,0,2,6.0
Movie,Sugar High,2020,TV-G,Children & Family Movies,44.0,0,2,16.0
TV Show,Sugar Rush,2020,TV-PG,Reality TV,0.0,3,3,8.0
TV Show,The Umbrella Academy,2020,TV-14,"TV Action & Adventure, TV Mysteries, TV Sci-Fi & Fantasy",0.0,2,3,8.0
Movie,Retablo,2017,TV-MA,"Dramas, International Movies",102.0,0,2,7.0
TV Show,Transformers: War For Cybertron Trilogy,2020,TV-Y7,Anime Series,0.0,1,3,13.0
Movie,Uma Maheswara Ugra Roopasya,2020,TV-MA,"Comedies, Dramas, Independent Movies",137.0,0,2,3.0
TV Show,Unlucky Ploy,2020,TV-MA,"International TV Shows, Romantic TV Shows, TV Comedies",0.0,1,3,15.0
Movie,It's Her Day,2016,TV-MA,"Comedies, International Movies, Romantic Movies",112.0,0,2,6.0
Movie,Redemption,2019,TV-MA,"Dramas, International Movies, Thrillers",102.0,0,2,7.0
Movie,Shine Your Eyes,2020,TV-MA,"Dramas, Independent Movies, International Movies",103.0,0,2,7.0
Movie,The Hater,2020,TV-MA,"Dramas, International Movies, Thrillers",136.0,0,2,7.0
Movie,The Speed Cubers,2020,TV-PG,Documentaries,41.0,0,2,8.0
Movie,Tread,2019,TV-MA,Documentaries,88.0,0,2,17.0
TV Show,Last Chance U,2020,TV-MA,Docuseries,0.0,5,0,0.0
Movie,Banana Split,2020,TV-MA,"Comedies, Dramas, Independent Movies",84.0,0,2,3.0
TV Show,Shameless (U.S.),2019,TV-MA,"TV Comedies, TV Dramas",0.0,10,0,1.0
Movie,Door Ke Darshan,2020,TV-14,"Comedies, International Movies",114.0,0,2,4.0
Movie,Double World,2020,TV-14,"Action & Adventure, International Movies",110.0,0,2,0.0
Movie,Project Marathwada,2016,TV-MA,"Dramas, Independent Movies, International Movies",103.0,0,2,7.0
Movie,Animal Crackers,2020,TV-Y7,"Children & Family Movies, Comedies",106.0,0,2,2.0
Movie,Dragons: Rescue Riders: Secrets of the Songwing,2020,TV-Y,"Children & Family Movies, Comedies",46.0,0,2,16.0
Movie,Nimbe,2019,TV-MA,"Dramas, International Movies",115.0,0,2,7.0
Movie,Offering to the Storm,2020,TV-MA,"International Movies, Thrillers",140.0,0,2,13.0
Movie,Romance Doll,2020,TV-MA,"Dramas, International Movies, Romantic Movies",124.0,0,2,7.0
TV Show,Sing On! Spain,2020,TV-G,"International TV Shows, Reality TV, Spanish-Language TV Shows",0.0,1,3,5.0
Movie,The Kissing Booth 2,2020,TV-14,"Comedies, Romantic Movies",133.0,0,2,4.0
TV Show,Sinatra: All or Nothing at All,2015,TV-14,Docuseries,0.0,1,3,6.0
Movie,The Larva Island Movie,2020,TV-Y7,"Children & Family Movies, Comedies",91.0,0,2,16.0
Movie,The Letter Reader,2019,TV-PG,"Dramas, International Movies",30.0,0,2,8.0
TV Show,Fear City: New York vs The Mafia,2020,TV-MA,"Crime TV Shows, Docuseries",0.0,1,3,14.0
TV Show,Norsemen,2020,TV-MA,"International TV Shows, TV Comedies",0.0,3,3,16.0
Movie,The Remix: Hip Hop X Fashion,2019,TV-MA,"Documentaries, Music & Musicals",67.0,0,2,17.0
Movie,Ip Man 4: The Finale,2019,TV-MA,"Action & Adventure, Dramas, International Movies",105.0,0,2,7.0
Movie,Jack Whitehall: I'm Only Joking,2020,TV-MA,Stand-Up Comedy,58.0,0,2,5.0
TV Show,Street Food: Latin America,2020,TV-PG,"Docuseries, Spanish-Language TV Shows",0.0,1,3,7.0
TV Show,Killer Women with Piers Morgan,2017,TV-MA,"British TV Shows, Crime TV Shows, Docuseries",0.0,1,3,14.0
Movie,Funan,2018,TV-14,"Dramas, International Movies",87.0,0,2,15.0
TV Show,Gigantosaurus,2019,TV-Y,Kids' TV,0.0,1,3,4.0
TV Show,Single Wives,2018,TV-MA,"Reality TV, Romantic TV Shows",0.0,1,3,5.0
TV Show,Cursed,2020,TV-MA,"TV Action & Adventure, TV Dramas, TV Sci-Fi & Fantasy",0.0,1,3,2.0
Movie,Father Soldier Son,2020,R,Documentaries,100.0,0,2,18.0
TV Show,In The Dark,2020,TV-14,"Crime TV Shows, TV Dramas",0.0,2,3,10.0
TV Show,Kissing Game,2020,TV-MA,"International TV Shows, TV Dramas, TV Mysteries",0.0,1,3,1.0
Movie,The Millions,2019,TV-MA,"Comedies, International Movies",95.0,0,2,6.0
Movie,Fatal Affair,2020,TV-14,Thrillers,90.0,0,2,0.0
Movie,MILF,2018,TV-MA,"Comedies, International Movies, Romantic Movies",102.0,0,2,6.0
Movie,Cold Feet,2019,TV-14,"Dramas, International Movies, Romantic Movies",98.0,0,2,15.0
TV Show,Dark Desire,2020,TV-MA,"Crime TV Shows, International TV Shows, Spanish-Language TV Shows",0.0,1,3,11.0
Movie,Little Singham: Legend of Dugabakka,2020,TV-Y7,"Children & Family Movies, Comedies",68.0,0,2,16.0
TV Show,Skin Decision: Before and After,2020,TV-MA,"Reality TV, Science & Nature TV",0.0,1,3,5.0
TV Show,Sunny Bunnies,2016,TV-Y,"British TV Shows, Kids' TV, TV Comedies",0.0,2,3,4.0
Movie,Sylvia,2018,TV-14,"Dramas, International Movies, Thrillers",104.0,0,2,15.0
Movie,The Players,2020,TV-MA,"Comedies, International Movies",89.0,0,2,6.0
TV Show,The Business of Drugs,2020,TV-MA,Docuseries,0.0,1,3,14.0
Movie,Urzila Carlson: Overqualified Loser,2020,TV-MA,Stand-Up Comedy,62.0,0,2,5.0
Movie,We Are One,2020,TV-MA,"Documentaries, International Movies, Music & Musicals",86.0,0,2,17.0
Movie,Hole in the Wall,2016,TV-MA,"Dramas, International Movies",104.0,0,2,7.0
TV Show,Dating Around: Brazil,2020,TV-14,"International TV Shows, Reality TV, Romantic TV Shows",0.0,1,3,5.0
TV Show,Down to Earth with Zac Efron,2020,TV-PG,"Docuseries, Reality TV, Science & Nature TV",0.0,1,3,3.0
Movie,Mama's Boy,2018,TV-14,"Comedies, International Movies",101.0,0,2,4.0
Movie,The Claudia Kishi Club,2020,TV-14,Documentaries,17.0,0,2,12.0
TV Show,The Epic Tales of Captain Underpants in Space,2020,TV-Y7,"Kids' TV, TV Action & Adventure, TV Comedies",0.0,1,3,13.0
Movie,The Old Guard,2020,R,Action & Adventure,126.0,0,2,11.0
TV Show,The Twelve,2019,TV-MA,"Crime TV Shows, International TV Shows, TV Dramas",0.0,1,3,2.0
Movie,Your Excellency,2019,TV-G,"Comedies, International Movies",120.0,0,2,6.0
TV Show,Japan Sinks: 2020,2020,TV-MA,"Anime Series, International TV Shows",0.0,1,3,9.0
TV Show,The Protector,2020,TV-MA,"International TV Shows, Romantic TV Shows, TV Action & Adventure",0.0,4,0,0.0
TV Show,Was It Love?,2020,TV-14,"International TV Shows, Korean TV Shows, Romantic TV Shows",0.0,1,3,12.0
Movie,Born Racer,2018,R,"Documentaries, Sports Movies",89.0,0,2,18.0
Movie,Mucho Mucho Amor: The Legend of Walter Mercado,2020,TV-14,"Documentaries, LGBTQ Movies",96.0,0,2,12.0
TV Show,Stateless,2020,TV-MA,"International TV Shows, TV Dramas",0.0,1,3,2.0
Movie,The Long Dumb Road,2018,R,"Comedies, Independent Movies",91.0,0,2,11.0
Movie,Dr. Seuss' The Lorax,2012,PG,Children & Family Movies,86.0,0,2,2.0
Movie,Jim Jefferies: Intolerant,2020,TV-MA,Stand-Up Comedy,67.0,0,2,5.0
Movie,A Kid from Coney Island,2019,TV-MA,"Documentaries, Sports Movies",89.0,0,2,17.0
Movie,PNL - Dans la légende tour,2020,TV-MA,"International Movies, Music & Musicals",65.0,0,2,13.0
Movie,Aiyyaa,2012,TV-14,"Comedies, International Movies, Music & Musicals",151.0,0,2,4.0
Movie,Bbuddah Hoga Terra Baap,2011,TV-14,"Action & Adventure, Comedies, Dramas",116.0,0,2,4.0
Movie,Blood Money,2012,TV-14,"Dramas, International Movies, Romantic Movies",110.0,0,2,15.0
Movie,Bombay Talkies,2013,TV-MA,"Dramas, International Movies",123.0,0,2,7.0
Movie,Boss,2013,TV-14,"Action & Adventure, Comedies, Dramas",139.0,0,2,4.0
Movie,Budhia Singh: Born to Run,2016,TV-MA,"Dramas, Independent Movies, International Movies",95.0,0,2,7.0
Movie,Chashme Baddoor,2013,TV-14,"Comedies, International Movies, Music & Musicals",121.0,0,2,4.0
Movie,Dharam Sankat Mein,2015,TV-PG,"Comedies, Dramas, International Movies",127.0,0,2,1.0
Movie,Drishyam,2015,TV-14,"Dramas, International Movies, Thrillers",162.0,0,2,15.0
Movie,Gabbar Is Back,2015,TV-14,"Action & Adventure, Dramas, International Movies",128.0,0,2,15.0
Movie,Gollu Aur Pappu,2014,TV-14,"Action & Adventure, Comedies, International Movies",112.0,0,2,4.0
TV Show,Hook,2020,TV-MA,"International TV Shows, Romantic TV Shows, TV Comedies",0.0,1,3,15.0
Movie,Inkaar,2013,TV-MA,"Dramas, International Movies, Romantic Movies",125.0,0,2,7.0
Movie,Madras Café,2013,TV-14,"Dramas, International Movies, Thrillers",128.0,0,2,15.0
Movie,Mary Kom,2014,TV-PG,"Dramas, International Movies, Sports Movies",120.0,0,2,1.0
Movie,Michael,2011,TV-MA,"Dramas, Independent Movies, International Movies",86.0,0,2,7.0
Movie,Mumbai Delhi Mumbai,2014,TV-MA,"Comedies, International Movies, Romantic Movies",107.0,0,2,6.0
Movie,Oh My God,2012,TV-PG,"Comedies, Dramas, International Movies",129.0,0,2,1.0
Movie,One by Two,2014,TV-14,"Comedies, Dramas, International Movies",135.0,0,2,4.0
Movie,Only,2019,TV-MA,"Dramas, Independent Movies, Romantic Movies",97.0,0,2,3.0
Movie,Penalty,2019,TV-14,"Dramas, Independent Movies, International Movies",125.0,0,2,15.0
Movie,Players,2012,TV-14,"Action & Adventure, International Movies",162.0,0,2,0.0
Movie,Pyaar Ka Punchnama 2,2015,TV-MA,"Comedies, Dramas, International Movies",136.0,0,2,7.0
Movie,Queen,2014,TV-MA,"Comedies, Dramas, International Movies",138.0,0,2,7.0
Movie,Shaitan,2011,TV-MA,"Action & Adventure, Dramas, Independent Movies",126.0,0,2,3.0
Movie,Special 26,2013,TV-PG,"Dramas, International Movies, Thrillers",137.0,0,2,1.0
Movie,Tanu Weds Manu,2011,TV-14,"Comedies, Dramas, International Movies",114.0,0,2,4.0
Movie,What the Fish,2013,TV-14,"Comedies, International Movies",96.0,0,2,4.0
TV Show,Little Singham,2020,TV-Y7,"Kids' TV, TV Comedies",0.0,2,3,13.0
TV Show,Cable Girls,2019,TV-MA,"International TV Shows, Romantic TV Shows, Spanish-Language TV Shows",0.0,6,0,0.0
Movie,Desperados,2020,TV-MA,"Comedies, Romantic Movies",107.0,0,2,6.0
Movie,Hunter in the Blue Side of Manchester,2020,TV-MA,"Dramas, International Movies",89.0,0,2,7.0
Movie,I Am Not Your Negro,2017,PG-13,Documentaries,94.0,0,2,18.0
TV Show,JU-ON: Origins,2020,TV-MA,"International TV Shows, TV Horror, TV Mysteries",0.0,1,3,1.0
TV Show,Southern Survival,2020,TV-PG,Reality TV,0.0,1,3,5.0
TV Show,The Baby-Sitters Club,2020,TV-G,"Kids' TV, TV Dramas",0.0,1,3,13.0
Movie,The Perfect Picture: Ten Years Later,2019,TV-MA,"Comedies, Dramas, International Movies",148.0,0,2,7.0
TV Show,Supermarket Sweep,1993,TV-G,Reality TV,0.0,1,3,18.0
Movie,Thiago Ventura: POKAS,2020,TV-MA,Stand-Up Comedy,82.0,0,2,5.0
TV Show,Warrior Nun,2020,TV-MA,"TV Action & Adventure, TV Mysteries, TV Sci-Fi & Fantasy",0.0,1,3,1.0
Movie,#AnneFrank - Parallel Stories,2019,TV-14,"Documentaries, International Movies",95.0,0,2,12.0
TV Show,21 Again,2019,TV-MA,"British TV Shows, Reality TV",0.0,1,3,5.0
TV Show,A Touch of Green,2016,TV-MA,"International TV Shows, TV Dramas",0.0,1,3,2.0
TV Show,Abby Hatcher,2019,TV-Y,Kids' TV,0.0,1,3,4.0
Movie,Adú,2020,TV-MA,"Dramas, International Movies",120.0,0,2,7.0
Movie,Ali Baba ve 7 Cüceler,2015,TV-MA,"Action & Adventure, Comedies, International Movies",115.0,0,2,6.0
Movie,David Foster: Off the Record,2019,TV-MA,"Documentaries, Music & Musicals",107.0,0,2,17.0
Movie,Double Jeopardy,1999,R,Thrillers,105.0,0,1,1.0
Movie,Pek Yakında,2014,TV-MA,"Comedies, International Movies",134.0,0,2,6.0
TV Show,Say I Do,2020,TV-14,"Reality TV, Romantic TV Shows",0.0,1,3,5.0
Movie,Stardust,2007,PG-13,"Action & Adventure, International Movies, Romantic Movies",128.0,0,2,14.0
Movie,The F**k-It List,2019,TV-MA,Comedies,103.0,0,2,6.0
Movie,The Silence of Others,2019,TV-14,"Documentaries, International Movies",96.0,0,2,12.0
Movie,Total Recall,1990,R,"Action & Adventure, Sci-Fi & Fantasy",114.0,0,1,1.0
TV Show,Trotro,2004,TV-Y,Kids' TV,0.0,1,3,18.0
Movie,Under the Riccione Sun,2020,TV-MA,"Comedies, International Movies, Romantic Movies",102.0,0,2,6.0
TV Show,BNA,2020,TV-14,"Anime Series, International TV Shows",0.0,1,3,9.0
Movie,George Lopez: We'll Do It For Half,2020,TV-MA,Stand-Up Comedy,52.0,0,2,5.0
TV Show,Homemade,2020,TV-MA,"International TV Shows, TV Dramas",0.0,1,3,2.0
Movie,The Mirror Boy,2011,TV-14,"Action & Adventure, Dramas, International Movies",86.0,0,2,15.0
Movie,#FriendButMarried 2,2020,TV-G,"Dramas, International Movies, Romantic Movies",104.0,0,2,15.0
Movie,Skin,2019,TV-MA,"Documentaries, International Movies",76.0,0,2,17.0
Movie,Thackeray (Marathi),2019,TV-14,"Dramas, International Movies",135.0,0,2,15.0
TV Show,Dark,2020,TV-MA,"Crime TV Shows, International TV Shows, TV Dramas",0.0,3,3,16.0
Movie,Ride Like a Girl,2020,PG,"Children & Family Movies, Dramas, Independent Movies",99.0,0,2,2.0
TV Show,All For Love,2020,TV-MA,"International TV Shows, Romantic TV Shows, Spanish-Language TV Shows",0.0,1,3,11.0
Movie,Eurovision Song Contest: The Story of Fire Saga,2020,PG-13,"Comedies, Music & Musicals, Romantic Movies",124.0,0,2,14.0
TV Show,Home Game,2020,TV-MA,Docuseries,0.0,1,3,14.0
Movie,Kasanova,2019,TV-14,"Comedies, International Movies, Romantic Movies",117.0,0,2,4.0
Movie,Ordinary People,2016,TV-MA,"Dramas, Independent Movies, International Movies",107.0,0,2,7.0
Movie,Seven (Tamil),2019,TV-MA,"Dramas, International Movies, Romantic Movies",111.0,0,2,7.0
Movie,Seven (Telugu),2019,TV-14,"Dramas, International Movies, Romantic Movies",116.0,0,2,15.0
Movie,Thackeray (Hindi),2019,TV-14,"Dramas, International Movies",135.0,0,2,15.0
TV Show,Twogether,2020,TV-G,"International TV Shows, Korean TV Shows, Reality TV",0.0,1,3,5.0
Movie,Krishna and His Leela,2020,TV-MA,"International Movies, Romantic Movies",126.0,0,2,13.0
Movie,Prem Ratan Dhan Payo,2015,TV-14,"Action & Adventure, Dramas, International Movies",164.0,0,2,15.0
Movie,Vivah,2006,TV-14,"Dramas, International Movies, Romantic Movies",166.0,0,2,15.0
Movie,Athlete A,2020,PG-13,"Documentaries, Sports Movies",104.0,0,2,18.0
Movie,Bulbbul,2020,TV-MA,"Horror Movies, International Movies",94.0,0,2,13.0
TV Show,Crazy Delicious,2020,TV-PG,"British TV Shows, International TV Shows, Reality TV",0.0,1,3,5.0
Movie,Nobody Knows I'm Here,2020,TV-MA,"Dramas, Independent Movies, International Movies",92.0,0,2,7.0
Movie,Eric Andre: Legalize Everything,2020,TV-MA,Stand-Up Comedy,52.0,0,2,5.0
TV Show,"Roswell, New Mexico",2020,TV-14,"Classic & Cult TV, TV Dramas, TV Sci-Fi & Fantasy",0.0,2,3,10.0
Movie,Kappela,2020,TV-14,"Dramas, Independent Movies, International Movies",112.0,0,2,15.0
Movie,The Royal Hibiscus Hotel,2017,TV-PG,"Comedies, International Movies, Romantic Movies",90.0,0,2,1.0
TV Show,It's Okay to Not Be Okay,2020,TV-MA,"International TV Shows, Korean TV Shows, Romantic TV Shows",0.0,1,3,12.0
Movie,Woodshock,2017,R,"Dramas, Independent Movies, Thrillers",101.0,0,2,10.0
Movie,Elevator Baby,2019,TV-MA,"Dramas, International Movies",84.0,0,2,7.0
TV Show,Babies,2020,TV-14,"Docuseries, Science & Nature TV",0.0,2,3,6.0
Movie,Chaman Bahaar,2020,TV-MA,"Comedies, Dramas, International Movies",112.0,0,2,7.0
Movie,Destiny,1997,TV-14,"Dramas, International Movies",136.0,0,1,1.0
Movie,Disclosure,2020,TV-MA,"Documentaries, LGBTQ Movies",108.0,0,2,17.0
Movie,Feel the Beat,2020,TV-G,"Children & Family Movies, Comedies, Dramas",110.0,0,2,2.0
TV Show,Floor Is Lava,2020,TV-PG,Reality TV,0.0,1,3,5.0
Movie,Lost Bullet,2020,TV-MA,"Action & Adventure, Dramas, International Movies",93.0,0,2,7.0
TV Show,Most Beautiful Thing,2020,TV-MA,"International TV Shows, Romantic TV Shows, TV Dramas",0.0,2,3,2.0
Movie,One-Way to Tomorrow,2020,TV-MA,"Dramas, International Movies, Romantic Movies",90.0,0,2,7.0
Movie,The Emigrant,1994,TV-14,"Dramas, International Movies",130.0,0,1,1.0
TV Show,The Politician,2020,TV-MA,"TV Comedies, TV Dramas, Teen TV Shows",0.0,2,3,16.0
Movie,Wasp Network,2020,TV-MA,"Dramas, International Movies, Thrillers",128.0,0,2,7.0
Movie,A Whisker Away,2020,TV-PG,"Anime Features, Children & Family Movies, International Movies",104.0,0,2,1.0
Movie,Alexandria ... Why?,1979,TV-MA,"Classic Movies, Dramas, International Movies",131.0,0,1,0.0
Movie,Alexandria: Again and Forever,1989,TV-MA,"Classic Movies, Dramas, International Movies",109.0,0,1,1.0
Movie,An Egyptian Story,1982,TV-MA,"Classic Movies, Dramas, Independent Movies",129.0,0,1,0.0
Movie,Cairo Station,1958,TV-14,"Classic Movies, Dramas, International Movies",73.0,0,1,0.0
Movie,Dark Waters,1956,TV-14,"Classic Movies, Dramas, International Movies",104.0,0,1,0.0
Movie,El límite infinito,2020,TV-PG,"Documentaries, International Movies, Sports Movies",48.0,0,2,8.0
Movie,Lola Igna,2019,TV-14,"Comedies, International Movies",114.0,0,2,4.0
Movie,One Take,2020,TV-G,"Documentaries, International Movies, Music & Musicals",86.0,0,2,18.0
Movie,Saladin,1963,TV-MA,"Action & Adventure, Classic Movies, Dramas",194.0,0,1,0.0
Movie,Stray Bullet,2010,TV-MA,"Dramas, International Movies, Romantic Movies",76.0,0,2,7.0
Movie,The Blazing Sun,1954,TV-14,"Classic Movies, Dramas, International Movies",116.0,0,1,0.0
Movie,The Land,1970,TV-MA,"Classic Movies, Dramas, International Movies",130.0,0,1,0.0
Movie,The Nut Job,2014,PG,"Children & Family Movies, Comedies",85.0,0,2,2.0
TV Show,The Order,2020,TV-MA,"International TV Shows, TV Dramas, TV Horror",0.0,2,3,2.0
Movie,An Evening with Beverly Luff Linn,2018,R,"Comedies, Independent Movies",108.0,0,2,11.0
Movie,Riding Faith,2020,TV-PG,"Children & Family Movies, Dramas, Faith & Spirituality",81.0,0,2,1.0
Movie,Last Flight to Abuja,2012,TV-14,"Dramas, International Movies",76.0,0,2,15.0
Movie,The Darkness,2016,PG-13,"Horror Movies, Thrillers",92.0,0,2,14.0
TV Show,The Chase,2015,TV-PG,Reality TV,0.0,2,3,5.0
Movie,The Show Must Go On: The Queen + Adam Lambert Story,2019,TV-MA,"Documentaries, Music & Musicals",85.0,0,2,17.0
Movie,Underdogs,2013,PG,"Children & Family Movies, Sports Movies",85.0,0,2,2.0
Movie,Wira,2019,TV-14,"Action & Adventure, Dramas, International Movies",108.0,0,2,15.0
Movie,4th Republic,2019,TV-MA,"Dramas, International Movies, Thrillers",120.0,0,2,7.0
TV Show,Alexa & Katie,2020,TV-G,"Kids' TV, TV Comedies",0.0,4,0,0.0
Movie,Asura Guru,2020,TV-14,"Dramas, International Movies",117.0,0,2,15.0
TV Show,How to Get Away with Murder,2020,TV-14,"Crime TV Shows, TV Dramas, TV Mysteries",0.0,6,0,0.0
Movie,Milea,2020,TV-14,"Dramas, International Movies, Romantic Movies",100.0,0,2,15.0
Movie,Axone,2020,TV-MA,"Comedies, Dramas, Independent Movies",101.0,0,2,3.0
Movie,Da 5 Bloods,2020,R,"Action & Adventure, Dramas",156.0,0,2,10.0
TV Show,Dating Around,2020,TV-MA,"Reality TV, Romantic TV Shows",0.0,2,3,5.0
TV Show,F is for Family,2020,TV-MA,TV Comedies,0.0,4,0,0.0
TV Show,Frank Elstner: Just One Last Question,2020,TV-MA,"International TV Shows, Stand-Up Comedy & Talk Shows",0.0,1,3,11.0
Movie,Jo Koy: In His Elements,2020,TV-MA,Stand-Up Comedy,55.0,0,2,5.0
Movie,Okko's Inn,2018,PG,"Anime Features, Children & Family Movies",96.0,0,2,2.0
TV Show,ONE PIECE,2002,TV-14,Anime Series,0.0,4,0,0.0
TV Show,The Search,2020,TV-MA,"Crime TV Shows, International TV Shows, Spanish-Language TV Shows",0.0,1,3,11.0
TV Show,The Woods,2020,TV-MA,"Crime TV Shows, International TV Shows, TV Dramas",0.0,1,3,2.0
Movie,From A to B,2014,TV-MA,"Comedies, Dramas, International Movies",104.0,0,2,7.0
Movie,Menahi,2008,TV-14,"Comedies, International Movies",101.0,0,2,4.0
TV Show,Curon,2020,TV-MA,"International TV Shows, TV Dramas, TV Horror",0.0,1,3,2.0
TV Show,DC's Legends of Tomorrow,2020,TV-14,"TV Action & Adventure, TV Sci-Fi & Fantasy",0.0,5,0,0.0
TV Show,Lenox Hill,2020,TV-MA,"Docuseries, Reality TV, Science & Nature TV",0.0,1,3,14.0
Movie,Middle Men,2009,R,"Comedies, Dramas, Independent Movies",113.0,0,2,10.0
TV Show,My Mister,2018,TV-MA,"Crime TV Shows, International TV Shows, Korean TV Shows",0.0,1,3,11.0
TV Show,Reality Z,2020,TV-MA,"International TV Shows, TV Horror, TV Mysteries",0.0,1,3,1.0
Movie,The Witch: Part 1 - The Subversion,2018,TV-MA,"Action & Adventure, International Movies, Sci-Fi & Fantasy",126.0,0,2,13.0
Movie,Before I Fall,2017,PG-13,"Dramas, Romantic Movies",98.0,0,2,9.0
Movie,365 Days,2020,TV-MA,"Dramas, International Movies, Romantic Movies",114.0,0,2,7.0
Movie,Forensic,2020,TV-14,"International Movies, Thrillers",132.0,0,2,0.0
Movie,Project Papa,2018,TV-14,"Dramas, Independent Movies, International Movies",92.0,0,2,15.0
TV Show,Queen of the South,2018,TV-MA,"Crime TV Shows, TV Action & Adventure, TV Dramas",0.0,4,0,0.0
Movie,The Night Clerk,2020,R,"Dramas, Independent Movies",90.0,0,2,10.0
TV Show,13 Reasons Why,2020,TV-MA,"Crime TV Shows, TV Dramas, TV Mysteries",0.0,4,0,0.0
Movie,Before the Summer Crowds,2016,TV-14,"Dramas, International Movies",86.0,0,2,15.0
Movie,Big Stone Gap,2014,PG-13,"Comedies, Romantic Movies",103.0,0,2,14.0
Movie,Choked: Paisa Bolta Hai,2020,TV-14,"Dramas, International Movies",114.0,0,2,15.0
Movie,Merry Men 2: Another Mission,2019,TV-MA,"Comedies, International Movies",115.0,0,2,6.0
TV Show,Queer Eye,2020,TV-14,Reality TV,0.0,5,0,0.0
TV Show,Supernatural,2019,TV-14,"Classic & Cult TV, TV Action & Adventure, TV Horror",0.0,15,0,1.0
Movie,The Last Days of American Crime,2020,TV-MA,"Action & Adventure, Dramas, Independent Movies",149.0,0,2,3.0
Movie,The Light of My Eyes,2010,TV-MA,"Dramas, International Movies, Romantic Movies",96.0,0,2,7.0
TV Show,BAKI,2020,TV-MA,"Anime Series, International TV Shows",0.0,3,3,16.0
Movie,Hot Sweet Sour,2017,TV-14,"Dramas, International Movies, Romantic Movies",102.0,0,2,15.0
Movie,Overnight Republic,2017,TV-MA,"Comedies, International Movies",105.0,0,2,6.0
Movie,Can’t Complain,2007,TV-MA,"Comedies, International Movies, Romantic Movies",114.0,0,2,6.0
Movie,Lady Bird,2017,R,"Comedies, Dramas, Independent Movies",94.0,0,2,10.0
Movie,Spelling the Dream,2020,TV-G,"Children & Family Movies, Documentaries",83.0,0,2,18.0
TV Show,Alone,2019,TV-14,Reality TV,0.0,1,3,5.0
Movie,Andaleeb El Dokki,2008,TV-14,"Comedies, International Movies",106.0,0,2,4.0
Movie,Let's Dance,2006,TV-14,"Comedies, Dramas, International Movies",116.0,0,2,4.0
Movie,Life's Speed Bump,2006,TV-14,"Comedies, International Movies",109.0,0,2,4.0
Movie,Mr. Romantic,2009,TV-14,"Comedies, International Movies, Romantic Movies",97.0,0,2,4.0
Movie,My Horrible Grandma,2012,TV-MA,"Comedies, Dramas, International Movies",100.0,0,2,7.0
Movie,Sorry To Disturb,2008,TV-14,"Dramas, International Movies",116.0,0,2,15.0
Movie,The Student Cop,2004,TV-14,"Action & Adventure, Comedies, International Movies",111.0,0,2,4.0
Movie,True: Rainbow Rescue,2020,TV-Y,Children & Family Movies,24.0,0,2,16.0
Movie,What's Up?,2006,TV-PG,"Comedies, Dramas, International Movies",95.0,0,2,1.0
Movie,X Large,2011,TV-14,"Comedies, International Movies, Romantic Movies",135.0,0,2,4.0
Movie,122,2019,TV-MA,"Horror Movies, International Movies",95.0,0,2,13.0
TV Show,Cardcaptor Sakura,1999,TV-Y7,"Anime Series, International TV Shows",0.0,2,3,18.0
Movie,Chippa,2020,TV-14,"Comedies, Dramas, Independent Movies",92.0,0,2,4.0
Movie,Cook Off,2017,TV-G,"Comedies, International Movies, Romantic Movies",100.0,0,2,6.0
TV Show,Dear My Friends,2016,TV-MA,"International TV Shows, Korean TV Shows, TV Dramas",0.0,1,3,2.0
Movie,Kalek Shanab,2019,TV-PG,"Comedies, International Movies",80.0,0,2,1.0
TV Show,Megalobox,2018,TV-MA,"Anime Series, International TV Shows",0.0,1,3,9.0
TV Show,Midnight Diner,2014,TV-MA,"International TV Shows, TV Dramas",0.0,3,3,16.0
Movie,Mirai,2018,PG,"Action & Adventure, Anime Features, Children & Family Movies",98.0,0,2,2.0
TV Show,My Shy Boss,2017,TV-MA,"International TV Shows, Korean TV Shows, Romantic TV Shows",0.0,1,3,12.0
TV Show,Revolutionary Love,2017,TV-MA,"International TV Shows, Korean TV Shows, Romantic TV Shows",0.0,1,3,12.0
Movie,The Disaster Artist,2017,R,"Comedies, Dramas",104.0,0,2,10.0
Movie,The Stolen,2016,TV-14,Dramas,98.0,0,2,15.0
Movie,High Strung Free Dance,2019,TV-14,"Dramas, Music & Musicals, Romantic Movies",104.0,0,2,15.0
Movie,Freej Al Taibeen,2018,TV-PG,"Comedies, Dramas, International Movies",99.0,0,2,1.0
Movie,Kenny Sebastian: The Most Interesting Person in the Room,2020,TV-MA,Stand-Up Comedy,68.0,0,2,5.0
TV Show,Space Force,2020,TV-MA,TV Comedies,0.0,1,3,15.0
Movie,The Other,1999,TV-MA,"Dramas, International Movies, Romantic Movies",106.0,0,1,1.0
TV Show,"Can't Cope, Won't Cope",2018,TV-MA,"TV Comedies, TV Dramas",0.0,2,3,16.0
TV Show,Dorohedoro,2020,TV-MA,"Anime Series, International TV Shows",0.0,1,3,9.0
Movie,Grandmother's Farm,2014,TV-14,"Comedies, Horror Movies, International Movies",71.0,0,2,4.0
Movie,Grandmother's Farm Part 2,2015,TV-14,"Comedies, Horror Movies, International Movies",80.0,0,2,4.0
Movie,Intuition,2020,TV-MA,"Dramas, International Movies, Thrillers",116.0,0,2,7.0
TV Show,Mako Mermaids: An H2O Adventure,2016,TV-G,"Kids' TV, TV Comedies",0.0,4,0,0.0
Movie,I'm No Longer Here,2019,TV-MA,"Dramas, Independent Movies, International Movies",112.0,0,2,7.0
Movie,Hannah Gadsby: Douglas,2020,TV-MA,Stand-Up Comedy,73.0,0,2,5.0
Movie,Ne Zha,2019,TV-14,"Action & Adventure, Comedies, International Movies",110.0,0,2,4.0
TV Show,Supergirl,2019,TV-14,"TV Action & Adventure, TV Sci-Fi & Fantasy",0.0,5,0,0.0
Movie,Uncut Gems,2019,R,"Dramas, Thrillers",135.0,0,2,10.0
TV Show,Betaal,2020,TV-MA,"International TV Shows, TV Action & Adventure, TV Horror",0.0,1,3,11.0
TV Show,Dynasty,2019,TV-14,TV Dramas,0.0,3,3,8.0
Movie,One Day We'll Talk About Today,2020,TV-G,"Dramas, International Movies",128.0,0,2,15.0
Movie,Si Doel the Movie 3,2020,TV-G,"Dramas, International Movies, Music & Musicals",93.0,0,2,7.0
TV Show,History 101,2020,TV-14,"British TV Shows, Docuseries, International TV Shows",0.0,1,3,6.0
Movie,Living in Bondage: Breaking Free,2019,TV-MA,"Horror Movies, International Movies, Thrillers",149.0,0,2,13.0
Movie,Modest Heroes: Ponoc Short Films Theatre,2018,PG,"Anime Features, Children & Family Movies",54.0,0,2,16.0
Movie,The Lovebirds,2020,R,"Action & Adventure, Comedies, Romantic Movies",87.0,0,2,11.0
TV Show,Trailer Park Boys: The Animated Series,2020,TV-MA,TV Comedies,0.0,2,3,15.0
Movie,#FriendButMarried,2018,TV-G,"Dramas, International Movies, Romantic Movies",102.0,0,2,15.0
Movie,Bye Bye London,1981,TV-14,"Comedies, Dramas, International Movies",177.0,0,1,0.0
Movie,Fifty Year Old Teenager,1996,TV-14,"Comedies, International Movies",204.0,0,1,1.0
Movie,Lock Your Girls In,1982,TV-PG,"Comedies, International Movies, Romantic Movies",233.0,0,1,0.0
Movie,Mujeres arriba,2019,TV-14,"Comedies, International Movies, Romantic Movies",98.0,0,2,4.0
TV Show,Mystic Pop-up Bar,2020,TV-MA,"International TV Shows, Korean TV Shows, TV Comedies",0.0,1,3,15.0
Movie,No Longer kids,1979,TV-14,"Comedies, Dramas, International Movies",237.0,0,1,0.0
Movie,Raya and Sakina,1984,TV-14,"Comedies, Dramas, International Movies",230.0,0,1,0.0
Movie,Sayed the Servant,1985,TV-14,"Comedies, International Movies",173.0,0,1,1.0
Movie,The Married Couples,1981,TV-14,"Comedies, International Movies, Romantic Movies",195.0,0,1,0.0
Movie,The School of Mischief,1973,TV-14,"Comedies, Dramas, International Movies",253.0,0,1,0.0
Movie,The Witness Who Didn't See Anything,1976,TV-PG,"Comedies, International Movies",157.0,0,1,0.0
Movie,Anchor Baby,2010,TV-MA,"Dramas, International Movies",97.0,0,2,7.0
Movie,Ben Platt Live from Radio City Music Hall,2020,TV-PG,Music & Musicals,85.0,0,2,8.0
TV Show,Especial 20 años Fútbol de Primera,2020,TV-14,"Docuseries, International TV Shows, Spanish-Language TV Shows",0.0,1,3,6.0
Movie,Honeytrap,2014,TV-MA,"Dramas, Independent Movies",94.0,0,2,3.0
Movie,I Will Follow,2010,TV-14,"Dramas, Independent Movies, Romantic Movies",80.0,0,2,15.0
Movie,Mutiny of the Worker Bees,2020,TV-MA,"Comedies, International Movies",94.0,0,2,6.0
TV Show,The Queen and the Conqueror,2020,TV-14,"International TV Shows, Spanish-Language TV Shows, TV Dramas",0.0,1,3,10.0
Movie,What Are the Odds?,2020,TV-MA,"Comedies, Dramas, Independent Movies",92.0,0,2,3.0
Movie,Either Me Or My Auntie,2006,TV-PG,"Comedies, International Movies",105.0,0,2,1.0
Movie,Escaping Tel Aviv,2009,TV-14,"Action & Adventure, International Movies",120.0,0,2,0.0
Movie,Game Over,2012,TV-14,"Comedies, International Movies, Romantic Movies",96.0,0,2,4.0
Movie,Karkar,2007,TV-14,"Comedies, International Movies",107.0,0,2,4.0
Movie,My Sleeping Lover,2008,TV-PG,"Comedies, International Movies",93.0,0,2,1.0
Movie,Omar & Salma 2,2009,TV-14,"Comedies, International Movies",101.0,0,2,4.0
TV Show,Patton Oswalt: I Love Everything,2020,TV-MA,"Stand-Up Comedy & Talk Shows, TV Comedies",0.0,1,3,15.0
TV Show,Sweet Magnolias,2020,TV-14,"Romantic TV Shows, TV Dramas",0.0,1,3,10.0
Movie,Tarek's Situation,2006,TV-14,"Comedies, International Movies, Romantic Movies",110.0,0,2,4.0
Movie,The Beach Loafer,2004,TV-14,"Comedies, International Movies",112.0,0,2,4.0
Movie,Wadjda,2012,PG,"Dramas, Independent Movies, International Movies",93.0,0,2,7.0
Movie,Zaki Chan,2005,TV-PG,"Comedies, International Movies, Romantic Movies",109.0,0,2,1.0
Movie,Light in the Dark,2019,TV-14,"Dramas, International Movies",105.0,0,2,15.0
TV Show,The Big Flower Fight,2020,TV-PG,"British TV Shows, International TV Shows, Reality TV",0.0,1,3,5.0
TV Show,Patriot Act with Hasan Minhaj,2020,TV-MA,"Stand-Up Comedy & Talk Shows, TV Comedies",0.0,6,0,0.0
Movie,The End,2019,TV-MA,"Action & Adventure, Comedies, International Movies",97.0,0,2,6.0
TV Show,Boys Over Flowers,2009,TV-14,"International TV Shows, Korean TV Shows, Romantic TV Shows",0.0,1,3,12.0
TV Show,Iris,2009,TV-14,"International TV Shows, Korean TV Shows, TV Action & Adventure",0.0,1,3,12.0
TV Show,Avatar: The Last Airbender,2007,TV-Y7,"Classic & Cult TV, Kids' TV, TV Action & Adventure",0.0,3,3,13.0
Movie,Heaven Without People,2017,TV-MA,"Dramas, International Movies",91.0,0,2,7.0
Movie,"I love you, stupid",2019,TV-MA,"Comedies, International Movies, Romantic Movies",88.0,0,2,6.0
TV Show,Inhuman Resources,2020,TV-MA,"Crime TV Shows, International TV Shows, TV Dramas",0.0,1,3,2.0
TV Show,Madam Secretary,2019,TV-PG,TV Dramas,0.0,6,0,0.0
TV Show,Magic for Humans,2020,TV-14,"Reality TV, TV Comedies",0.0,3,3,8.0
TV Show,Parasyte: The Maxim,2014,TV-MA,"Anime Series, International TV Shows, TV Horror",0.0,1,3,9.0
TV Show,She-Ra and the Princesses of Power,2020,TV-Y7,"Kids' TV, TV Action & Adventure, TV Sci-Fi & Fantasy",0.0,5,0,0.0
TV Show,Sleepless Society: Two Pillows & A Lost Soul,2020,TV-MA,"Crime TV Shows, International TV Shows, TV Dramas",0.0,1,3,2.0
TV Show,Strangers from Hell,2019,TV-MA,"International TV Shows, Korean TV Shows, TV Horror",0.0,1,3,11.0
TV Show,The Wiggles,2015,TV-Y,Kids' TV,0.0,2,3,4.0
TV Show,White Lines,2020,TV-MA,"British TV Shows, Crime TV Shows, International TV Shows",0.0,1,3,11.0
Movie,Dilan 1990,2018,TV-14,"Dramas, International Movies, Romantic Movies",109.0,0,2,15.0
Movie,Dilan 1991,2019,TV-14,"Dramas, International Movies, Romantic Movies",118.0,0,2,15.0
Movie,Fan of Amoory,2018,TV-G,"Children & Family Movies, Dramas, International Movies",109.0,0,2,7.0
Movie,Malang,2020,TV-MA,"Action & Adventure, International Movies, Romantic Movies",131.0,0,2,13.0
Movie,Match,2017,TV-14,"Dramas, International Movies",91.0,0,2,15.0
Movie,Rencor tatuado,2018,TV-MA,"Dramas, Independent Movies, International Movies",152.0,0,2,7.0
Movie,The Delivery Boy,2018,TV-14,"International Movies, Thrillers",67.0,0,2,0.0
Movie,Wedy Atkalam,2018,TV-PG,"Comedies, Dramas, International Movies",72.0,0,2,1.0
Movie,Fire in the Blood,2012,TV-14,"Documentaries, International Movies",83.0,0,2,12.0
Movie,The Wrong Missy,2020,TV-MA,"Comedies, Romantic Movies",90.0,0,2,6.0
Movie,Ali & Alia,2019,TV-14,"Dramas, International Movies, Romantic Movies",106.0,0,2,15.0
TV Show,True: Terrific Tales,2020,TV-Y,Kids' TV,0.0,1,3,4.0
Movie,Unbreakable Kimmy Schmidt: Kimmy vs. the Reverend,2020,TV-14,Comedies,190.0,0,2,4.0
Movie,Action Replayy,2010,TV-PG,"Children & Family Movies, Comedies, International Movies",129.0,0,2,1.0
Movie,Andaz Apna Apna,1994,TV-14,"Action & Adventure, Comedies, Cult Movies",160.0,0,1,1.0
TV Show,Bordertown,2019,TV-MA,"Crime TV Shows, International TV Shows, TV Dramas",0.0,3,3,16.0
Movie,Have a Good Trip: Adventures in Psychedelics,2020,TV-MA,Documentaries,86.0,0,2,17.0
TV Show,Trial By Media,2020,TV-MA,"Crime TV Shows, Docuseries",0.0,1,3,14.0
Movie,John Henry,2020,R,"Dramas, Thrillers",92.0,0,2,10.0
Movie,18 Presents,2020,TV-MA,"Dramas, Independent Movies, International Movies",114.0,0,2,7.0
TV Show,Dead to Me,2020,TV-MA,"TV Comedies, TV Dramas",0.0,2,3,16.0
TV Show,Restaurants on the Edge,2020,TV-14,"International TV Shows, Reality TV",0.0,2,3,5.0
TV Show,The Eddy,2020,TV-MA,"International TV Shows, TV Dramas",0.0,1,3,2.0
TV Show,The Hollow,2020,TV-Y7,"Kids' TV, TV Thrillers",0.0,2,3,13.0
Movie,Aerials,2016,TV-14,"International Movies, Sci-Fi & Fantasy",90.0,0,2,0.0
Movie,In Paradox,2019,TV-14,"International Movies, Sci-Fi & Fantasy, Thrillers",94.0,0,2,0.0
TV Show,Scissor Seven,2020,TV-MA,"International TV Shows, TV Action & Adventure, TV Comedies",0.0,2,3,15.0
Movie,Si Doel the Movie,2018,TV-PG,"Dramas, International Movies",86.0,0,2,1.0
Movie,Becoming,2020,PG,Documentaries,89.0,0,2,18.0
Movie,"Sí, Mi Amor",2020,TV-MA,"Comedies, International Movies, Romantic Movies",107.0,0,2,6.0
Movie,Jerry Seinfeld: 23 Hours To Kill,2020,TV-PG,Stand-Up Comedy,61.0,0,2,5.0
Movie,Arctic Dogs,2019,PG,"Children & Family Movies, Comedies",93.0,0,2,2.0
Movie,Luccas Neto em: Acampamento de Férias 2,2020,TV-G,"Children & Family Movies, Comedies, Music & Musicals",81.0,0,2,2.0
Movie,One Day: Justice Delivered,2019,TV-14,"Dramas, International Movies",120.0,0,2,15.0
TV Show,Almost Happy,2020,TV-MA,"International TV Shows, Spanish-Language TV Shows, TV Comedies",0.0,1,3,15.0
Movie,Bennett's War,2019,PG-13,"Dramas, Sports Movies",94.0,0,2,9.0
Movie,Death Can Wait,2020,TV-14,"Comedies, International Movies",91.0,0,2,4.0
TV Show,Hangar 1: The UFO Files,2015,TV-PG,Docuseries,0.0,1,3,7.0
TV Show,Hoarders,2020,TV-PG,Reality TV,0.0,1,3,5.0
Movie,Lady Driver,2019,PG,"Dramas, Sports Movies",104.0,0,2,9.0
Movie,Mike Birbiglia: My Girlfriend's Boyfriend,2013,TV-14,Stand-Up Comedy,76.0,0,2,5.0
Movie,Roped,2020,PG,"Children & Family Movies, Dramas, Romantic Movies",90.0,0,2,2.0
Movie,The Stand at Paxton County,2020,R,"Dramas, Independent Movies, Thrillers",103.0,0,2,10.0
TV Show,The Universe: Ancient Mysteries Solved,2015,TV-PG,"Docuseries, Science & Nature TV",0.0,1,3,3.0
TV Show,WWII in HD,2009,TV-14,Docuseries,0.0,1,3,6.0
Movie,All Day and a Night,2020,R,"Dramas, Independent Movies",122.0,0,2,10.0
Movie,Cracked Up: The Darrell Hammond Story,2018,TV-MA,Documentaries,97.0,0,2,17.0
Movie,Get In,2019,TV-MA,"International Movies, Thrillers",98.0,0,2,13.0
Movie,Go! Go! Cory Carson: The Chrissy,2020,TV-Y,Children & Family Movies,42.0,0,2,16.0
TV Show,Hollywood,2020,TV-MA,TV Dramas,0.0,1,3,2.0
Movie,I Am Divine,2013,TV-MA,"Documentaries, LGBTQ Movies",90.0,0,2,17.0
Movie,Madagascar: Escape 2 Africa,2008,PG,"Children & Family Movies, Comedies",91.0,0,2,2.0
TV Show,Masha and the Bear,2019,TV-Y,Kids' TV,0.0,4,0,0.0
Movie,Material,2012,TV-14,"Comedies, Dramas, International Movies",94.0,0,2,4.0
TV Show,Medici: Masters of Florence,2019,TV-MA,"International TV Shows, TV Dramas",0.0,3,3,16.0
TV Show,Monthly Girls' Nozaki Kun,2014,TV-PG,"Anime Series, Romantic TV Shows",0.0,1,3,0.0
Movie,Mrs. Serial Killer,2020,TV-MA,"International Movies, Thrillers",107.0,0,2,13.0
TV Show,Oh Yuck,2020,TV-G,"Kids' TV, TV Comedies",0.0,1,3,13.0
Movie,Psycho,2020,TV-MA,"Horror Movies, International Movies, Thrillers",143.0,0,2,13.0
TV Show,Reckoning,2019,TV-MA,"Crime TV Shows, TV Dramas, TV Mysteries",0.0,1,3,1.0
Movie,The Half Of It,2020,PG-13,"Comedies, Dramas, LGBTQ Movies",105.0,0,2,9.0
Movie,The Heartbreak Kid,2007,R,"Comedies, Romantic Movies",116.0,0,2,11.0
Movie,Thomas & Friends: Marvelous Machinery: A New Arrival,2020,TV-Y,Children & Family Movies,23.0,0,2,16.0
Movie,Thomas & Friends: Marvelous Machinery: World of Tomorrow,2020,TV-Y,Children & Family Movies,23.0,0,2,16.0
Movie,Thomas & Friends: Thomas and the Royal Engine,2020,TV-Y,Children & Family Movies,23.0,0,2,16.0
Movie,What a Girl Wants,2003,PG,"Children & Family Movies, Comedies",105.0,0,2,2.0
Movie,Dangerous Lies,2020,TV-14,Thrillers,97.0,0,2,0.0
TV Show,DRIFTING DRAGONS,2020,TV-14,"Anime Series, International TV Shows",0.0,1,3,9.0
TV Show,El señor de los Cielos,2019,TV-MA,"Crime TV Shows, International TV Shows, Spanish-Language TV Shows",0.0,7,0,1.0
TV Show,Good Witch,2019,TV-PG,"TV Dramas, TV Sci-Fi & Fantasy",0.0,5,0,0.0
Movie,Rich in Love,2020,TV-14,"Comedies, International Movies, Romantic Movies",105.0,0,2,4.0
TV Show,The Forest of Love: Deep Cut,2020,TV-MA,"Crime TV Shows, International TV Shows, TV Dramas",0.0,1,3,2.0
TV Show,The Victims' Game,2020,TV-MA,"Crime TV Shows, International TV Shows, TV Dramas",0.0,1,3,2.0
Movie,A Secret Love,2020,TV-14,"Documentaries, LGBTQ Movies",83.0,0,2,12.0
Movie,Ekşi Elmalar,2016,TV-PG,"Dramas, International Movies",109.0,0,2,1.0
TV Show,Extracurricular,2020,TV-MA,"Crime TV Shows, International TV Shows, Korean TV Shows",0.0,1,3,11.0
Movie,Love Is War,2019,TV-14,"Comedies, Dramas, International Movies",111.0,0,2,4.0
Movie,Murder to Mercy: The Cyntoia Brown Story,2020,TV-MA,Documentaries,97.0,0,2,17.0
TV Show,Nadiya’s Time to Eat,2020,TV-G,"British TV Shows, International TV Shows, Reality TV",0.0,1,3,5.0
Movie,R.K.Nagar,2019,TV-14,"Action & Adventure, Comedies, Dramas",132.0,0,2,4.0
TV Show,Tjovitjo,2017,TV-MA,"International TV Shows, TV Dramas",0.0,2,3,2.0
Movie,Beynelmilel,2006,TV-MA,"Comedies, Dramas, International Movies",102.0,0,2,7.0
Movie,Bir Baba Hindu,2016,TV-MA,"Action & Adventure, Comedies, International Movies",107.0,0,2,6.0
Movie,Boushkash,2008,TV-MA,"Comedies, International Movies",100.0,0,2,6.0
Movie,Cinar Agaci,2011,TV-14,"Comedies, Dramas, International Movies",115.0,0,2,4.0
Movie,Görümce,2016,TV-MA,"Comedies, International Movies, Music & Musicals",104.0,0,2,6.0
Movie,İstanbul Kırmızısı,2017,TV-MA,"Dramas, Independent Movies, International Movies",110.0,0,2,7.0
Movie,Küçük Esnaf,2016,TV-MA,"Comedies, International Movies",100.0,0,2,6.0
Movie,Lembi 8 Giga,2010,TV-MA,"Comedies, International Movies",111.0,0,2,6.0
Movie,Neseli Hayat,2009,TV-14,"Comedies, International Movies",108.0,0,2,4.0
Movie,Organize Isler,2005,TV-14,"Action & Adventure, Comedies, International Movies",104.0,0,2,4.0
Movie,The Reliant,2019,PG-13,"Dramas, Faith & Spirituality",116.0,0,2,9.0
Movie,We'll Be Right Back After The Break,2012,TV-14,"Action & Adventure, Comedies, International Movies",106.0,0,2,4.0
Movie,5Gang,2019,TV-14,"Comedies, International Movies",96.0,0,2,4.0
Movie,Love Aaj Kal,2020,TV-MA,"Dramas, International Movies, Romantic Movies",140.0,0,2,7.0
Movie,The Lift Boy,2020,TV-MA,"Dramas, Independent Movies, International Movies",107.0,0,2,7.0
TV Show,"Coronavirus, Explained",2020,TV-PG,"Docuseries, Science & Nature TV",0.0,1,3,3.0
TV Show,The Last Kingdom,2020,TV-MA,"British TV Shows, International TV Shows, TV Action & Adventure",0.0,4,0,0.0
Movie,Bheeshma,2020,TV-14,"Action & Adventure, Comedies, International Movies",138.0,0,2,4.0
Movie,Bittersweet,2010,TV-MA,"Comedies, Dramas, International Movies",132.0,0,2,7.0
TV Show,My Secret Romance,2017,TV-14,"International TV Shows, Korean TV Shows, Romantic TV Shows",0.0,1,3,12.0
Movie,No Direction Home: Bob Dylan,2005,TV-MA,"Documentaries, Music & Musicals",208.0,0,2,17.0
Movie,She Made Me a Criminal,2006,TV-14,"Comedies, International Movies",105.0,0,2,4.0
Movie,The Artist,2011,PG-13,"Comedies, Dramas, Independent Movies",101.0,0,2,9.0
Movie,The Dealer,2010,TV-14,"Action & Adventure, International Movies",124.0,0,2,0.0
Movie,The International Player,2009,TV-14,"Dramas, International Movies, Sports Movies",93.0,0,2,15.0
Movie,The Promise,2008,TV-14,"Dramas, International Movies",110.0,0,2,15.0
Movie,الف مبروك,2009,TV-14,"Comedies, Dramas, International Movies",115.0,0,2,4.0
TV Show,دفعة القاهرة,2019,TV-14,"International TV Shows, TV Dramas",0.0,1,3,10.0
TV Show,After Life,2020,TV-MA,"British TV Shows, International TV Shows, TV Comedies",0.0,2,3,15.0
TV Show,DreamWorks Spooky Stories: Volume 2,2011,TV-PG,"Kids' TV, TV Comedies",0.0,1,3,0.0
Movie,Kolaiyuthir Kaalam,2019,TV-14,"International Movies, Thrillers",107.0,0,2,0.0
TV Show,Love 101,2020,TV-MA,"International TV Shows, TV Dramas, Teen TV Shows",0.0,1,3,2.0
Movie,"Yours Sincerely, Kanan Gill",2020,TV-MA,Stand-Up Comedy,72.0,0,2,5.0
TV Show,Ghost in the Shell: SAC_2045,2020,TV-14,"Anime Series, Crime TV Shows, International TV Shows",0.0,1,3,9.0
Movie,My Stupid Boss,2016,TV-G,"Comedies, International Movies",107.0,0,2,6.0
Movie,My Stupid Boss 2,2019,TV-14,"Comedies, International Movies",95.0,0,2,4.0
TV Show,The House of Flowers,2020,TV-MA,"International TV Shows, Spanish-Language TV Shows, TV Comedies",0.0,3,3,16.0
Movie,This Earth of Mankind,2019,TV-14,"Dramas, International Movies",180.0,0,2,15.0
Movie,Time to Hunt,2020,TV-MA,"International Movies, Thrillers",135.0,0,2,13.0
TV Show,Absurd Planet,2020,TV-PG,"Docuseries, Science & Nature TV, TV Comedies",0.0,1,3,3.0
Movie,Circus of Books,2020,TV-MA,"Documentaries, LGBTQ Movies",87.0,0,2,17.0
Movie,The Plagues of Breslau,2018,TV-MA,"International Movies, Thrillers",94.0,0,2,13.0
Movie,The Set Up,2019,TV-MA,"Dramas, International Movies",105.0,0,2,7.0
Movie,The Silence of the Marsh,2019,TV-MA,"International Movies, Thrillers",93.0,0,2,13.0
Movie,The Willoughbys,2020,PG,"Children & Family Movies, Comedies",92.0,0,2,2.0
TV Show,Win the Wilderness,2020,TV-14,"British TV Shows, International TV Shows, Reality TV",0.0,1,3,5.0
TV Show,Bleach,2006,TV-14,"Anime Series, International TV Shows",0.0,5,0,0.0
TV Show,Middleditch & Schwartz,2020,TV-MA,TV Comedies,0.0,1,3,15.0
TV Show,Nicky Jam: El Ganador,2018,TV-MA,"Crime TV Shows, International TV Shows, Spanish-Language TV Shows",0.0,1,3,11.0
TV Show,Cooked with Cannabis,2020,TV-MA,Reality TV,0.0,1,3,5.0
TV Show,The Midnight Gospel,2020,TV-MA,TV Comedies,0.0,1,3,15.0
Movie,Varane Avashyamund,2020,TV-14,"Comedies, Dramas, International Movies",144.0,0,2,4.0
TV Show,ChuChu TV Nursery Rhymes & Kids Songs (Hindi),2019,TV-Y,Kids' TV,0.0,1,3,4.0
TV Show,The King: Eternal Monarch,2020,TV-14,"Crime TV Shows, International TV Shows, Korean TV Shows",0.0,1,3,12.0
TV Show,#blackAF,2020,TV-MA,TV Comedies,0.0,1,3,15.0
Movie,Babamın Ceketi,2018,TV-MA,"Comedies, International Movies",101.0,0,2,6.0
Movie,Earth and Blood,2020,TV-MA,"Dramas, International Movies, Thrillers",81.0,0,2,7.0
TV Show,El Dragón: Return of a Warrior,2020,TV-MA,"Crime TV Shows, International TV Shows, Spanish-Language TV Shows",0.0,2,3,11.0
TV Show,Hasmukh,2020,TV-MA,"Crime TV Shows, International TV Shows, TV Comedies",0.0,1,3,15.0
Movie,Rising High,2020,TV-MA,"Dramas, International Movies",95.0,0,2,7.0
Movie,Sergio,2020,R,"Dramas, Independent Movies",119.0,0,2,10.0
Movie,The Legacy of the Bones,2019,TV-MA,"International Movies, Thrillers",121.0,0,2,13.0
Movie,Alelí,2019,TV-MA,"Comedies, Dramas, International Movies",88.0,0,2,7.0
TV Show,Fary : Hexagone,2020,TV-MA,"International TV Shows, Stand-Up Comedy & Talk Shows, TV Comedies",0.0,2,3,15.0
TV Show,Fauda,2020,TV-MA,"Crime TV Shows, International TV Shows, TV Action & Adventure",0.0,3,3,16.0
Movie,"Hail, Caesar!",2016,PG-13,Comedies,106.0,0,2,14.0
Movie,Jem and the Holograms,2015,PG,"Children & Family Movies, Dramas, Music & Musicals",119.0,0,2,2.0
Movie,Maurício Meirelles: Generating Chaos,2020,TV-MA,Stand-Up Comedy,63.0,0,2,5.0
Movie,Puerto Ricans in Paris,2015,R,Comedies,82.0,0,2,11.0
Movie,Stunt School,2019,TV-G,"Children & Family Movies, Comedies, International Movies",95.0,0,2,2.0
Movie,For the Broken Hearted,2018,TV-14,"Dramas, International Movies, Romantic Movies",93.0,0,2,15.0
Movie,Mischief,2019,TV-PG,"Comedies, Dramas, Independent Movies",120.0,0,2,1.0
TV Show,The Innocence Files,2020,TV-MA,"Crime TV Shows, Docuseries",0.0,1,3,14.0
Movie,World Famous Lover,2020,TV-MA,"Dramas, International Movies, Romantic Movies",147.0,0,2,7.0
Movie,Chris D'Elia: No Pain,2020,TV-MA,Stand-Up Comedy,55.0,0,2,5.0
Movie,New Money,2018,TV-14,"Dramas, International Movies",107.0,0,2,15.0
Movie,Moms at War,2018,TV-14,"Comedies, Dramas, International Movies",92.0,0,2,4.0
Movie,Surviving R. Kelly: The Impact,2019,TV-14,Documentaries,85.0,0,2,12.0
Movie,Code 8,2019,TV-MA,"Action & Adventure, Independent Movies, International Movies",98.0,0,2,13.0
TV Show,Brews Brothers,2020,TV-MA,TV Comedies,0.0,1,3,15.0
Movie,LA Originals,2020,TV-MA,"Documentaries, International Movies, Music & Musicals",92.0,0,2,17.0
Movie,Love Wedding Repeat,2020,TV-MA,"Comedies, International Movies, Romantic Movies",101.0,0,2,6.0
Movie,School Life,2019,TV-MA,"Comedies, Dramas, International Movies",112.0,0,2,7.0
Movie,The Main Event,2020,TV-G,"Children & Family Movies, Comedies, Sports Movies",103.0,0,2,2.0
TV Show,The Trial,2019,TV-MA,"Crime TV Shows, International TV Shows, TV Dramas",0.0,1,3,2.0
Movie,Tigertail,2020,PG,Dramas,91.0,0,2,9.0
TV Show,Hi Score Girl,2019,TV-14,"Anime Series, International TV Shows, Romantic TV Shows",0.0,2,3,9.0
TV Show,The Circle France,2020,TV-MA,"International TV Shows, Reality TV",0.0,1,3,5.0
Movie,Born Beautiful,2019,TV-MA,"Comedies, Dramas, International Movies",96.0,0,2,7.0
Movie,The Last Airbender,2010,PG,"Action & Adventure, Children & Family Movies, Sci-Fi & Fantasy",104.0,0,2,2.0
Movie,Tiffany Haddish: She Ready! From the Hood To Hollywood!,2017,TV-MA,Stand-Up Comedy,66.0,0,2,5.0
Movie,Mine 9,2019,TV-MA,"Dramas, Independent Movies",83.0,0,2,3.0
Movie,The Florida Project,2017,R,"Dramas, Independent Movies",111.0,0,2,10.0
Movie,Dark Light,2019,TV-MA,"Horror Movies, Independent Movies, Sci-Fi & Fantasy",90.0,0,2,13.0
Movie,The Killing of a Sacred Deer,2017,R,"Dramas, Independent Movies, Thrillers",121.0,0,2,10.0
Movie,Angel Has Fallen,2019,R,Action & Adventure,121.0,0,2,11.0
TV Show,El Reemplazante,2013,TV-MA,"International TV Shows, Spanish-Language TV Shows, TV Dramas",0.0,2,3,2.0
Movie,Coffee & Kareem,2020,TV-MA,"Action & Adventure, Comedies",88.0,0,2,6.0
TV Show,Legacies,2019,TV-14,"TV Dramas, TV Sci-Fi & Fantasy, Teen TV Shows",0.0,2,3,10.0
Movie,Money Heist: The Phenomenon,2020,TV-MA,"Documentaries, International Movies",57.0,0,2,17.0
Movie,The Death of Stalin,2017,R,"Comedies, Dramas, Independent Movies",107.0,0,2,10.0
Movie,Sol Levante,2020,TV-14,"Action & Adventure, Anime Features, International Movies",5.0,0,2,12.0
Movie,Violet Evergarden: Eternity and the Auto Memory Doll,2019,TV-PG,"Anime Features, International Movies, Sci-Fi & Fantasy",91.0,0,2,1.0
Movie,Agneepath,1990,TV-14,"Dramas, International Movies",174.0,0,1,1.0
Movie,Brothers,2015,TV-14,"Action & Adventure, Dramas, International Movies",155.0,0,2,15.0
Movie,Chhota Bheem and the Curse of Damyaan,2012,TV-Y7,Children & Family Movies,87.0,0,2,16.0
TV Show,Community,2015,TV-14,TV Comedies,0.0,6,0,0.0
Movie,David Batra: Elefanten i rummet,2020,TV-MA,Stand-Up Comedy,77.0,0,2,5.0
Movie,Dostana,2008,TV-14,"Comedies, Dramas, International Movies",142.0,0,2,4.0
Movie,Duniya,1984,TV-14,"Action & Adventure, Dramas, International Movies",170.0,0,1,0.0
Movie,Duplicate,1998,TV-14,"Comedies, Dramas, International Movies",165.0,0,1,1.0
Movie,Friendship,1980,TV-14,"Action & Adventure, Dramas, International Movies",161.0,0,1,0.0
Movie,Gori Tere Pyaar Mein,2013,TV-14,"Comedies, Dramas, International Movies",144.0,0,2,4.0
Movie,Gumrah,1993,TV-14,"Action & Adventure, Dramas, International Movies",149.0,0,1,1.0
Movie,Hasee Toh Phasee,2014,TV-14,"Comedies, Dramas, International Movies",135.0,0,2,4.0
TV Show,How to Fix a Drug Scandal,2020,TV-MA,"Crime TV Shows, Docuseries",0.0,1,3,14.0
Movie,Humpty Sharma Ki Dulhania,2014,TV-14,"Comedies, International Movies, Romantic Movies",131.0,0,2,4.0
Movie,Kaal,2005,TV-14,"Horror Movies, International Movies, Thrillers",126.0,0,2,0.0
Movie,Kabhi Alvida Naa Kehna,2006,TV-14,"Dramas, International Movies, Romantic Movies",192.0,0,2,15.0
Movie,Kabhi Khushi Kabhie Gham,2001,TV-14,"Dramas, International Movies",209.0,0,1,1.0
Movie,Kal Ho Naa Ho,2003,TV-14,"Comedies, Dramas, International Movies",187.0,0,1,1.0
Movie,Kapoor & Sons,2016,TV-14,"Comedies, Dramas, International Movies",138.0,0,2,4.0
Movie,Kuch Kuch Hota Hai,1998,TV-14,"Comedies, Dramas, International Movies",185.0,0,1,1.0
Movie,Magnificent,2015,TV-14,"Comedies, International Movies, Romantic Movies",143.0,0,2,4.0
TV Show,Man Like Mobeen,2020,TV-MA,"British TV Shows, International TV Shows, TV Comedies",0.0,3,3,16.0
Movie,Mighty Raju Rio Calling,2014,TV-Y7,"Children & Family Movies, Sports Movies",97.0,0,2,16.0
Movie,Muqaddar ka Faisla,1987,TV-14,"Action & Adventure, Comedies, Dramas",172.0,0,1,1.0
TV Show,Pokémon the Series,2019,TV-Y7,"Anime Series, Kids' TV",0.0,3,3,13.0
TV Show,Saint Seiya,1986,TV-14,Anime Series,0.0,6,0,0.0
Movie,SETHUM AAYIRAM PON,2020,TV-MA,"Dramas, Independent Movies, International Movies",103.0,0,2,7.0
TV Show,Sunderland 'Til I Die,2020,TV-MA,"British TV Shows, Docuseries, International TV Shows",0.0,2,3,14.0
TV Show,The Iliza Shlesinger Sketch Show,2020,TV-MA,TV Comedies,0.0,1,3,15.0
Movie,The Little Vampire,2017,TV-G,Children & Family Movies,83.0,0,2,16.0
Movie,The Runaways,2010,R,"Dramas, Independent Movies, Music & Musicals",107.0,0,2,10.0
TV Show,The Windsors,2020,TV-MA,"British TV Shows, International TV Shows, TV Comedies",0.0,3,3,16.0
Movie,Ungli,2014,TV-14,"Comedies, Dramas, International Movies",114.0,0,2,4.0
TV Show,Well-Intended Love,2020,TV-14,"International TV Shows, Romantic TV Shows, TV Comedies",0.0,2,3,17.0
Movie,Wildling,2018,R,"Horror Movies, Independent Movies, Sci-Fi & Fantasy",93.0,0,2,11.0
Movie,A truthful Mother,2020,TV-Y7,Children & Family Movies,85.0,0,2,16.0
TV Show,Akbar Birbal,2019,TV-G,"Kids' TV, TV Comedies, TV Dramas",0.0,1,3,13.0
TV Show,Bal Ganesh,2019,TV-Y7,Kids' TV,0.0,1,3,13.0
Movie,Dave Chappelle: The Kennedy Center Mark Twain Prize for American Humor,2020,TV-MA,Stand-Up Comedy,85.0,0,2,5.0
Movie,Greater,2016,PG,"Children & Family Movies, Dramas, Sports Movies",131.0,0,2,2.0
Movie,Indian Horse,2017,TV-MA,"Dramas, Independent Movies, Sports Movies",101.0,0,2,3.0
Movie,Paharganj,2019,TV-MA,"Dramas, Independent Movies, International Movies",107.0,0,2,7.0
Movie,Pretty Little Stalker,2018,TV-14,Thrillers,84.0,0,2,0.0
Movie,Through My Father's Eyes: The Ronda Rousey Story,2019,R,"Documentaries, Sports Movies",104.0,0,2,18.0
TV Show,Tree House Tales,2019,TV-Y,Kids' TV,0.0,1,3,4.0
Movie,Kannum Kannum Kollaiyadithaal,2020,TV-14,"Comedies, Dramas, International Movies",160.0,0,2,4.0
TV Show,Rugal,2020,TV-MA,"Crime TV Shows, International TV Shows, Korean TV Shows",0.0,1,3,11.0
Movie,Rogue Warfare,2019,R,Action & Adventure,103.0,0,2,11.0
Movie,Dragons: Rescue Riders: Hunt for the Golden Dragon,2020,TV-Y,"Children & Family Movies, Comedies",46.0,0,2,16.0
TV Show,Happy!,2019,TV-MA,"Crime TV Shows, TV Action & Adventure, TV Comedies",0.0,2,3,16.0
TV Show,Ladies Up,2019,TV-MA,"International TV Shows, Stand-Up Comedy & Talk Shows, TV Comedies",0.0,1,3,15.0
Movie,Maska,2020,TV-MA,"Comedies, Dramas, International Movies",112.0,0,2,7.0
TV Show,Ozark,2020,TV-MA,"Crime TV Shows, TV Dramas, TV Thrillers",0.0,3,3,16.0
Movie,The Decline,2020,TV-MA,"Action & Adventure, International Movies",83.0,0,2,13.0
Movie,There's Something in the Water,2019,TV-14,"Documentaries, International Movies",72.0,0,2,12.0
Movie,True: Wuzzle Wegg Day,2020,TV-Y,Children & Family Movies,24.0,0,2,16.0
Movie,Uncorked,2020,TV-MA,"Dramas, Independent Movies",104.0,0,2,3.0
TV Show,Wassup Man GO!,2020,TV-MA,"International TV Shows, Korean TV Shows, Reality TV",0.0,1,3,5.0
Movie,Willy and the Guardians of the Lake: Tales from the Lakeside Winter Adventure,2019,TV-Y,Children & Family Movies,72.0,0,2,16.0
TV Show,7SEEDS,2020,TV-MA,"Anime Series, International TV Shows",0.0,2,3,9.0
Movie,Happy Old Year,2019,TV-MA,"Dramas, International Movies, Romantic Movies",113.0,0,2,7.0
Movie,Making Unorthodox,2020,TV-G,"Documentaries, International Movies",21.0,0,2,18.0
TV Show,Unorthodox,2020,TV-MA,"International TV Shows, TV Dramas",0.0,1,3,2.0
Movie,Bethany Hamilton: Unstoppable,2019,PG,"Children & Family Movies, Documentaries, Sports Movies",100.0,0,2,2.0
Movie,Crip Camp: A Disability Revolution,2020,R,Documentaries,108.0,0,2,18.0
Movie,Curtiz,2018,TV-MA,"Dramas, International Movies",99.0,0,2,7.0
Movie,The Occupant,2020,TV-MA,"Independent Movies, International Movies, Thrillers",104.0,0,2,13.0
Movie,Tom Segura: Ball Hog,2020,TV-MA,Stand-Up Comedy,70.0,0,2,5.0
TV Show,Freud,2020,TV-MA,"Crime TV Shows, International TV Shows, TV Dramas",0.0,1,3,2.0
TV Show,J-Style Trip,2020,TV-14,"International TV Shows, Reality TV",0.0,1,3,5.0
TV Show,Barbie Dreamhouse Adventures: Go Team Roberts,2020,TV-Y,Kids' TV,0.0,2,3,4.0
Movie,A Life of Speed: The Juan Manuel Fangio Story,2020,TV-14,"Documentaries, International Movies, Sports Movies",93.0,0,2,12.0
TV Show,Archibald's Next Big Thing,2020,TV-Y7,"Kids' TV, TV Comedies",0.0,2,3,13.0
TV Show,Dino Girl Gauko,2020,TV-Y7,"Anime Series, Kids' TV",0.0,2,3,13.0
Movie,El silencio es bienvenido,2017,TV-14,"Dramas, Independent Movies, International Movies",95.0,0,2,15.0
TV Show,Greenhouse Academy,2020,TV-PG,"Kids' TV, TV Dramas, Teen TV Shows",0.0,4,0,0.0
TV Show,Self Made: Inspired by the Life of Madam C.J. Walker,2020,TV-MA,TV Dramas,0.0,1,3,2.0
TV Show,She,2020,TV-MA,"Crime TV Shows, International TV Shows, TV Dramas",0.0,1,3,2.0
TV Show,The English Game,2020,TV-14,"British TV Shows, International TV Shows, TV Dramas",0.0,1,3,10.0
TV Show,The Letter for the King,2020,TV-PG,"British TV Shows, International TV Shows, TV Action & Adventure",0.0,1,3,0.0
TV Show,"Tiger King: Murder, Mayhem and Madness",2020,TV-MA,"Crime TV Shows, Docuseries",0.0,1,3,14.0
Movie,Ultras,2020,TV-MA,"Dramas, International Movies, Sports Movies",109.0,0,2,7.0
TV Show,Vampires,2020,TV-MA,"International TV Shows, TV Dramas, TV Horror",0.0,1,3,2.0
Movie,3022,2019,R,"Independent Movies, Sci-Fi & Fantasy, Thrillers",91.0,0,2,11.0
Movie,Altered Carbon: Resleeved,2020,TV-MA,"Action & Adventure, Anime Features, International Movies",75.0,0,2,13.0
Movie,Masameer - The Movie,2020,TV-14,"Comedies, International Movies",100.0,0,2,4.0
Movie,AllI Wish,2017,R,"Dramas, Romantic Movies",95.0,0,2,10.0
TV Show,Caliphate,2020,TV-MA,"International TV Shows, TV Dramas",0.0,1,3,2.0
Movie,Lu Over the Wall,2017,PG,"Anime Features, Music & Musicals, Sci-Fi & Fantasy",113.0,0,2,2.0
TV Show,Women Of The Night,2019,TV-MA,"Crime TV Shows, International TV Shows, TV Dramas",0.0,1,3,2.0
Movie,XV: Beyond the Tryline,2016,TV-14,"Documentaries, Sports Movies",91.0,0,2,12.0
Movie,Bert Kreischer: Hey Big Boy,2020,TV-MA,Stand-Up Comedy,62.0,0,2,5.0
TV Show,Shaun the Sheep: Adventures from Mossy Bottom,2020,TV-Y7,"British TV Shows, Kids' TV, TV Comedies",0.0,1,3,13.0
TV Show,We Speak Dance,2018,TV-MA,Docuseries,0.0,1,3,14.0
Movie,Search Party,2014,R,Comedies,93.0,0,2,11.0
Movie,Bypass Road,2019,TV-14,"International Movies, Thrillers",135.0,0,2,0.0
Movie,Digs & Discoveries: All Track's Lead to Rome,2019,TV-Y,Children & Family Movies,23.0,0,2,16.0
Movie,Digs & Discoveries: Mines of Mystery,2019,TV-Y,Children & Family Movies,23.0,0,2,16.0
TV Show,Ken Burns Presents: College Behind Bars: A Film by Lynn Novick and Produced by Sarah Botstein,2019,TV-MA,Docuseries,0.0,1,3,14.0
Movie,Steam Team to the Rescue,2019,TV-Y,Children & Family Movies,23.0,0,2,16.0
Movie,Jai Mummy Di,2020,TV-MA,"Comedies, International Movies, Romantic Movies",101.0,0,2,6.0
TV Show,100 Humans,2020,TV-14,"Docuseries, Science & Nature TV",0.0,1,3,6.0
Movie,Baby Mamas,2018,TV-14,"Comedies, Dramas, International Movies",98.0,0,2,4.0
TV Show,Bloodride,2020,TV-MA,"International TV Shows, TV Horror, TV Mysteries",0.0,1,3,1.0
Movie,Go Karts,2020,TV-PG,"Children & Family Movies, Dramas",103.0,0,2,1.0
Movie,Justine,2019,TV-MA,"Dramas, Independent Movies",106.0,0,2,3.0
TV Show,Kingdom,2020,TV-MA,"International TV Shows, Korean TV Shows, TV Action & Adventure",0.0,2,3,11.0
Movie,Lost Girls,2020,R,Dramas,95.0,0,2,10.0
Movie,Miracle in Cell No. 7,2019,TV-14,"Dramas, International Movies",132.0,0,2,15.0
TV Show,The Valhalla Murders,2020,TV-MA,"Crime TV Shows, International TV Shows, TV Dramas",0.0,1,3,2.0
TV Show,Dirty Money,2020,TV-MA,"Crime TV Shows, Docuseries",0.0,2,3,14.0
TV Show,On My Block,2020,TV-14,"Romantic TV Shows, TV Comedies, TV Dramas",0.0,3,3,8.0
TV Show,The Circle Brazil,2020,TV-MA,"International TV Shows, Reality TV",0.0,1,3,5.0
Movie,Carmen Sandiego: To Steal or Not to Steal,2020,TV-Y7,Children & Family Movies,82.0,0,2,16.0
Movie,Marc Maron: End Times Fun,2020,TV-MA,Stand-Up Comedy,71.0,0,2,5.0
Movie,Sitara: Let Girls Dream,2020,TV-PG,"Children & Family Movies, Dramas",16.0,0,2,16.0
Movie,Alakada Reloaded,2017,TV-MA,"Comedies, International Movies",104.0,0,2,6.0
Movie,All About Love,2017,TV-MA,"Dramas, International Movies, Romantic Movies",79.0,0,2,7.0
Movie,Guilty,2020,TV-MA,"Dramas, International Movies",120.0,0,2,7.0
Movie,I am Jonas,2019,TV-MA,"Dramas, Independent Movies, International Movies",82.0,0,2,7.0
Movie,Miles Davis: Birth of the Cool,2019,TV-MA,"Documentaries, Music & Musicals",115.0,0,2,17.0
Movie,Spenser Confidential,2020,R,"Action & Adventure, Comedies",111.0,0,2,11.0
Movie,Twin Murders: the Silence of the White City,2020,TV-MA,"International Movies, Thrillers",110.0,0,2,13.0
TV Show,Ugly Delicious,2020,TV-MA,Docuseries,0.0,2,3,14.0
Movie,93 Days,2016,TV-PG,"Dramas, International Movies, Thrillers",121.0,0,2,1.0
Movie,Angu Vaikuntapurathu (Malayalam),2020,TV-14,"Action & Adventure, Comedies, Dramas",162.0,0,2,4.0
TV Show,Mighty Little Bheem: Festival of Colors,2020,TV-Y,"Kids' TV, TV Comedies",0.0,1,3,4.0
Movie,Tootsies & The Fake,2019,TV-MA,"Comedies, International Movies, LGBTQ Movies",108.0,0,2,6.0
Movie,Aurora,2010,TV-MA,"Dramas, International Movies",186.0,0,2,7.0
Movie,Lil Peep: Everybody’s Everything,2019,TV-MA,"Documentaries, Music & Musicals",116.0,0,2,17.0
Movie,The Death of Mr. Lazarescu,2005,R,"Dramas, International Movies",154.0,0,2,10.0
TV Show,Velvet,2016,TV-14,"International TV Shows, Romantic TV Shows, Spanish-Language TV Shows",0.0,4,0,0.0
Movie,Freaks,2018,R,"Independent Movies, Sci-Fi & Fantasy, Thrillers",105.0,0,2,11.0
Movie,Luccas Neto in: The End of Christmas,2019,TV-Y,"Children & Family Movies, Comedies, Music & Musicals",71.0,0,2,16.0
Movie,Taylor Tomlinson: Quarter-Life Crisis,2020,TV-MA,Stand-Up Comedy,61.0,0,2,5.0
Movie,The Last Bomb of the Second World War,2019,TV-14,"Dramas, Independent Movies, International Movies",133.0,0,2,15.0
Movie,Uncovered,2019,TV-MA,"Dramas, International Movies",98.0,0,2,7.0
Movie,W.E.,2011,R,"Dramas, Romantic Movies",119.0,0,2,10.0
Movie,Fat Ballerina - David A. Arnold,2020,TV-MA,Stand-Up Comedy,61.0,0,2,5.0
TV Show,Akame ga Kill!,2014,TV-14,"Anime Series, Crime TV Shows, International TV Shows",0.0,1,3,9.0
TV Show,Babylon Berlin,2020,TV-MA,"Crime TV Shows, International TV Shows, TV Dramas",0.0,3,3,16.0
Movie,Bhangra Paa Le,2019,TV-14,"Comedies, Dramas, International Movies",130.0,0,2,4.0
TV Show,Calico Critters Mini Episodes Clover,2020,TV-Y,Kids' TV,0.0,1,3,4.0
Movie,Calico Critters: Everyone's Big Dream Flying in the Sky,2019,TV-Y,Children & Family Movies,11.0,0,2,16.0
Movie,Frank & Lola,2016,TV-MA,"Dramas, Thrillers",87.0,0,2,3.0
Movie,Hugo,2011,PG,"Children & Family Movies, Dramas",127.0,0,2,2.0
Movie,Ordinary World,2016,TV-14,"Comedies, Dramas, Music & Musicals",87.0,0,2,4.0
Movie,"Pop, Lock 'n Roll",2017,TV-14,"Dramas, International Movies, Romantic Movies",88.0,0,2,15.0
Movie,There Will Be Blood,2007,R,"Dramas, Independent Movies",158.0,0,2,10.0
Movie,Velvet Colección: Grand Finale,2020,TV-14,"Dramas, International Movies, Romantic Movies",82.0,0,2,15.0
Movie,Voulez-vous rire avec moi ce soir?,2018,TV-MA,"Documentaries, International Movies",93.0,0,2,17.0
Movie,ZZ TOP: THAT LITTLE OL' BAND FROM TEXAS,2019,TV-MA,"Documentaries, Music & Musicals",90.0,0,2,17.0
Movie,All The Bright Places,2020,TV-MA,"Dramas, Romantic Movies",109.0,0,2,3.0
TV Show,Always a Witch,2019,TV-14,"International TV Shows, Spanish-Language TV Shows, TV Comedies",0.0,2,3,17.0
Movie,Amit Tandon: Family Tandoncies,2019,TV-14,Stand-Up Comedy,72.0,0,2,5.0
TV Show,Queen Sono,2020,TV-MA,"International TV Shows, TV Action & Adventure, TV Dramas",0.0,1,3,2.0
TV Show,Toy Boy,2019,TV-MA,"Crime TV Shows, International TV Shows, Spanish-Language TV Shows",0.0,1,3,11.0
TV Show,Unstoppable,2020,TV-MA,"International TV Shows, Spanish-Language TV Shows, TV Dramas",0.0,1,3,2.0
Movie,Ala Vaikunthapurramuloo,2020,TV-14,"Action & Adventure, Comedies, Dramas",162.0,0,2,4.0
TV Show,Altered Carbon,2020,TV-MA,"Crime TV Shows, TV Action & Adventure, TV Dramas",0.0,2,3,16.0
TV Show,Followers,2020,TV-MA,"International TV Shows, TV Dramas",0.0,1,3,2.0
Movie,Pokémon: Mewtwo Strikes Back - Evolution,2019,TV-Y7,"Anime Features, Children & Family Movies",98.0,0,2,16.0
TV Show,Six Windows in the Desert,2020,TV-14,TV Shows,0.0,1,3,6.0
Movie,Couple of Days,2016,TV-14,"Dramas, International Movies, Romantic Movies",103.0,0,2,15.0
Movie,Gbomo Gbomo Express,2015,TV-MA,"Dramas, International Movies",97.0,0,2,7.0
TV Show,I Am Not Okay With This,2020,TV-MA,"TV Comedies, TV Dramas, TV Sci-Fi & Fantasy",0.0,1,3,15.0
Movie,Taxi Driver,2015,TV-MA,"Comedies, Dramas, Independent Movies",94.0,0,2,3.0
Movie,The Arbitration,2016,TV-MA,"Dramas, International Movies",101.0,0,2,7.0
TV Show,The Trials of Gabriel Fernandez,2020,TV-MA,"Crime TV Shows, Docuseries",0.0,1,3,14.0
Movie,The Visit,2015,TV-MA,"Dramas, Independent Movies, International Movies",138.0,0,2,7.0
Movie,When Love Happens,2014,TV-14,"International Movies, Romantic Movies",109.0,0,2,0.0
Movie,Pete Davidson: Alive From New York,2020,TV-MA,Stand-Up Comedy,50.0,0,2,5.0
Movie,Full Count,2019,TV-PG,"Children & Family Movies, Dramas, Faith & Spirituality",110.0,0,2,1.0
TV Show,"Hi Bye, Mama!",2020,TV-14,"International TV Shows, Korean TV Shows, Romantic TV Shows",0.0,1,3,12.0
Movie,Girl on the Third Floor,2019,TV-MA,Horror Movies,92.0,0,2,13.0
TV Show,Unabomber - In His Own Words,2018,TV-MA,"Crime TV Shows, Docuseries",0.0,1,3,14.0
TV Show,Gentefied,2020,TV-MA,"TV Comedies, TV Dramas",0.0,1,3,15.0
TV Show,Hyena,2020,TV-MA,"International TV Shows, Korean TV Shows, Romantic TV Shows",0.0,1,3,12.0
TV Show,Passion. Panache. Pep,2020,TV-G,"International TV Shows, Reality TV",0.0,1,3,5.0
TV Show,Puerta 7,2020,TV-MA,"Crime TV Shows, International TV Shows, Spanish-Language TV Shows",0.0,1,3,11.0
Movie,System Crasher,2020,TV-MA,"Dramas, Independent Movies, International Movies",120.0,0,2,7.0
Movie,The Body,2019,TV-14,"International Movies, Thrillers",101.0,0,2,0.0
Movie,The Last Thing He Wanted,2020,R,"Dramas, Thrillers",116.0,0,2,10.0
Movie,Yeh Ballet,2020,TV-MA,"Dramas, International Movies",117.0,0,2,7.0
Movie,Pretville,2012,TV-PG,"Comedies, International Movies, Music & Musicals",95.0,0,2,1.0
TV Show,Spectros,2020,TV-MA,"International TV Shows, TV Horror, TV Mysteries",0.0,1,3,1.0
Movie,Untamed Romania,2018,TV-PG,"Children & Family Movies, Documentaries, International Movies",93.0,0,2,8.0
TV Show,DreamWorks Shrek's Swamp Stories,2008,TV-PG,"Kids' TV, TV Action & Adventure, TV Comedies",0.0,1,3,0.0
Movie,By the Sea,2015,R,"Dramas, Romantic Movies",122.0,0,2,10.0
Movie,Miss Virginia,2019,TV-MA,"Dramas, Independent Movies",102.0,0,2,3.0
Movie,MR. RIGHT,2015,R,"Action & Adventure, Comedies, Romantic Movies",96.0,0,2,11.0
TV Show,On the Real,2017,TV-MA,"International TV Shows, TV Dramas",0.0,1,3,2.0
Movie,Term Life,2016,R,"Dramas, Thrillers",93.0,0,2,10.0
Movie,The Forest,2016,PG-13,"Horror Movies, Independent Movies",93.0,0,2,14.0
Movie,Monster High: Electrified,2017,TV-Y,Movies,72.0,0,2,16.0
TV Show,Talking Tom and Friends,2017,TV-Y,"Kids' TV, TV Comedies",0.0,1,3,4.0
Movie,A Shaun the Sheep Movie: Farmageddon,2019,G,"Children & Family Movies, Comedies",87.0,0,2,2.0
Movie,Cuddle Weather,2019,TV-MA,"Dramas, International Movies, Romantic Movies",95.0,0,2,7.0
Movie,Fanatyk,2017,TV-MA,"Comedies, Dramas, Independent Movies",33.0,0,2,3.0
Movie,Isi & Ossi,2020,TV-MA,"Comedies, International Movies, Romantic Movies",113.0,0,2,6.0
Movie,Liefling,2010,TV-PG,"Comedies, International Movies, Music & Musicals",118.0,0,2,1.0
Movie,Panipat - The Great Betrayal,2019,TV-14,"Dramas, International Movies, Romantic Movies",171.0,0,2,15.0
TV Show,Taj Mahal 1989,2020,TV-MA,"International TV Shows, Romantic TV Shows, TV Comedies",0.0,1,3,15.0
Movie,The Ghost and the Tout,2018,TV-14,"Comedies, International Movies",100.0,0,2,4.0
Movie,Dragon Quest Your Story,2019,TV-PG,"Action & Adventure, Anime Features, Children & Family Movies",103.0,0,2,2.0
TV Show,Love Is Blind,2021,TV-MA,"Reality TV, Romantic TV Shows",0.0,1,3,5.0
TV Show,Narcos: Mexico,2020,TV-MA,"Crime TV Shows, TV Action & Adventure, TV Dramas",0.0,2,3,16.0
TV Show,Palazuelos mi rey,2019,TV-14,"International TV Shows, Reality TV, Spanish-Language TV Shows",0.0,1,3,5.0
TV Show,Sleepless Society: Insomnia,2019,TV-MA,"Crime TV Shows, International TV Shows, TV Dramas",0.0,1,3,2.0
Movie,French Toast,2015,TV-PG,"Comedies, International Movies, Romantic Movies",86.0,0,2,1.0
Movie,To All the Boys: P.S. I Still Love You,2020,TV-14,"Comedies, Romantic Movies",102.0,0,2,4.0
TV Show,We Bare Bears,2018,TV-Y,"Kids' TV, TV Comedies",0.0,2,3,4.0
Movie,Captain Underpants Epic Choice-o-Rama,2020,TV-Y7,"Children & Family Movies, Comedies",81.0,0,2,16.0
Movie,Good Time,2017,R,"Dramas, Independent Movies, Thrillers",101.0,0,2,10.0
Movie,ROAD TO ROMA,2020,TV-PG,"Documentaries, International Movies",73.0,0,2,8.0
Movie,Love for Sale 2,2019,TV-14,"Dramas, International Movies, Romantic Movies",96.0,0,2,15.0
TV Show,Better Call Saul,2018,TV-MA,"Crime TV Shows, TV Comedies, TV Dramas",0.0,4,0,0.0
Movie,Fronteras,2018,TV-MA,"Dramas, Independent Movies, Thrillers",106.0,0,2,3.0
Movie,Polaroid,2019,PG-13,Horror Movies,88.0,0,2,14.0
Movie,The Coldest Game,2019,TV-MA,"Dramas, International Movies, Thrillers",103.0,0,2,7.0
Movie,Thottappan,2019,TV-14,"Comedies, Dramas, International Movies",139.0,0,2,4.0
Movie,Azali,2018,TV-14,"Dramas, International Movies",89.0,0,2,15.0
TV Show,Dragons: Rescue Riders,2020,TV-Y,"Kids' TV, TV Comedies",0.0,2,3,4.0
TV Show,Fifty: The Series,2018,TV-14,"International TV Shows, Romantic TV Shows, TV Dramas",0.0,2,3,10.0
Movie,Horse Girl,2020,R,"Dramas, Independent Movies",104.0,0,2,10.0
Movie,Jada,2019,TV-14,"Dramas, International Movies, Sports Movies",124.0,0,2,15.0
TV Show,Locke & Key,2020,TV-14,"TV Action & Adventure, TV Dramas, TV Mysteries",0.0,1,3,10.0
TV Show,My Holo Love,2020,TV-14,"International TV Shows, Korean TV Shows, Romantic TV Shows",0.0,1,3,12.0
Movie,The Ballad of Lefty Brown,2017,R,Dramas,112.0,0,2,10.0
TV Show,Who Killed Malcolm X?,2020,TV-MA,"Crime TV Shows, Docuseries",0.0,1,3,14.0
TV Show,Cagaster of an Insect Cage,2020,TV-MA,"Anime Series, International TV Shows",0.0,1,3,9.0
Movie,Gardeners of Eden,2014,TV-14,Documentaries,70.0,0,2,12.0
TV Show,Arrow,2019,TV-14,"Crime TV Shows, TV Action & Adventure",0.0,8,0,1.0
TV Show,The Pharmacist,2020,TV-MA,"Crime TV Shows, Docuseries",0.0,1,3,14.0
Movie,Uppity: The Willy T. Ribbs Story,2020,TV-MA,"Documentaries, Sports Movies",106.0,0,2,17.0
Movie,Dragonheart: Vengeance,2020,PG-13,"Action & Adventure, Sci-Fi & Fantasy",97.0,0,2,14.0
Movie,"Faith, Hope & Love",2019,PG,"Comedies, Faith & Spirituality, Romantic Movies",106.0,0,2,2.0
Movie,Tom Papa: You're Doing Great!,2020,TV-14,Stand-Up Comedy,60.0,0,2,5.0
TV Show,Team Kaylie,2020,TV-PG,"Kids' TV, TV Comedies",0.0,3,3,8.0
Movie,Thambi,2019,TV-14,"International Movies, Thrillers",148.0,0,2,0.0
Movie,The Silent War,2020,TV-MA,"Dramas, International Movies, Thrillers",122.0,0,2,7.0
Movie,Chronically Metropolitan,2016,TV-MA,"Comedies, Dramas, Independent Movies",86.0,0,2,3.0
Movie,Hum Aapke Hain Koun,1994,TV-14,"Classic Movies, Dramas, International Movies",193.0,0,1,1.0
TV Show,Is It Wrong to Try to Pick Up Girls in a Dungeon?,2015,TV-MA,"Anime Series, International TV Shows",0.0,1,3,9.0
TV Show,Itaewon Class,2020,TV-MA,"International TV Shows, Korean TV Shows, TV Dramas",0.0,1,3,2.0
Movie,Justice,2017,R,Movies,92.0,0,2,11.0
Movie,Love Jacked,2018,PG-13,"Comedies, International Movies, Romantic Movies",94.0,0,2,6.0
TV Show,Miraculous: Tales of Ladybug & Cat Noir,2019,TV-Y7,"Kids' TV, TV Action & Adventure",0.0,5,0,0.0
Movie,Misfit 2,2019,TV-G,"Children & Family Movies, Comedies, International Movies",82.0,0,2,2.0
Movie,Night on Earth: Shot in the Dark,2020,TV-PG,Movies,59.0,0,2,8.0
TV Show,No Game No Life,2014,TV-MA,"Anime Series, International TV Shows",0.0,1,3,9.0
TV Show,Pop Team Epic,2018,TV-14,"Anime Series, International TV Shows",0.0,1,3,9.0
TV Show,Shopkins,2014,TV-Y,Kids' TV,0.0,1,3,4.0
Movie,The Car: Road to Revenge,2019,TV-MA,"Action & Adventure, Horror Movies, Sci-Fi & Fantasy",89.0,0,2,13.0
Movie,Together For Eternity,1999,TV-G,"Dramas, International Movies, Music & Musicals",176.0,0,1,1.0
Movie,37 Seconds,2020,TV-MA,"Dramas, International Movies",116.0,0,2,7.0
TV Show,Diablero,2020,TV-MA,"International TV Shows, Spanish-Language TV Shows, TV Action & Adventure",0.0,2,3,11.0
Movie,Gang of the Caribbean,2016,TV-MA,"Dramas, International Movies",86.0,0,2,7.0
Movie,Hakkunde,2017,TV-14,"Comedies, Dramas, Independent Movies",93.0,0,2,4.0
TV Show,Luna Nera,2020,TV-MA,"International TV Shows, Romantic TV Shows, TV Dramas",0.0,1,3,2.0
Movie,Miss Americana,2020,TV-MA,"Documentaries, Music & Musicals",85.0,0,2,17.0
TV Show,Unauthorized Living,2020,TV-MA,"Crime TV Shows, International TV Shows, Spanish-Language TV Shows",0.0,2,3,11.0
TV Show,Ainori Love Wagon: African Journey,2019,TV-14,"International TV Shows, Reality TV, Romantic TV Shows",0.0,1,3,5.0
Movie,Kevin Hart: I'm a Grown Little Man,2009,TV-MA,Stand-Up Comedy,62.0,0,2,5.0
TV Show,THE STRANGER,2020,TV-MA,"British TV Shows, Crime TV Shows, International TV Shows",0.0,1,3,11.0
TV Show,What the Love! with Karan Johar,2020,TV-14,"International TV Shows, Reality TV, Romantic TV Shows",0.0,1,3,5.0
Movie,Close Enemies,2018,TV-MA,"Dramas, International Movies",112.0,0,2,7.0
TV Show,Find Yourself,2020,TV-14,"International TV Shows, Romantic TV Shows, TV Comedies",0.0,1,3,17.0
TV Show,Night on Earth,2020,TV-PG,"Docuseries, Science & Nature TV",0.0,1,3,3.0
TV Show,Omniscient,2020,TV-MA,"International TV Shows, TV Dramas, TV Sci-Fi & Fantasy",0.0,1,3,2.0
Movie,Shimla Mirchi,2020,TV-14,"Comedies, International Movies, Romantic Movies",121.0,0,2,4.0
Movie,Sillu Karuppatti,2019,TV-14,"Comedies, Dramas, Independent Movies",133.0,0,2,4.0
Movie,Vir Das: For India,2020,TV-MA,Stand-Up Comedy,76.0,0,2,5.0
Movie,Menashe,2017,PG,"Dramas, Independent Movies",82.0,0,2,3.0
Movie,A Sun,2019,TV-MA,"Dramas, Independent Movies, International Movies",156.0,0,2,7.0
Movie,Die Ontwaking,2015,TV-MA,"International Movies, Thrillers",90.0,0,2,13.0
TV Show,Rise of Empires: Ottoman,2020,TV-MA,Docuseries,0.0,1,3,14.0
TV Show,Sons of the Caliphate,2017,TV-14,"International TV Shows, TV Dramas",0.0,2,3,10.0
TV Show,The goop lab with Gwyneth Paltrow,2020,TV-MA,Reality TV,0.0,1,3,5.0
TV Show,The Ranch,2020,TV-MA,"TV Comedies, TV Dramas",0.0,8,0,1.0
Movie,Airplane Mode,2020,TV-PG,"Comedies, International Movies, Romantic Movies",97.0,0,2,1.0
Movie,Alex Fernández: The Best Comedian in the World,2020,TV-MA,Stand-Up Comedy,51.0,0,2,5.0
TV Show,October Faction,2020,TV-MA,"TV Action & Adventure, TV Dramas, TV Horror",0.0,1,3,2.0
TV Show,​SAINT SEIYA: Knights of the Zodiac,2020,TV-14,"Anime Series, International TV Shows",0.0,2,3,9.0
TV Show,The Ghost Bride,2020,TV-14,"International TV Shows, TV Dramas, TV Mysteries",0.0,1,3,10.0
TV Show,Pandemic: How to Prevent an Outbreak,2020,TV-14,"Docuseries, Science & Nature TV",0.0,1,3,6.0
TV Show,Playing with Fire,2019,TV-MA,"International TV Shows, Romantic TV Shows, Spanish-Language TV Shows",0.0,1,3,11.0
Movie,Whisky,2004,TV-MA,"Comedies, Dramas, International Movies",98.0,0,2,7.0
Movie,Fortune Feimster: Sweet & Salty,2020,TV-MA,Stand-Up Comedy,61.0,0,2,5.0
Movie,KD (A) Karuppudurai,2019,TV-14,"Comedies, Dramas, Independent Movies",116.0,0,2,4.0
TV Show,DreamWorks How to Train Your Dragon Legends,2011,TV-PG,"Kids' TV, TV Action & Adventure, TV Sci-Fi & Fantasy",0.0,1,3,0.0
Movie,Motichoor Chaknachoor,2019,TV-14,"Comedies, Dramas, International Movies",132.0,0,2,4.0
Movie,WHAT DID JACK DO?,2020,TV-14,"Dramas, Independent Movies",17.0,0,2,12.0
Movie,The Bling Ring,2013,R,"Dramas, Independent Movies",91.0,0,2,10.0
Movie,A Fall from Grace,2020,TV-MA,"Dramas, Thrillers",121.0,0,2,3.0
TV Show,Ares,2020,TV-MA,"International TV Shows, TV Dramas, TV Horror",0.0,1,3,2.0
TV Show,Hip-Hop Evolution,2020,TV-MA,"Docuseries, International TV Shows",0.0,4,0,0.0
TV Show,Nailed It! Germany,2020,TV-14,"International TV Shows, Reality TV",0.0,1,3,5.0
TV Show,Tiny House Nation,2019,TV-PG,Reality TV,0.0,2,3,5.0
Movie,Deadcon,2019,TV-14,Horror Movies,78.0,0,2,12.0
TV Show,Handsome Siblings,2020,TV-14,"International TV Shows, TV Dramas, TV Sci-Fi & Fantasy",0.0,1,3,10.0
Movie,Hop,2011,PG,"Children & Family Movies, Comedies",95.0,0,2,2.0
Movie,Jezebel,2019,TV-MA,"Dramas, Independent Movies",86.0,0,2,3.0
Movie,Legend,2015,R,"Dramas, International Movies, Thrillers",132.0,0,2,10.0
Movie,NiNoKuni,2019,TV-14,"Action & Adventure, Anime Features, Children & Family Movies",107.0,0,2,0.0
TV Show,Soul Eater,2008,TV-14,"Anime Series, International TV Shows",0.0,1,3,9.0
Movie,Steve Jobs,2015,R,Dramas,122.0,0,2,10.0
Movie,Bulbul Can Sing,2018,TV-14,"Dramas, Independent Movies, International Movies",95.0,0,2,15.0
Movie,Eye For An Eye,2019,TV-MA,"Dramas, International Movies, Thrillers",108.0,0,2,7.0
TV Show,Killer Inside: The Mind of Aaron Hernandez,2020,TV-MA,"Crime TV Shows, Docuseries",0.0,1,3,14.0
Movie,MindGamers,2017,R,"International Movies, Sci-Fi & Fantasy, Thrillers",99.0,0,2,11.0
Movie,The Brave,2019,TV-MA,"Action & Adventure, Independent Movies",103.0,0,2,3.0
Movie,Leslie Jones: Time Machine,2020,TV-MA,Stand-Up Comedy,66.0,0,2,5.0
TV Show,The Ollie & Moon Show,2018,TV-Y,Kids' TV,0.0,1,3,4.0
Movie,Women of Mafia 2,2019,TV-MA,"Action & Adventure, Dramas, International Movies",132.0,0,2,7.0
TV Show,The Healing Powers of Dude,2020,TV-G,"Kids' TV, TV Comedies, TV Dramas",0.0,1,3,13.0
Movie,Betty White: First Lady of Television,2018,TV-14,Documentaries,56.0,0,2,12.0
Movie,Made in China,2019,TV-MA,"Comedies, Dramas, International Movies",128.0,0,2,7.0
TV Show,AJ and the Queen,2020,TV-14,"TV Comedies, TV Dramas",0.0,1,3,17.0
TV Show,Giri / Haji,2019,TV-MA,"British TV Shows, Crime TV Shows, International TV Shows",0.0,1,3,11.0
TV Show,Harvey Street Kids,2020,TV-Y7,"Kids' TV, TV Comedies",0.0,4,0,0.0
TV Show,Jamtara - Sabka Number Ayega,2020,TV-MA,"Crime TV Shows, International TV Shows, TV Dramas",0.0,1,3,2.0
TV Show,Medical Police,2020,TV-MA,"Crime TV Shows, TV Action & Adventure, TV Comedies",0.0,1,3,15.0
Movie,Monsters: Dark Continent,2014,R,"Action & Adventure, Dramas, Independent Movies",119.0,0,2,10.0
TV Show,The InBESTigators,2020,TV-Y,"Kids' TV, TV Comedies",0.0,2,3,4.0
TV Show,Until Dawn,2020,TV-MA,"International TV Shows, Reality TV, TV Comedies",0.0,1,3,15.0
Movie,Bulletproof 2,2020,TV-MA,"Action & Adventure, Comedies",97.0,0,2,6.0
TV Show,Cheer,2020,TV-MA,"Docuseries, Reality TV, Teen TV Shows",0.0,1,3,14.0
Movie,A Ghost Story,2017,R,"Dramas, Independent Movies",92.0,0,2,10.0
Movie,"Live Twice, Love Once",2020,TV-MA,"Comedies, Dramas, International Movies",102.0,0,2,7.0
TV Show,Dracula,2020,TV-14,"British TV Shows, International TV Shows, TV Dramas",0.0,1,3,10.0
Movie,All the Freckles in the World,2020,TV-14,"Comedies, International Movies, Romantic Movies",90.0,0,2,4.0
TV Show,Anne with an E,2019,TV-PG,"International TV Shows, TV Dramas, Teen TV Shows",0.0,3,3,8.0
Movie,Half Girlfriend,2017,TV-14,"Dramas, International Movies, Romantic Movies",129.0,0,2,15.0
TV Show,"Sex, Explained",2020,TV-MA,"Docuseries, Science & Nature TV",0.0,1,3,14.0
TV Show,Thieves of the Wood,2019,TV-MA,"International TV Shows, TV Action & Adventure, TV Dramas",0.0,1,3,2.0
Movie,Aruna & Her Palate,2018,TV-14,"Dramas, International Movies",106.0,0,2,15.0
TV Show,Because This Is My First Life,2017,TV-14,"International TV Shows, Korean TV Shows, Romantic TV Shows",0.0,1,3,12.0
TV Show,Border Security: America's Front Line,2018,TV-14,"Crime TV Shows, International TV Shows, Reality TV",0.0,1,3,5.0
Movie,Breaking the Bank,2014,TV-PG,"Comedies, International Movies",105.0,0,2,1.0
TV Show,Cells at Work!,2018,TV-PG,"Anime Series, Teen TV Shows",0.0,1,3,0.0
TV Show,Chhota Bheem Kung Fu Dhamaka Series,2019,TV-Y7,Kids' TV,0.0,1,3,13.0
Movie,Garfield Gets Real,2007,TV-Y,"Children & Family Movies, Comedies",78.0,0,2,2.0
Movie,Garfield's Fun Fest,2008,TV-Y7,"Children & Family Movies, Comedies",79.0,0,2,2.0
Movie,Garfield's Pet Force,2009,G,"Children & Family Movies, Comedies",78.0,0,2,2.0
Movie,Ghost Stories,2020,TV-MA,"Horror Movies, International Movies, Thrillers",145.0,0,2,13.0
Movie,Jeff Dunham: Unhinged in Hollywood,2015,TV-MA,Stand-Up Comedy,71.0,0,2,5.0
Movie,Jimmy Neutron: Boy Genius,2001,G,"Children & Family Movies, Comedies, Sci-Fi & Fantasy",83.0,0,1,1.0
TV Show,Live Up To Your Name,2017,TV-MA,"International TV Shows, Korean TV Shows, Romantic TV Shows",0.0,1,3,12.0
Movie,Luccas Neto in: Children's Day,2019,TV-G,"Children & Family Movies, Comedies, Music & Musicals",81.0,0,2,2.0
TV Show,Messiah,2020,TV-MA,"TV Dramas, TV Thrillers",0.0,1,3,2.0
TV Show,Mia and Me,2017,TV-Y7,Kids' TV,0.0,2,3,13.0
TV Show,"Nisman: The Prosecutor, the President, and the Spy",2020,TV-MA,"Crime TV Shows, Docuseries, International TV Shows",0.0,1,3,14.0
Movie,Pan's Labyrinth,2006,R,"Dramas, International Movies, Sci-Fi & Fantasy",119.0,0,2,10.0
Movie,Pokémon the Movie: Power of Us,2018,TV-Y7,"Anime Features, Children & Family Movies",98.0,0,2,16.0
Movie,Posesif,2017,TV-MA,"Dramas, International Movies, Romantic Movies",102.0,0,2,7.0
TV Show,Reply 1988,2015,TV-14,"International TV Shows, Korean TV Shows, Romantic TV Shows",0.0,1,3,12.0
Movie,Riot,2015,TV-MA,Action & Adventure,88.0,0,2,13.0
Movie,Road Trip: Beer Pong,2009,R,Comedies,97.0,0,2,11.0
TV Show,Save Me,2017,TV-MA,"International TV Shows, Korean TV Shows, TV Dramas",0.0,1,3,2.0
TV Show,Spinning Out,2020,TV-MA,TV Dramas,0.0,1,3,2.0
TV Show,The Bride of Habaek,2017,TV-14,"International TV Shows, Korean TV Shows, Romantic TV Shows",0.0,1,3,12.0
Movie,Aaviri,2019,TV-14,"Horror Movies, International Movies, Thrillers",110.0,0,2,0.0
Movie,Albert Pinto Ko Gussa Kyun Aata Hai?,2019,TV-MA,"Dramas, Independent Movies, International Movies",85.0,0,2,7.0
TV Show,ARASHI's Diary -Voyage-,2019,TV-PG,"Docuseries, International TV Shows",0.0,1,3,7.0
Movie,Benchwarmers 2: Breaking Balls,2019,PG-13,"Comedies, Sports Movies",90.0,0,2,14.0
Movie,How High 2,2019,TV-MA,Comedies,89.0,0,2,6.0
TV Show,Occupied,2019,TV-MA,"International TV Shows, TV Dramas, TV Thrillers",0.0,3,3,16.0
TV Show,Pucca: Love Recipe,2018,TV-Y7,"Kids' TV, Korean TV Shows",0.0,1,3,13.0
TV Show,Rainbow Ruby,2016,TV-Y,Kids' TV,0.0,1,3,4.0
TV Show,Robot Trains,2018,TV-Y7,"Kids' TV, Korean TV Shows",0.0,2,3,13.0
TV Show,The Degenerates,2019,TV-MA,"Stand-Up Comedy & Talk Shows, TV Comedies",0.0,2,3,15.0
TV Show,Yanxi Palace: Princess Adventures,2019,TV-14,"International TV Shows, TV Dramas",0.0,1,3,10.0
TV Show,The Disastrous Life of Saiki K.: Reawakened,2019,TV-14,"Anime Series, International TV Shows",0.0,1,3,9.0
Movie,Hot Gimmick: Girl Meets Boy,2019,TV-MA,"Dramas, International Movies",120.0,0,2,7.0
Movie,Blitz Patrollie,2013,TV-MA,"Action & Adventure, Comedies, International Movies",102.0,0,2,6.0
Movie,"El Pepe, a Supreme Life",2018,TV-14,"Documentaries, International Movies",73.0,0,2,12.0
TV Show,Kevin Hart: Don’t F**k This Up,2019,TV-MA,Docuseries,0.0,1,3,14.0
Movie,The Vendor,2018,TV-MA,"Comedies, International Movies",103.0,0,2,6.0
Movie,The App,2019,TV-MA,"Dramas, Independent Movies, International Movies",79.0,0,2,7.0
TV Show,The Bonfire of Destiny,2019,TV-MA,"International TV Shows, TV Dramas",0.0,1,3,2.0
TV Show,You,2019,TV-MA,"Crime TV Shows, Romantic TV Shows, TV Dramas",0.0,2,3,16.0
Movie,Doom: Annihilation,2019,R,"Action & Adventure, Horror Movies, Sci-Fi & Fantasy",97.0,0,2,11.0
Movie,Fireworks,2017,TV-PG,"Anime Features, Romantic Movies",91.0,0,2,1.0
Movie,Grand-Daddy Day Care,2019,PG-13,"Children & Family Movies, Comedies",96.0,0,2,2.0
Movie,Jarhead: Law of Return,2019,R,"Action & Adventure, Dramas",103.0,0,2,10.0
Movie,MFKZ,2017,R,"Action & Adventure, Comedies, International Movies",95.0,0,2,11.0
Movie,Sweetheart,2019,PG-13,"Horror Movies, Sci-Fi & Fantasy, Thrillers",83.0,0,2,14.0
TV Show,CAROLE & TUESDAY,2019,TV-MA,"Anime Series, International TV Shows, Teen TV Shows",0.0,2,3,9.0
Movie,Como caído del cielo,2019,TV-14,"Comedies, International Movies, Music & Musicals",117.0,0,2,4.0
Movie,John Mulaney & The Sack Lunch Bunch,2019,TV-PG,"Children & Family Movies, Comedies",70.0,0,2,2.0
TV Show,Lost in Space,2019,TV-PG,"TV Action & Adventure, TV Dramas, TV Sci-Fi & Fantasy",0.0,2,3,0.0
Movie,Jacob's Ladder,2019,R,Thrillers,90.0,0,2,11.0
TV Show,Private Practice,2012,TV-14,"TV Comedies, TV Dramas",0.0,6,0,0.0
Movie,Back of the Net,2019,TV-Y,"Children & Family Movies, Sports Movies",86.0,0,2,16.0
Movie,Lost in London,2017,TV-PG,"Comedies, International Movies",86.0,0,2,1.0
TV Show,Agent,2019,TV-MA,"International TV Shows, TV Dramas",0.0,1,3,2.0
Movie,Being Mrs Elliot,2014,TV-14,"Dramas, International Movies, Romantic Movies",113.0,0,2,15.0
Movie,Falz Experience,2018,TV-MA,"International Movies, Music & Musicals",82.0,0,2,13.0
Movie,Iyore,2015,TV-PG,"Dramas, International Movies, Romantic Movies",141.0,0,2,1.0
Movie,The First Lady,2015,TV-MA,"Dramas, International Movies",107.0,0,2,7.0
Movie,The Two Popes,2019,PG-13,Dramas,126.0,0,2,9.0
TV Show,The Witcher,2019,TV-MA,"International TV Shows, TV Action & Adventure, TV Dramas",0.0,1,3,2.0
Movie,After the Raid,2019,TV-PG,"Documentaries, International Movies",25.0,0,2,8.0
TV Show,Twice Upon A Time,2019,TV-MA,"International TV Shows, Romantic TV Shows, TV Dramas",0.0,1,3,2.0
TV Show,Ultraviolet,2019,TV-MA,"Crime TV Shows, International TV Shows, TV Dramas",0.0,2,3,2.0
TV Show,Don't F**k with Cats: Hunting an Internet Killer,2019,TV-MA,"Crime TV Shows, Docuseries",0.0,1,3,14.0
TV Show,Soundtrack,2019,TV-MA,"Romantic TV Shows, TV Dramas",0.0,1,3,2.0
Movie,Ronny Chieng: Asian Comedian Destroys America!,2019,TV-MA,Stand-Up Comedy,63.0,0,2,5.0
Movie,"Sincerely Yours, Dhaka",2018,TV-MA,"Comedies, Dramas, Independent Movies",136.0,0,2,3.0
Movie,The Danish Girl,2015,R,"Dramas, Independent Movies, International Movies",120.0,0,2,10.0
Movie,Bangistan,2015,TV-14,"Comedies, Dramas, International Movies",134.0,0,2,4.0
TV Show,Cinderella and the Four Knights,2016,TV-PG,"International TV Shows, Korean TV Shows, Romantic TV Shows",0.0,1,3,12.0
TV Show,Cocomong,2015,TV-Y,"Kids' TV, Korean TV Shows",0.0,2,3,4.0
TV Show,Crash Landing on You,2019,TV-14,"International TV Shows, Korean TV Shows, Romantic TV Shows",0.0,1,3,12.0
TV Show,"Crazy, Lovely, Cool",2018,TV-MA,"International TV Shows, TV Dramas",0.0,1,3,2.0
Movie,Dil Chahta Hai,2001,TV-14,"Comedies, Dramas, International Movies",185.0,0,1,1.0
Movie,Dil Dhadakne Do,2015,TV-MA,"Comedies, Dramas, International Movies",174.0,0,2,7.0
Movie,Don,2006,TV-14,"Action & Adventure, International Movies",169.0,0,2,0.0
Movie,Don 2,2011,TV-14,"Action & Adventure, International Movies, Music & Musicals",148.0,0,2,0.0
Movie,Fukrey,2013,TV-14,"Action & Adventure, Comedies, Dramas",135.0,0,2,4.0
Movie,Game,2011,TV-14,"International Movies, Thrillers",135.0,0,2,0.0
TV Show,Girls und Panzer,2012,TV-PG,"Anime Series, International TV Shows",0.0,1,3,0.0
Movie,Holy Expectations,2019,TV-14,"Children & Family Movies, Comedies, International Movies",89.0,0,2,4.0
Movie,Honeymoon Travels Pvt. Ltd.,2007,TV-14,"Comedies, Dramas, International Movies",119.0,0,2,4.0
Movie,Isoken,2017,TV-14,"Comedies, International Movies, Romantic Movies",98.0,0,2,4.0
Movie,Karthik Calling Karthik,2010,TV-14,"Dramas, International Movies, Thrillers",135.0,0,2,15.0
Movie,Lakshya,2004,TV-PG,"Action & Adventure, Dramas, International Movies",185.0,0,2,1.0
Movie,Luck by Chance,2009,TV-14,"Dramas, International Movies, Romantic Movies",156.0,0,2,15.0
Movie,Potato Potahto,2017,TV-MA,"Comedies, Dramas, International Movies",104.0,0,2,7.0
Movie,Rock On!!,2008,TV-14,"Dramas, International Movies, Music & Musicals",139.0,0,2,15.0
TV Show,Scooby-Doo!: Mystery Incorporated,2012,TV-Y7,"Kids' TV, TV Comedies",0.0,2,3,13.0
Movie,Talaash,2012,TV-14,"Dramas, International Movies, Thrillers",140.0,0,2,15.0
TV Show,What's New Scooby-Doo?,2005,TV-Y7,"Kids' TV, TV Comedies",0.0,3,3,13.0
Movie,Zindagi Na Milegi Dobara,2011,TV-14,"Comedies, Dramas, International Movies",154.0,0,2,4.0
Movie,6 Underground,2019,R,"Action & Adventure, Dramas",129.0,0,2,10.0
Movie,A Trip to Jamaica,2016,TV-MA,"Comedies, International Movies",99.0,0,2,6.0
Movie,My Wife and I,2017,TV-MA,"Comedies, International Movies, Romantic Movies",100.0,0,2,6.0
Movie,Okafor's Law,2016,TV-14,"Comedies, International Movies, Romantic Movies",110.0,0,2,4.0
Movie,Seven and a half dates,2018,TV-14,"Dramas, International Movies, Romantic Movies",107.0,0,2,15.0
Movie,The 9th Precinct,2019,TV-MA,"International Movies, Thrillers",95.0,0,2,13.0
Movie,Zero Hour,2018,TV-MA,"International Movies, Thrillers",89.0,0,2,13.0
Movie,Jack Whitehall: Christmas with My Father,2019,TV-MA,Stand-Up Comedy,65.0,0,2,5.0
Movie,The Sky Is Pink,2019,TV-MA,"Dramas, International Movies",143.0,0,2,7.0
Movie,Good and Prosperous,2017,TV-14,"Comedies, International Movies",101.0,0,2,4.0
Movie,Michelle Wolf: Joke Show,2019,TV-MA,Stand-Up Comedy,60.0,0,2,5.0
Movie,A Family Reunion Christmas,2019,TV-PG,"Children & Family Movies, Comedies",29.0,0,2,16.0
Movie,It Comes at Night,2017,R,"Horror Movies, Independent Movies",92.0,0,2,11.0
Movie,Saaho,2019,TV-14,"Action & Adventure, International Movies",172.0,0,2,0.0
Movie,Nothing to Lose 2,2019,PG-13,"Dramas, Faith & Spirituality, International Movies",97.0,0,2,9.0
TV Show,Astronomy Club: The Sketch Show,2019,TV-MA,TV Comedies,0.0,1,3,15.0
Movie,Banana Island Ghost,2017,TV-14,"Comedies, International Movies",108.0,0,2,4.0
Movie,Celebrity Marriage,2017,TV-14,"Dramas, International Movies",107.0,0,2,15.0
TV Show,Fuller House,2020,TV-PG,TV Comedies,0.0,5,0,0.0
Movie,Marriage Story,2019,R,Dramas,137.0,0,2,10.0
Movie,No Game No Life: Zero,2017,TV-MA,"Action & Adventure, Anime Features, International Movies",106.0,0,2,13.0
Movie,Slow Country,2017,TV-MA,"Dramas, International Movies",115.0,0,2,7.0
Movie,Spirit Riding Free: Spirit of Christmas,2019,TV-Y7,Children & Family Movies,46.0,0,2,16.0
TV Show,Teasing Master Takagi-san,2019,TV-PG,"Anime Series, International TV Shows, Romantic TV Shows",0.0,1,3,0.0
TV Show,The Chosen One,2019,TV-MA,"International TV Shows, TV Dramas, TV Mysteries",0.0,2,3,1.0
TV Show,The Confession Killer,2019,TV-14,"Crime TV Shows, Docuseries",0.0,1,3,6.0
TV Show,Three Days of Christmas,2019,TV-MA,"International TV Shows, Spanish-Language TV Shows, TV Dramas",0.0,1,3,2.0
TV Show,Triad Princess,2019,TV-MA,"Crime TV Shows, International TV Shows, Romantic TV Shows",0.0,1,3,11.0
Movie,Wives on Strike,2016,TV-14,"Comedies, Dramas, International Movies",92.0,0,2,4.0
Movie,Wives on Strike: The Revolution,2017,TV-PG,"Comedies, Dramas, International Movies",93.0,0,2,1.0
Movie,A Christmas Prince: The Royal Baby,2019,TV-PG,"Children & Family Movies, Dramas, Romantic Movies",85.0,0,2,1.0
Movie,The Irishman: In Conversation,2019,TV-MA,Documentaries,24.0,0,2,17.0
TV Show,V Wars,2019,TV-MA,"TV Action & Adventure, TV Dramas, TV Horror",0.0,1,3,2.0
TV Show,The Last O.G.,2019,TV-MA,TV Comedies,0.0,2,3,15.0
TV Show,The Prince of Tennis ~ Match! Tennis Juniors ~,2019,TV-PG,"International TV Shows, TV Dramas, Teen TV Shows",0.0,1,3,0.0
TV Show,The Road to Love,2019,TV-14,"International TV Shows, Romantic TV Shows, Spanish-Language TV Shows",0.0,1,3,12.0
Movie,Tiffany Haddish: Black Mitzvah,2019,TV-MA,Stand-Up Comedy,56.0,0,2,5.0
TV Show,Nightflyers,2018,TV-MA,"TV Horror, TV Mysteries, TV Sci-Fi & Fantasy",0.0,1,3,1.0
Movie,A Cinderella Story: Christmas Wish,2019,PG,"Children & Family Movies, Comedies, Music & Musicals",86.0,0,2,2.0
Movie,Baby Dolls,2019,TV-PG,"Comedies, International Movies, Romantic Movies",127.0,0,2,1.0
Movie,Cut Bank,2014,R,"Dramas, Thrillers",93.0,0,2,10.0
Movie,Dead Kids,2019,TV-MA,"Dramas, International Movies, Thrillers",94.0,0,2,7.0
TV Show,Eastsiders,2018,TV-MA,"TV Comedies, TV Dramas",0.0,4,0,0.0
Movie,High End Yaariyan,2019,TV-14,"Comedies, International Movies, Romantic Movies",120.0,0,2,4.0
Movie,Iron Fists and Kung-Fu Kicks,2019,TV-MA,"Documentaries, International Movies",108.0,0,2,17.0
Movie,Jindua,2017,TV-14,"Dramas, International Movies, Romantic Movies",135.0,0,2,15.0
Movie,Lakeeran,2016,TV-PG,"Dramas, International Movies, Romantic Movies",111.0,0,2,1.0
Movie,Mahi NRI,2017,TV-14,"Comedies, Dramas, International Movies",134.0,0,2,4.0
Movie,Qismat,2018,TV-PG,"Dramas, International Movies, Romantic Movies",137.0,0,2,1.0
TV Show,Space Jungle,2016,TV-Y,"Kids' TV, Korean TV Shows, TV Comedies",0.0,2,3,4.0
Movie,Tee Shot: Ariya Jutanugarn,2019,TV-14,"Children & Family Movies, Dramas, International Movies",103.0,0,2,15.0
Movie,Thug Life,2017,TV-14,"Comedies, Dramas, International Movies",133.0,0,2,4.0
Movie,Wandering Stars,2019,TV-MA,"Documentaries, International Movies, Music & Musicals",95.0,0,2,17.0
Movie,Why Me?,2015,TV-MA,"Dramas, International Movies, Thrillers",126.0,0,2,7.0
TV Show,Chocolate,2019,TV-14,"International TV Shows, Korean TV Shows, Romantic TV Shows",0.0,1,3,12.0
Movie,Guatemala: Heart of the Mayan World,2019,TV-G,"Documentaries, International Movies",67.0,0,2,18.0
Movie,The Zoya Factor,2019,TV-14,"Comedies, Dramas, International Movies",135.0,0,2,4.0
Movie,Atlantics,2019,TV-14,"Dramas, Independent Movies, International Movies",106.0,0,2,15.0
TV Show,Chip and Potato,2019,TV-Y,Kids' TV,0.0,2,3,4.0
Movie,Crazy people,2018,TV-MA,"Comedies, International Movies, Thrillers",107.0,0,2,6.0
Movie,I Lost My Body,2019,TV-MA,"Dramas, Independent Movies, International Movies",81.0,0,2,7.0
Movie,Kalushi: The Story of Solomon Mahlangu,2016,TV-MA,"Dramas, International Movies",107.0,0,2,7.0
TV Show,La Reina del Sur,2019,TV-MA,"Crime TV Shows, International TV Shows, Spanish-Language TV Shows",0.0,2,3,11.0
Movie,Lagos Real Fake Life,2018,TV-MA,"Comedies, International Movies",118.0,0,2,6.0
Movie,Payday,2018,TV-MA,"Comedies, Independent Movies, International Movies",110.0,0,2,6.0
Movie,The Accidental Spy,2017,TV-MA,"Action & Adventure, Comedies, International Movies",104.0,0,2,6.0
TV Show,The Charming Stepmom,2019,TV-14,"International TV Shows, Romantic TV Shows, TV Comedies",0.0,1,3,17.0
Movie,The Island,2018,TV-14,"Dramas, International Movies, Thrillers",93.0,0,2,15.0
Movie,Holiday Rush,2019,TV-PG,"Children & Family Movies, Dramas",94.0,0,2,1.0
TV Show,Levius,2019,TV-14,"Anime Series, International TV Shows",0.0,1,3,9.0
TV Show,Lugar de Mulher,2019,TV-MA,"International TV Shows, Stand-Up Comedy & Talk Shows, TV Comedies",0.0,1,3,15.0
TV Show,Merry Happy Whatever,2019,TV-PG,TV Comedies,0.0,1,3,0.0
TV Show,Mythomaniac,2019,TV-MA,"International TV Shows, TV Comedies, TV Dramas",0.0,1,3,2.0
Movie,Defiance,2008,R,"Action & Adventure, Dramas",137.0,0,2,10.0
Movie,Evvarikee Cheppoddu,2019,TV-14,"Comedies, International Movies, Romantic Movies",134.0,0,2,4.0
Movie,Little Singham: Mahabali,2019,TV-Y7,"Children & Family Movies, Comedies",69.0,0,2,16.0
Movie,The Body Remembers When the World Broke Open,2019,TV-MA,"Dramas, Independent Movies",106.0,0,2,3.0
Movie,The Irishman,2019,R,Dramas,209.0,0,2,10.0
Movie,Mike Birbiglia: The New One,2019,TV-MA,Stand-Up Comedy,86.0,0,2,5.0
Movie,Super Monsters Save Christmas,2019,TV-Y,Children & Family Movies,24.0,0,2,16.0
TV Show,The Crime,2015,TV-MA,"Crime TV Shows, International TV Shows, TV Dramas",0.0,2,3,2.0
Movie,True: Winter Wishes,2019,TV-Y,Children & Family Movies,46.0,0,2,16.0
TV Show,Zona Rosa,2019,TV-MA,"International TV Shows, Spanish-Language TV Shows, Stand-Up Comedy & Talk Shows",0.0,1,3,11.0
Movie,Pranaam,2019,TV-14,"Action & Adventure, Dramas, International Movies",117.0,0,2,15.0
Movie,What the F* Is Going On?,2019,TV-MA,"Documentaries, International Movies",87.0,0,2,17.0
Movie,Shot Caller,2017,R,"Dramas, Thrillers",121.0,0,2,10.0
TV Show,Once Upon A Time In Lingjian Mountain,2019,TV-14,"International TV Shows, TV Comedies, TV Sci-Fi & Fantasy",0.0,1,3,17.0
Movie,Brother,2019,TV-MA,"Dramas, Independent Movies, International Movies",97.0,0,2,7.0
TV Show,Dolly Parton's Heartstrings,2019,TV-14,TV Dramas,0.0,1,3,10.0
Movie,Girls und Panzer der Film,2015,TV-MA,"Action & Adventure, Anime Features, International Movies",121.0,0,2,13.0
Movie,Mike Birbiglia: What I Should Have Said Was Nothing: Tales from My Secret Public Journal,2008,TV-MA,Stand-Up Comedy,56.0,0,2,5.0
TV Show,Nailed It! Holiday!,2019,TV-PG,Reality TV,0.0,2,3,5.0
TV Show,Narcoworld: Dope Stories,2019,TV-MA,"Crime TV Shows, Docuseries",0.0,1,3,14.0
TV Show,Nobody's Looking,2019,TV-MA,"International TV Shows, TV Comedies, TV Dramas",0.0,1,3,2.0
Movie,Shelby American,2019,TV-MA,"Documentaries, Sports Movies",119.0,0,2,17.0
TV Show,Singapore Social,2019,TV-MA,"International TV Shows, Reality TV",0.0,1,3,5.0
TV Show,The Dragon Prince,2019,TV-Y7,"Kids' TV, TV Action & Adventure, TV Sci-Fi & Fantasy",0.0,3,3,13.0
TV Show,Trolls: The Beat Goes On!,2019,TV-Y7,"Kids' TV, TV Comedies",0.0,8,0,1.0
Movie,The Knight Before Christmas,2019,TV-14,"Children & Family Movies, Comedies, Romantic Movies",93.0,0,2,2.0
TV Show,Bangkok Buddies,2019,TV-MA,"International TV Shows, TV Comedies, TV Dramas",0.0,1,3,2.0
Movie,"Bikram: Yogi, Guru, Predator",2019,TV-MA,Documentaries,86.0,0,2,17.0
Movie,Dorasaani,2019,TV-14,"Dramas, International Movies, Romantic Movies",134.0,0,2,15.0
TV Show,Holiday Secrets,2019,TV-MA,"International TV Shows, TV Dramas",0.0,1,3,2.0
Movie,"Lorena, Light-Footed Woman",2019,TV-G,"Documentaries, International Movies, Sports Movies",28.0,0,2,18.0
Movie,Mallesham,2019,TV-14,"Dramas, Independent Movies, International Movies",131.0,0,2,15.0
TV Show,Who Killed Little Gregory?,2019,TV-MA,"Crime TV Shows, Docuseries, International TV Shows",0.0,1,3,14.0
Movie,Iliza Shlesinger: Unveiled,2019,TV-MA,Stand-Up Comedy,78.0,0,2,5.0
TV Show,Miss Culinary,2019,TV-14,"International TV Shows, Romantic TV Shows, TV Comedies",0.0,1,3,17.0
TV Show,Candy Online,2019,TV-MA,"International TV Shows, TV Dramas, Teen TV Shows",0.0,1,3,2.0
Movie,Iron Sky: The Coming Race,2019,TV-MA,"Action & Adventure, Comedies, International Movies",93.0,0,2,6.0
Movie,Jeff Dunham: All Over the Map,2014,TV-MA,Stand-Up Comedy,84.0,0,2,5.0
Movie,Suffragette,2015,PG-13,"Dramas, International Movies",107.0,0,2,9.0
Movie,The Green Inferno,2013,R,"Horror Movies, Independent Movies",101.0,0,2,11.0
TV Show,At the Dolphin Bay,2003,TV-14,"International TV Shows, Romantic TV Shows",0.0,1,3,18.0
Movie,Earthquake Bird,2019,R,"Dramas, Romantic Movies",107.0,0,2,10.0
Movie,El sendero de la anaconda,2019,TV-14,"Documentaries, International Movies",74.0,0,2,12.0
Movie,GO! The Unforgettable Party,2019,TV-PG,"Children & Family Movies, Music & Musicals",60.0,0,2,16.0
Movie,Guna 369,2019,TV-MA,"Action & Adventure, Dramas, International Movies",143.0,0,2,7.0
Movie,House Arrest,2019,TV-14,"Comedies, Independent Movies, International Movies",105.0,0,2,4.0
TV Show,I'm with the Band: Nasty Cherry,2019,TV-MA,Reality TV,0.0,1,3,5.0
TV Show,Inheritors,2013,TV-14,"International TV Shows, Korean TV Shows, Romantic TV Shows",0.0,1,3,12.0
TV Show,K-On!,2010,TV-PG,"Anime Series, Teen TV Shows",0.0,2,3,0.0
Movie,K-on! the movie,2011,TV-PG,"Anime Features, Music & Musicals",110.0,0,2,1.0
Movie,Klaus,2019,PG,"Children & Family Movies, Comedies",98.0,0,2,2.0
TV Show,La Robe De Mariee Des Cieux,2004,TV-MA,"International TV Shows, Romantic TV Shows",0.0,1,3,18.0
TV Show,Llama Llama,2019,TV-Y,Kids' TV,0.0,2,3,4.0
TV Show,My MVP Valentine,2002,TV-PG,"International TV Shows, Romantic TV Shows, TV Dramas",0.0,1,3,18.0
TV Show,My Sassy Girl,2017,TV-14,"International TV Shows, Korean TV Shows, Romantic TV Shows",0.0,1,3,12.0
Movie,SunGanges,2018,TV-14,"Documentaries, International Movies",74.0,0,2,12.0
TV Show,The Club,2019,TV-MA,"Crime TV Shows, International TV Shows, Spanish-Language TV Shows",0.0,1,3,11.0
Movie,The Garden of Words,2013,TV-14,"Anime Features, International Movies, Romantic Movies",46.0,0,2,0.0
TV Show,The Stranded,2019,TV-MA,"International TV Shows, TV Action & Adventure, TV Dramas",0.0,1,3,2.0
TV Show,The Toys That Made Us,2019,TV-14,"Docuseries, Reality TV",0.0,3,3,8.0
TV Show,The Yard,2019,TV-MA,"Crime TV Shows, International TV Shows, TV Dramas",0.0,2,3,2.0
TV Show,Westside Story,2003,TV-14,"International TV Shows, Romantic TV Shows, TV Action & Adventure",0.0,1,3,18.0
Movie,Fadily Camara : La plus drôle de tes copines,2019,TV-MA,Stand-Up Comedy,54.0,0,2,5.0
TV Show,My Dear Warrior,2019,TV-14,"International TV Shows, Romantic TV Shows, TV Comedies",0.0,1,3,17.0
TV Show,Maradona in Mexico,2020,TV-MA,"Docuseries, Spanish-Language TV Shows",0.0,1,3,14.0
TV Show,Chief of Staff,2019,TV-14,"International TV Shows, Korean TV Shows, TV Dramas",0.0,2,3,10.0
Movie,Jeff Garlin: Our Man In Chicago,2019,TV-MA,Stand-Up Comedy,59.0,0,2,5.0
Movie,A Single Man,2009,R,"Dramas, Independent Movies, LGBTQ Movies",100.0,0,2,10.0
TV Show,Put Your Head on My Shoulder,2019,TV-14,"International TV Shows, Romantic TV Shows, Teen TV Shows",0.0,1,3,12.0
Movie,To Be of Service,2019,TV-MA,Documentaries,88.0,0,2,17.0
TV Show,Little Things,2019,TV-MA,"International TV Shows, Romantic TV Shows, TV Comedies",0.0,3,3,16.0
TV Show,Greatest Events of WWII in Colour,2019,TV-14,"British TV Shows, Docuseries, International TV Shows",0.0,1,3,6.0
TV Show,Green Eggs and Ham,2019,TV-Y7,"Kids' TV, TV Action & Adventure, TV Comedies",0.0,1,3,13.0
Movie,Let It Snow,2019,PG-13,"Comedies, Dramas, LGBTQ Movies",93.0,0,2,9.0
Movie,Paradise Beach,2019,TV-MA,"Action & Adventure, Dramas, International Movies",94.0,0,2,7.0
TV Show,Wild District,2019,TV-MA,"Crime TV Shows, International TV Shows, Spanish-Language TV Shows",0.0,2,3,11.0
Movie,U Turn,2016,TV-14,"International Movies, Thrillers",121.0,0,2,0.0
Movie,Burning Cane,2019,TV-MA,Dramas,78.0,0,2,3.0
TV Show,SCAMS,2019,TV-14,"Crime TV Shows, International TV Shows, TV Dramas",0.0,1,3,10.0
Movie,Shadow,2018,TV-14,"Action & Adventure, Dramas, International Movies",116.0,0,2,15.0
Movie,Luccas Neto in: Summer Camp,2019,TV-G,"Children & Family Movies, Comedies, Music & Musicals",87.0,0,2,2.0
TV Show,Sam & Cat,2014,TV-PG,"Kids' TV, TV Comedies",0.0,2,3,0.0
Movie,Seth Meyers: Lobby Baby,2019,TV-MA,Stand-Up Comedy,61.0,0,2,5.0
TV Show,The End of the F***ing World,2019,TV-MA,"British TV Shows, International TV Shows, TV Comedies",0.0,2,3,15.0
Movie,The Lovers,2017,R,"Comedies, Dramas, Independent Movies",98.0,0,2,10.0
Movie,Tune in for Love,2019,TV-MA,"Dramas, International Movies, Romantic Movies",123.0,0,2,7.0
Movie,Undercover Brother 2,2019,R,Comedies,85.0,0,2,11.0
TV Show,Meet the Adebanjos,2016,TV-PG,"British TV Shows, International TV Shows, TV Comedies",0.0,3,3,8.0
Movie,Minimalism: A Documentary About the Important Things,2016,TV-14,Documentaries,78.0,0,2,12.0
Movie,Oththa Seruppu Size 7,2019,TV-MA,"Dramas, International Movies, Thrillers",103.0,0,2,7.0
TV Show,The Devil Next Door,2019,TV-MA,"Crime TV Shows, Docuseries",0.0,1,3,14.0
Movie,100 Things to do Before High School,2014,TV-Y,Movies,44.0,0,2,16.0
Movie,A Fairly Odd Summer,2014,TV-Y7,"Children & Family Movies, Comedies",68.0,0,2,16.0
TV Show,Bella and the Bulldogs,2015,TV-G,"Kids' TV, TV Comedies",0.0,1,3,13.0
Movie,Big Time Movie,2012,TV-PG,"Children & Family Movies, Comedies, Music & Musicals",68.0,0,2,2.0
Movie,Escape from Mr. Lemoncello’s Library,2017,TV-Y,Children & Family Movies,69.0,0,2,16.0
Movie,Hey Arnold! The Jungle Movie,2017,TV-PG,"Children & Family Movies, Comedies",81.0,0,2,2.0
Movie,Jinxed,2013,TV-Y,"Children & Family Movies, Comedies",69.0,0,2,16.0
Movie,LEGENDS OF THE HIDDEN TEMPLE,2016,TV-PG,Children & Family Movies,68.0,0,2,16.0
Movie,"Liar, Liar, Vampire",2015,TV-PG,"Children & Family Movies, Comedies",68.0,0,2,2.0
Movie,The Boy Who Cried Werewolf,2010,TV-Y,"Children & Family Movies, Comedies",86.0,0,2,2.0
Movie,The Massively Mixed-Up Middle School Mystery,2015,TV-Y,"Children & Family Movies, Comedies",40.0,0,2,16.0
TV Show,Victorious,2013,TV-G,"Kids' TV, TV Comedies",0.0,3,3,8.0
Movie,A Remarkable Tale,2019,TV-MA,"Comedies, International Movies",94.0,0,2,6.0
TV Show,A Year In Space,2015,TV-PG,"Docuseries, International TV Shows, Science & Nature TV",0.0,1,3,3.0
TV Show,Ad Vitam,2018,TV-MA,"Crime TV Shows, International TV Shows, TV Dramas",0.0,1,3,2.0
Movie,American Son,2019,TV-MA,Dramas,90.0,0,2,3.0
TV Show,Billy on the Street,2016,TV-14,"International TV Shows, Reality TV, TV Comedies",0.0,4,0,0.0
Movie,Christmas in the Heartland,2017,TV-PG,Dramas,112.0,0,2,1.0
Movie,Christmas Survival,2018,TV-MA,Comedies,101.0,0,2,6.0
TV Show,CLANNAD,2008,TV-PG,"Anime Series, Teen TV Shows",0.0,2,3,0.0
Movie,Drive,2019,TV-14,"Action & Adventure, International Movies",119.0,0,2,0.0
Movie,Fire in Paradise,2019,TV-MA,Documentaries,40.0,0,2,17.0
TV Show,Haikyu!!,2015,TV-14,"Anime Series, International TV Shows, Teen TV Shows",0.0,2,3,9.0
Movie,Holiday in the Wild,2019,TV-PG,"Children & Family Movies, Dramas, Romantic Movies",86.0,0,2,1.0
Movie,Holly Star,2018,PG,"Children & Family Movies, Comedies, Romantic Movies",92.0,0,2,2.0
TV Show,"Love, Chunibyo & Other Delusions!",2014,TV-PG,"Anime Series, Romantic TV Shows, Teen TV Shows",0.0,2,3,0.0
TV Show,Maid-Sama!,2010,TV-14,"Anime Series, Romantic TV Shows",0.0,1,3,9.0
TV Show,Mobile Suit Gundam: Iron-Blooded Orphans,2016,TV-14,"Anime Series, International TV Shows",0.0,2,3,9.0
TV Show,Queer Eye: We're in Japan!,2019,TV-14,"International TV Shows, Reality TV",0.0,1,3,5.0
Movie,Santa Girl,2019,TV-PG,"Children & Family Movies, Comedies, Romantic Movies",91.0,0,2,2.0
TV Show,The Boulet Brothers Dragula,2019,TV-MA,Reality TV,0.0,2,3,5.0
TV Show,The Deep,2019,TV-Y7,Kids' TV,0.0,3,3,13.0
Movie,The House of Flowers Presents: The Funeral,2019,TV-MA,Movies,36.0,0,2,5.0
Movie,The King,2019,R,Dramas,141.0,0,2,10.0
Movie,The Man Without Gravity,2019,TV-MA,"Dramas, International Movies",107.0,0,2,7.0
Movie,The Old Thieves: The Legend of Artegios,2007,TV-MA,"Documentaries, International Movies",97.0,0,2,17.0
Movie,True: Grabbleapple Harvest,2019,TV-Y,Children & Family Movies,24.0,0,2,16.0
TV Show,Vientos de agua,2006,TV-MA,"International TV Shows, Spanish-Language TV Shows, TV Dramas",0.0,1,3,2.0
TV Show,We Are the Wave,2019,TV-MA,"International TV Shows, TV Dramas, TV Mysteries",0.0,1,3,1.0
Movie,Zoé: Panoramas,2016,TV-MA,"Documentaries, International Movies, Music & Musicals",89.0,0,2,17.0
Movie,Grego Rossello: Disculpe las molestias,2019,TV-MA,Stand-Up Comedy,65.0,0,2,5.0
TV Show,KENGAN ASHURA,2019,TV-MA,"Anime Series, International TV Shows",0.0,2,3,9.0
TV Show,Nowhere Man,2019,TV-MA,"Crime TV Shows, International TV Shows, TV Action & Adventure",0.0,1,3,11.0
TV Show,Sleepless Society: Bedtime Wishes,2019,TV-MA,"Crime TV Shows, International TV Shows, TV Dramas",0.0,1,3,2.0
TV Show,"Bring It On, Ghost",2016,TV-14,"International TV Shows, Korean TV Shows, Romantic TV Shows",0.0,1,3,12.0
Movie,Mehandi Circus,2019,TV-MA,"Dramas, International Movies, Romantic Movies",126.0,0,2,7.0
TV Show,Tomorrow with You,2017,TV-14,"International TV Shows, Korean TV Shows, Romantic TV Shows",0.0,1,3,12.0
TV Show,Tunnel,2019,TV-14,"Crime TV Shows, International TV Shows, TV Dramas",0.0,1,3,10.0
Movie,Arsenio Hall: Smart & Classy,2019,TV-MA,Stand-Up Comedy,63.0,0,2,5.0
TV Show,Shine On with Reese,2018,TV-MA,"Docuseries, Stand-Up Comedy & Talk Shows",0.0,1,3,14.0
Movie,The Road to El Camino: Behind the Scenes of El Camino: A Breaking Bad Movie,2019,TV-14,"Documentaries, International Movies",14.0,0,2,12.0
Movie,A 3 Minute Hug,2019,TV-PG,"Documentaries, International Movies",28.0,0,2,8.0
Movie,Little Miss Sumo,2018,TV-G,"Documentaries, International Movies, Sports Movies",20.0,0,2,18.0
TV Show,"Wait, My Youth",2019,TV-PG,"International TV Shows, Romantic TV Shows, Teen TV Shows",0.0,1,3,0.0
TV Show,A Little Thing Called First Love,2019,TV-G,"International TV Shows, Romantic TV Shows, Teen TV Shows",0.0,1,3,12.0
TV Show,BoJack Horseman,2020,TV-MA,TV Comedies,0.0,6,0,0.0
TV Show,Brotherhood,2019,TV-MA,"Crime TV Shows, International TV Shows, TV Dramas",0.0,1,3,2.0
Movie,Consequences,2014,TV-MA,"Dramas, International Movies, Thrillers",106.0,0,2,7.0
Movie,Dolemite Is My Name,2019,R,"Comedies, Dramas",118.0,0,2,10.0
TV Show,Drug Squad: Costa del Sol,2019,TV-MA,"Crime TV Shows, International TV Shows, Spanish-Language TV Shows",0.0,1,3,11.0
Movie,It Takes a Lunatic,2019,TV-MA,Documentaries,127.0,0,2,17.0
TV Show,Monzón: A Knockout Blow,2018,TV-MA,"Crime TV Shows, International TV Shows, Spanish-Language TV Shows",0.0,1,3,11.0
Movie,My Next Guest with David Letterman and Shah Rukh Khan,2019,TV-PG,International Movies,61.0,0,2,8.0
TV Show,Nailed It! France,2019,TV-14,"International TV Shows, Reality TV",0.0,1,3,5.0
TV Show,Nailed It! Spain,2019,TV-PG,"International TV Shows, Reality TV, Spanish-Language TV Shows",0.0,1,3,5.0
Movie,Rattlesnake,2019,TV-MA,"Horror Movies, Independent Movies, Thrillers",86.0,0,2,13.0
Movie,The Awakening of Motti Wolkenbruch,2018,TV-MA,"Comedies, Dramas, International Movies",94.0,0,2,7.0
TV Show,The Untamed,2019,TV-14,"International TV Shows, TV Action & Adventure, TV Mysteries",0.0,1,3,9.0
TV Show,Daybreak,2019,TV-MA,"TV Action & Adventure, TV Comedies, TV Horror",0.0,1,3,15.0
Movie,Echo in the Canyon,2019,PG-13,"Documentaries, Music & Musicals",82.0,0,2,18.0
Movie,Revenge of the Pontianak,2019,TV-14,"Horror Movies, International Movies",92.0,0,2,0.0
TV Show,"Breakfast, Lunch & Dinner",2019,TV-MA,Docuseries,0.0,1,3,14.0
Movie,Dancing with the Birds,2019,TV-PG,Documentaries,52.0,0,2,8.0
Movie,Master Z: The Ip Man Legacy,2018,TV-14,"Action & Adventure, International Movies",108.0,0,2,0.0
Movie,Jenny Slate: Stage Fright,2019,TV-MA,"Documentaries, Stand-Up Comedy",67.0,0,2,5.0
Movie,Free Fire,2016,R,"Action & Adventure, Comedies, Independent Movies",91.0,0,2,11.0
Movie,Little Singham: Kaal Ki Tabaahi,2019,TV-Y7,"Children & Family Movies, Comedies",66.0,0,2,16.0
Movie,The Command,2018,PG-13,"Dramas, International Movies, Thrillers",118.0,0,2,9.0
Movie,10 Days in Sun City,2017,TV-14,"Comedies, International Movies, Romantic Movies",87.0,0,2,4.0
TV Show,"ChuChu TV Kids Songs, Learning Videos & Bedtime Stories",2019,TV-Y,Kids' TV,0.0,1,3,4.0
Movie,ChuChuTV Bedtime Stories & Moral Stories for Kids (English),2019,TV-Y,Children & Family Movies,47.0,0,2,16.0
Movie,ChuChuTV Bedtime Stories & Moral Stories for Kids (Hindi),2019,TV-Y,Children & Family Movies,56.0,0,2,16.0
Movie,ChuChuTV Surprise Eggs Learning Videos (English),2019,TV-Y,Children & Family Movies,61.0,0,2,16.0
Movie,ChuChuTV Surprise Eggs Learning Videos (Hindi),2019,TV-Y,Children & Family Movies,34.0,0,2,16.0
Movie,Eli,2019,TV-MA,Horror Movies,98.0,0,2,13.0
Movie,In My Country,2018,TV-MA,"Dramas, International Movies",99.0,0,2,7.0
TV Show,Interior Design Masters,2019,TV-PG,"British TV Shows, International TV Shows, Reality TV",0.0,1,3,5.0
TV Show,Little Baby Bum: Nursery Rhyme Friends,2019,TV-Y,"British TV Shows, Kids' TV",0.0,2,3,4.0
Movie,"Love, Surreal and Odd",2017,TV-14,"Comedies, International Movies, Romantic Movies",95.0,0,2,4.0
TV Show,Mighty Little Bheem: Diwali,2019,TV-Y,"Kids' TV, TV Comedies",0.0,1,3,4.0
TV Show,MONKART,2017,TV-Y7,"Kids' TV, Korean TV Shows",0.0,1,3,13.0
Movie,Seventeen,2019,TV-MA,"Comedies, Dramas, International Movies",100.0,0,2,7.0
TV Show,Spirit Riding Free: Pony Tales,2019,TV-Y7,Kids' TV,0.0,2,3,13.0
Movie,Tatu,2017,TV-MA,"Action & Adventure, Dramas, International Movies",101.0,0,2,7.0
Movie,Tell Me Who I Am,2019,TV-MA,Documentaries,86.0,0,2,17.0
Movie,The Laundromat,2019,R,"Comedies, Dramas",96.0,0,2,10.0
TV Show,Toon,2017,TV-MA,"International TV Shows, TV Comedies",0.0,2,3,15.0
Movie,Up North,2018,TV-14,"Dramas, International Movies",99.0,0,2,15.0
Movie,Upstarts,2019,TV-14,"Comedies, Dramas, International Movies",112.0,0,2,4.0
Movie,Verses of Love 2,2017,TV-14,"Dramas, Faith & Spirituality, International Movies",127.0,0,2,15.0
TV Show,Chosen,2019,TV-14,"Crime TV Shows, International TV Shows, TV Action & Adventure",0.0,2,3,9.0
TV Show,THE UNLISTED,2019,TV-PG,"Kids' TV, TV Thrillers",0.0,1,3,0.0
TV Show,Another Miss Oh,2016,TV-MA,"International TV Shows, Korean TV Shows, Romantic TV Shows",0.0,1,3,12.0
Movie,Ghosts of Sugar Land,2019,TV-MA,Documentaries,22.0,0,2,17.0
Movie,League of Legends Origins,2019,TV-MA,Documentaries,78.0,0,2,17.0
Movie,Park Na-rae: Glamour Warning,2019,TV-MA,Stand-Up Comedy,63.0,0,2,5.0
TV Show,Second 20s,2015,TV-14,"International TV Shows, Korean TV Shows, Romantic TV Shows",0.0,1,3,12.0
Movie,Sinister 2,2015,R,Horror Movies,97.0,0,2,11.0
Movie,The Game Changers,2018,TV-MA,"Documentaries, Sports Movies",86.0,0,2,17.0
TV Show,Black Money Love,2014,TV-MA,"Crime TV Shows, International TV Shows, TV Dramas",0.0,1,3,2.0
Movie,"Martin Matte: La vie, la mort...eh la la..!",2019,TV-14,Stand-Up Comedy,62.0,0,2,5.0
Movie,Street Flow,2019,TV-MA,"Dramas, International Movies",96.0,0,2,7.0
TV Show,The Lies Within,2019,TV-14,"Crime TV Shows, International TV Shows, Korean TV Shows",0.0,1,3,12.0
Movie,Bygones Be Bygones,2017,TV-MA,"Comedies, International Movies, Romantic Movies",104.0,0,2,6.0
Movie,El Camino: A Breaking Bad Movie,2019,TV-MA,"Dramas, Thrillers",123.0,0,2,3.0
Movie,Fractured,2019,TV-MA,Thrillers,100.0,0,2,13.0
TV Show,Insatiable,2019,TV-MA,"TV Comedies, TV Dramas, Teen TV Shows",0.0,2,3,16.0
Movie,The Bling Lagosians,2019,TV-14,"Dramas, International Movies",99.0,0,2,15.0
Movie,The Forest of Love,2019,TV-MA,"Dramas, International Movies, Thrillers",151.0,0,2,7.0
TV Show,The Hook Up Plan,2020,TV-MA,"International TV Shows, Romantic TV Shows, TV Comedies",0.0,2,3,15.0
Movie,The Influence,2019,TV-MA,"Horror Movies, International Movies",102.0,0,2,13.0
TV Show,Beyblade Burst Turbo,2018,TV-Y7,"Anime Series, Kids' TV",0.0,1,3,13.0
Movie,GEN HOSHINO STADIUM TOUR “POP VIRUS”,2019,TV-14,"International Movies, Music & Musicals",154.0,0,2,0.0
TV Show,Ultramarine Magmell,2019,TV-14,"Anime Series, International TV Shows",0.0,1,3,9.0
Movie,After,2019,PG-13,"Dramas, Romantic Movies",106.0,0,2,9.0
Movie,Home Is Where the Killer Is,2019,TV-14,"Dramas, Thrillers",87.0,0,2,15.0
TV Show,Rhythm + Flow,2019,TV-MA,Reality TV,0.0,1,3,5.0
Movie,Deon Cole: Cole Hearted,2019,TV-MA,Stand-Up Comedy,70.0,0,2,5.0
Movie,The Spooky Tale of Captain Underpants Hack-a-ween,2019,TV-Y7,"Children & Family Movies, Comedies",46.0,0,2,16.0
Movie,Love for Sale,2018,TV-14,"Dramas, International Movies, Romantic Movies",101.0,0,2,15.0
TV Show,Legend Quest: Masters of Myth,2019,TV-Y7,"Kids' TV, Spanish-Language TV Shows",0.0,1,3,13.0
TV Show,My Country: The New Age,2019,TV-14,"International TV Shows, Korean TV Shows, TV Action & Adventure",0.0,1,3,12.0
Movie,Noblemen,2019,TV-MA,"Dramas, Independent Movies, International Movies",109.0,0,2,7.0
Movie,A Plastic Ocean,2016,TV-14,Documentaries,100.0,0,2,12.0
Movie,Brother in Love,2019,TV-MA,"Comedies, International Movies, Romantic Movies",110.0,0,2,6.0
TV Show,Creeped Out,2019,TV-PG,"British TV Shows, Kids' TV, TV Thrillers",0.0,2,3,0.0
Movie,In the Tall Grass,2019,TV-MA,"Horror Movies, Thrillers",102.0,0,2,13.0
Movie,Kids on the Block,2019,TV-PG,"Children & Family Movies, Comedies",102.0,0,2,2.0
TV Show,Peaky Blinders,2019,TV-MA,"British TV Shows, Crime TV Shows, International TV Shows",0.0,5,0,0.0
TV Show,Raising Dion,2019,TV-PG,"Kids' TV, TV Action & Adventure, TV Dramas",0.0,1,3,0.0
TV Show,Rotten,2019,TV-MA,"Docuseries, Science & Nature TV",0.0,2,3,14.0
TV Show,Super Monsters,2019,TV-Y,Kids' TV,0.0,3,3,4.0
Movie,Super Monsters: Vida's First Halloween,2019,TV-Y,Children & Family Movies,24.0,0,2,16.0
TV Show,Seis Manos,2019,TV-MA,"Anime Series, Crime TV Shows",0.0,1,3,14.0
TV Show,Living Undocumented,2019,TV-MA,Docuseries,0.0,1,3,14.0
Movie,Ready to Mingle,2019,TV-MA,"Comedies, International Movies, Romantic Movies",98.0,0,2,6.0
Movie,Salam - The First ****** Nobel Laureate,2018,TV-PG,Documentaries,76.0,0,2,8.0
TV Show,Cheese in the Trap,2016,TV-14,"International TV Shows, Korean TV Shows, Romantic TV Shows",0.0,1,3,12.0
TV Show,Chicago Typewriter,2017,TV-14,"International TV Shows, Korean TV Shows, Romantic TV Shows",0.0,1,3,12.0
TV Show,College Romance,2018,TV-MA,"International TV Shows, Romantic TV Shows, TV Comedies",0.0,1,3,15.0
TV Show,Engineering Girls,2018,TV-MA,"International TV Shows, TV Comedies",0.0,1,3,15.0
Movie,First Kiss,2018,TV-14,"Dramas, International Movies, Romantic Movies",90.0,0,2,15.0
TV Show,Girls Hostel,2018,TV-MA,"International TV Shows, TV Comedies, TV Dramas",0.0,1,3,2.0
TV Show,Inmates,2017,TV-MA,"International TV Shows, TV Comedies",0.0,1,3,15.0
Movie,Limitless,2017,TV-PG,"Documentaries, International Movies, Sports Movies",59.0,0,2,8.0
Movie,Little Baby Bum: Go Buster,2019,TV-Y,Children & Family Movies,58.0,0,2,16.0
TV Show,Miniforce X,2018,TV-Y7,"Kids' TV, Korean TV Shows",0.0,1,3,13.0
Movie,Nikki Glaser: Bangin’,2019,TV-MA,Stand-Up Comedy,64.0,0,2,5.0
Movie,Rugrats in Paris: The Movie,2000,G,"Children & Family Movies, Comedies",79.0,0,1,1.0
TV Show,The K2,2016,TV-14,"International TV Shows, Korean TV Shows, Romantic TV Shows",0.0,1,3,12.0
TV Show,The Liar and His Lover,2017,TV-PG,"International TV Shows, Korean TV Shows, Romantic TV Shows",0.0,1,3,12.0
Movie,The Rugrats Movie,1998,G,"Children & Family Movies, Comedies",81.0,0,1,1.0
Movie,The Squid and the Whale,2005,R,"Comedies, Dramas, Independent Movies",81.0,0,2,10.0
TV Show,Gotham,2019,TV-MA,"Crime TV Shows, TV Action & Adventure, TV Dramas",0.0,5,0,0.0
Movie,Mo Gilligan: Momentum,2019,TV-MA,Stand-Up Comedy,64.0,0,2,5.0
Movie,Cultivating the Seas: History and Future of the Full-Cycle Cultured Kindai Tuna,2019,TV-PG,"Documentaries, International Movies",45.0,0,2,8.0
Movie,TUNA GIRL,2019,TV-PG,"Dramas, International Movies",90.0,0,2,1.0
TV Show,Bard of Blood,2019,TV-MA,"International TV Shows, TV Action & Adventure, TV Dramas",0.0,1,3,2.0
Movie,Deliha 2,2018,TV-PG,"Comedies, International Movies",102.0,0,2,1.0
TV Show,El Marginal,2019,TV-MA,"Crime TV Shows, International TV Shows, Spanish-Language TV Shows",0.0,3,3,16.0
Movie,In the Shadow of the Moon,2019,TV-MA,"Dramas, Sci-Fi & Fantasy, Thrillers",116.0,0,2,3.0
Movie,Sturgill Simpson Presents Sound & Fury,2019,TV-MA,"Anime Features, Music & Musicals, Sci-Fi & Fantasy",42.0,0,2,5.0
Movie,Malaal,2019,TV-14,"Dramas, International Movies, Romantic Movies",133.0,0,2,15.0
Movie,The Grandmaster,2013,PG-13,"Action & Adventure, Dramas, International Movies",108.0,0,2,9.0
TV Show,The Inmate,2018,TV-MA,"Crime TV Shows, International TV Shows, Spanish-Language TV Shows",0.0,1,3,11.0
TV Show,Abstract: The Art of Design,2019,TV-14,Docuseries,0.0,2,3,6.0
Movie,Birders,2019,TV-G,"Documentaries, International Movies",38.0,0,2,18.0
TV Show,Glitch,2019,TV-MA,"International TV Shows, TV Dramas, TV Horror",0.0,3,3,16.0
Movie,Oh! Baby (Malayalam),2019,TV-14,"Comedies, International Movies, Music & Musicals",146.0,0,2,4.0
Movie,Oh! Baby (Tamil),2019,TV-14,"Comedies, International Movies, Music & Musicals",146.0,0,2,4.0
Movie,Inside Man: Most Wanted,2019,R,Action & Adventure,106.0,0,2,11.0
Movie,Jeff Dunham: Beside Himself,2019,TV-MA,Stand-Up Comedy,58.0,0,2,5.0
Movie,Manmadhudu 2,2019,TV-MA,"Comedies, Dramas, International Movies",152.0,0,2,7.0
Movie,Under the Eiffel Tower,2018,TV-MA,"Comedies, Independent Movies, International Movies",87.0,0,2,6.0
Movie,Do Paise Ki Dhoop Chaar Aane Ki Baarish,2009,TV-MA,"Dramas, Independent Movies, International Movies",121.0,0,2,7.0
TV Show,Vagabond,2019,TV-MA,"International TV Shows, Korean TV Shows, TV Action & Adventure",0.0,1,3,11.0
Movie,Between Two Ferns: The Movie,2019,TV-MA,Comedies,83.0,0,2,6.0
TV Show,Criminal: France,2019,TV-MA,"Crime TV Shows, International TV Shows, TV Dramas",0.0,1,3,2.0
TV Show,Criminal: Germany,2019,TV-MA,"British TV Shows, Crime TV Shows, International TV Shows",0.0,1,3,11.0
TV Show,Criminal: Spain,2019,TV-MA,"British TV Shows, Crime TV Shows, International TV Shows",0.0,1,3,11.0
TV Show,Fastest Car,2019,TV-MA,Reality TV,0.0,2,3,5.0
TV Show,Inside Bill's Brain: Decoding Bill Gates,2019,TV-14,"Docuseries, Science & Nature TV",0.0,1,3,6.0
TV Show,The Hockey Girls,2019,TV-MA,"International TV Shows, TV Comedies, TV Dramas",0.0,1,3,2.0
Movie,Travel Mates 2,2018,TV-MA,"Comedies, International Movies",111.0,0,2,6.0
Movie,True: Tricky Treat Day,2019,TV-Y,Children & Family Movies,24.0,0,2,16.0
Movie,Kabir Singh,2019,TV-MA,"Dramas, International Movies, Romantic Movies",171.0,0,2,7.0
TV Show,When the Camellia Blooms,2019,TV-14,"International TV Shows, Korean TV Shows, Romantic TV Shows",0.0,1,3,12.0
Movie,Avengement,2019,TV-MA,Action & Adventure,88.0,0,2,13.0
Movie,Sebastian Maniscalco: What's Wrong with People?,2012,TV-MA,Stand-Up Comedy,76.0,0,2,5.0
Movie,Los Tigres del Norte at Folsom Prison,2019,TV-PG,"Documentaries, International Movies, Music & Musicals",64.0,0,2,8.0
Movie,Steal a Pencil for Me,2006,TV-14,Documentaries,94.0,0,2,12.0
TV Show,Surviving R. Kelly,2019,TV-MA,"Crime TV Shows, Docuseries",0.0,1,3,14.0
Movie,Oh! Baby,2019,TV-14,"Comedies, International Movies, Music & Musicals",157.0,0,2,4.0
Movie,The Crystal Calls Making the Dark Crystal: Age of Resistance,2019,TV-PG,"Documentaries, International Movies",83.0,0,2,8.0
Movie,"Hello, Privilege. It's Me, Chelsea",2019,TV-MA,Documentaries,65.0,0,2,17.0
TV Show,Kabaneri of the Iron Fortress: The Battle of Unato,2019,TV-MA,"Anime Series, International TV Shows, TV Horror",0.0,1,3,9.0
Movie,Locked on You,2018,TV-14,"Comedies, International Movies",105.0,0,2,4.0
TV Show,Marianne,2019,TV-MA,"International TV Shows, TV Dramas, TV Horror",0.0,1,3,2.0
Movie,Shanghai Fortress,2019,TV-14,"Dramas, International Movies, Romantic Movies",107.0,0,2,15.0
Movie,Tall Girl,2019,TV-PG,"Children & Family Movies, Comedies, Romantic Movies",103.0,0,2,2.0
TV Show,Top Boy,2019,TV-MA,"British TV Shows, Crime TV Shows, International TV Shows",0.0,1,3,11.0
TV Show,Unbelievable,2019,TV-MA,"Crime TV Shows, TV Dramas",0.0,1,3,2.0
TV Show,The I-Land,2019,TV-MA,"TV Action & Adventure, TV Dramas, TV Sci-Fi & Fantasy",0.0,1,3,2.0
TV Show,"The Mind, Explained",2019,TV-14,"Docuseries, Science & Nature TV",0.0,1,3,6.0
Movie,Bill Burr: Paper Tiger,2019,TV-MA,Stand-Up Comedy,67.0,0,2,5.0
Movie,Evelyn,2019,TV-MA,"Documentaries, International Movies",96.0,0,2,17.0
Movie,Article 15,2019,TV-MA,"Dramas, International Movies, Thrillers",125.0,0,2,7.0
Movie,Care of Kancharapalem,2018,TV-MA,"Comedies, Dramas, Independent Movies",142.0,0,2,3.0
Movie,Ee Nagaraniki Emaindi,2018,TV-14,"Comedies, Independent Movies, International Movies",133.0,0,2,4.0
Movie,Kill Me If You Dare,2019,TV-14,"Comedies, International Movies, Romantic Movies",100.0,0,2,4.0
TV Show,The Spy,2019,TV-MA,"International TV Shows, TV Dramas, TV Thrillers",0.0,1,3,2.0
Movie,American Factory: A Conversation with the Obamas,2019,TV-G,Documentaries,10.0,0,2,18.0
Movie,Saawan,2016,TV-14,"Dramas, Independent Movies, International Movies",128.0,0,2,15.0
Movie,Watchman,2019,TV-14,"Comedies, Dramas, International Movies",93.0,0,2,4.0
Movie,Elena,2012,TV-MA,"Documentaries, International Movies",81.0,0,2,17.0
TV Show,Loo Loo Kids: Johny & Friends Musical Adventures,2016,TV-Y,Kids' TV,0.0,1,3,4.0
TV Show,Moving Art,2018,TV-G,"Docuseries, Science & Nature TV",0.0,3,3,8.0
TV Show,Naruto,2006,TV-14,"Anime Series, International TV Shows",0.0,9,0,1.0
Movie,Olmo & the Seagull,2014,TV-MA,"Dramas, Independent Movies, International Movies",82.0,0,2,7.0
TV Show,Serial Killer with Piers Morgan,2018,TV-14,"British TV Shows, Crime TV Shows, Docuseries",0.0,1,3,6.0
Movie,Spookley the Square Pumpkin,2004,G,Children & Family Movies,47.0,0,2,16.0
Movie,Uncle Naji in UAE,2019,TV-14,"Comedies, International Movies",95.0,0,2,4.0
TV Show,Luo Bao Bei,2018,TV-Y,"British TV Shows, Kids' TV",0.0,1,3,4.0
Movie,Back to School,2019,TV-MA,"Comedies, International Movies",84.0,0,2,6.0
Movie,Feo pero sabroso,2018,TV-MA,"Comedies, International Movies",91.0,0,2,6.0
Movie,Mi amigo Alexis,2019,TV-PG,"Children & Family Movies, Comedies, Dramas",102.0,0,2,1.0
TV Show,Styling Hollywood,2019,TV-14,Reality TV,0.0,1,3,5.0
TV Show,The Dark Crystal: Age of Resistance,2019,TV-PG,"TV Action & Adventure, TV Dramas, TV Sci-Fi & Fantasy",0.0,1,3,0.0
TV Show,The Good Bandit,2018,TV-MA,"Crime TV Shows, International TV Shows, Spanish-Language TV Shows",0.0,1,3,11.0
TV Show,True and the Rainbow Kingdom,2019,TV-Y,Kids' TV,0.0,3,3,4.0
Movie,Unbridled,2018,TV-MA,"International Movies, Thrillers",100.0,0,2,13.0
Movie,Falling Inn Love,2019,TV-PG,"Comedies, Romantic Movies",98.0,0,2,1.0
Movie,Kardec,2019,TV-14,"Dramas, Faith & Spirituality, International Movies",110.0,0,2,15.0
Movie,Travis Scott: Look Mom I Can Fly,2019,TV-MA,"Documentaries, Music & Musicals",85.0,0,2,17.0
TV Show,Million Pound Menu,2019,TV-MA,"British TV Shows, International TV Shows, Reality TV",0.0,2,3,5.0
Movie,Dave Chappelle: Sticks & Stones,2019,TV-MA,Stand-Up Comedy,66.0,0,2,5.0
Movie,Drink Drank Drunk,2016,TV-MA,"Comedies, International Movies",92.0,0,2,6.0
TV Show,13 Reasons Why: Beyond the Reasons,2019,TV-MA,"Crime TV Shows, Docuseries",0.0,3,3,16.0
TV Show,HERO MASK,2019,TV-14,"Anime Series, Crime TV Shows, International TV Shows",0.0,2,3,9.0
Movie,Kaake Da Viyah,2019,TV-PG,"Comedies, Dramas, International Movies",133.0,0,2,1.0
Movie,Marriage Palace,2018,TV-14,"Comedies, International Movies",135.0,0,2,4.0
Movie,Mayday Life,2019,TV-PG,"International Movies, Music & Musicals",120.0,0,2,1.0
Movie,Saavat,2019,TV-14,"Dramas, Independent Movies, International Movies",118.0,0,2,15.0
Movie,American Factory,2019,TV-14,Documentaries,110.0,0,2,12.0
Movie,Game Over (Hindi Version),2019,TV-MA,"Horror Movies, International Movies, Thrillers",98.0,0,2,13.0
Movie,Game Over (Tamil Version),2019,TV-MA,"Horror Movies, International Movies, Thrillers",98.0,0,2,13.0
Movie,Game Over (Telugu Version),2019,TV-MA,"Horror Movies, International Movies, Thrillers",98.0,0,2,13.0
TV Show,Hyperdrive,2019,TV-PG,Reality TV,0.0,1,3,5.0
Movie,The Girl Allergic to Wi-Fi,2018,TV-MA,"International Movies, Romantic Movies",104.0,0,2,13.0
Movie,Our Planet - Behind The Scenes,2019,TV-G,Documentaries,63.0,0,2,18.0
Movie,Simon Amstell: Set Free,2019,TV-MA,Stand-Up Comedy,52.0,0,2,5.0
TV Show,45 rpm,2019,TV-MA,"International TV Shows, Romantic TV Shows, Spanish-Language TV Shows",0.0,1,3,11.0
TV Show,Apache: The Life of Carlos Tevez,2019,TV-MA,"Crime TV Shows, International TV Shows, Spanish-Language TV Shows",0.0,1,3,11.0
TV Show,Better Than Us,2019,TV-MA,"Crime TV Shows, International TV Shows, TV Dramas",0.0,1,3,2.0
TV Show,Diagnosis,2019,TV-14,"Docuseries, Science & Nature TV",0.0,1,3,6.0
TV Show,Green Frontier,2019,TV-MA,"Crime TV Shows, International TV Shows, Spanish-Language TV Shows",0.0,1,3,11.0
Movie,Invader Zim: Enter the Florpus,2019,TV-Y7,"Children & Family Movies, Comedies, Sci-Fi & Fantasy",72.0,0,2,16.0
TV Show,MINDHUNTER,2019,TV-MA,"Crime TV Shows, TV Dramas, TV Mysteries",0.0,2,3,1.0
Movie,Selfless,2015,PG-13,"Sci-Fi & Fantasy, Thrillers",117.0,0,2,14.0
Movie,Sextuplets,2019,TV-14,Comedies,100.0,0,2,4.0
Movie,Super Monsters Back to School,2019,TV-Y,Children & Family Movies,24.0,0,2,16.0
TV Show,The King's Avatar,2019,TV-MA,"International TV Shows, TV Action & Adventure, TV Dramas",0.0,1,3,2.0
Movie,The Little Switzerland,2019,TV-MA,"Comedies, International Movies",86.0,0,2,6.0
TV Show,Victim Number 8,2018,TV-MA,"International TV Shows, Spanish-Language TV Shows, TV Action & Adventure",0.0,1,3,11.0
TV Show,Cannon Busters,2019,TV-MA,"Anime Series, International TV Shows",0.0,1,3,9.0
TV Show,Sacred Games,2019,TV-MA,"Crime TV Shows, International TV Shows, TV Dramas",0.0,2,3,2.0
TV Show,Til Death Do Us Part,2019,TV-MA,"International TV Shows, TV Dramas, TV Thrillers",0.0,1,3,2.0
Movie,Whindersson Nunes: Adult,2019,TV-MA,Stand-Up Comedy,69.0,0,2,5.0
TV Show,Happy Jail,2019,TV-MA,"Crime TV Shows, Docuseries",0.0,1,3,14.0
Movie,Uyare,2019,TV-14,"Dramas, International Movies",119.0,0,2,15.0
Movie,90 ML,2019,TV-MA,"Comedies, International Movies, Music & Musicals",123.0,0,2,6.0
Movie,Calum von Moger: Unbroken,2019,TV-MA,"Documentaries, Sports Movies",93.0,0,2,17.0
Movie,Hasta los dientes,2018,TV-MA,"Documentaries, International Movies",109.0,0,2,17.0
TV Show,Knightfall,2019,TV-MA,TV Dramas,0.0,2,3,16.0
TV Show,DC Super Hero Girls,2019,TV-Y7,Kids' TV,0.0,1,3,13.0
Movie,Colin Quinn: Red State Blue State,2019,TV-14,Stand-Up Comedy,66.0,0,2,5.0
TV Show,GLOW,2019,TV-MA,"TV Comedies, TV Dramas",0.0,3,3,16.0
TV Show,IZombie,2019,TV-MA,"TV Comedies, TV Dramas, TV Horror",0.0,5,0,0.0
Movie,Jaoon Kahan Bata Ae Dil,2018,TV-MA,"Dramas, Independent Movies, International Movies",107.0,0,2,7.0
Movie,Rocko's Modern Life: Static Cling,2019,TV-Y7,"Children & Family Movies, Comedies, LGBTQ Movies",46.0,0,2,16.0
TV Show,Sintonia,2019,TV-MA,"Crime TV Shows, International TV Shows, TV Dramas",0.0,1,3,2.0
TV Show,The Family,2019,TV-14,Docuseries,0.0,1,3,6.0
TV Show,Bad Guys,2014,TV-MA,"Crime TV Shows, International TV Shows, Korean TV Shows",0.0,1,3,11.0
TV Show,Dollar,2019,TV-MA,"International TV Shows, TV Dramas",0.0,1,3,2.0
TV Show,Jane The Virgin,2019,TV-14,"Romantic TV Shows, TV Comedies, TV Dramas",0.0,5,0,0.0
TV Show,Let's Eat 2,2015,TV-MA,"International TV Shows, Korean TV Shows, Romantic TV Shows",0.0,1,3,12.0
TV Show,Let’s Eat,2013,TV-PG,"International TV Shows, Korean TV Shows, Romantic TV Shows",0.0,1,3,12.0
TV Show,Misaeng,2014,TV-MA,"International TV Shows, Korean TV Shows, TV Dramas",0.0,1,3,2.0
TV Show,Oh My Ghost,2015,TV-MA,"International TV Shows, Korean TV Shows, Romantic TV Shows",0.0,1,3,12.0
TV Show,Reply 1994,2014,TV-MA,"International TV Shows, Korean TV Shows, Romantic TV Shows",0.0,1,3,12.0
TV Show,Reply 1997,2012,TV-MA,"International TV Shows, Korean TV Shows, Romantic TV Shows",0.0,1,3,12.0
TV Show,Wu Assassins,2019,TV-MA,"TV Action & Adventure, TV Sci-Fi & Fantasy",0.0,1,3,14.0
Movie,Badla,2019,TV-14,"International Movies, Thrillers",117.0,0,2,0.0
Movie,Theo Von: No Offense,2016,TV-MA,Stand-Up Comedy,67.0,0,2,5.0
Movie,Crazy Beautiful You,2015,TV-14,"Comedies, Dramas, International Movies",114.0,0,2,4.0
Movie,I'm Brent Morin,2015,TV-MA,Stand-Up Comedy,67.0,0,2,5.0
Movie,Jim Jefferies : BARE,2014,TV-MA,Stand-Up Comedy,77.0,0,2,5.0
Movie,Screwball,2018,TV-MA,"Documentaries, Sports Movies",105.0,0,2,17.0
Movie,Sebastian Maniscalco: Why Would You Do That,2016,TV-MA,Stand-Up Comedy,63.0,0,2,5.0
Movie,Enter the Anime,2019,TV-MA,"Documentaries, International Movies",59.0,0,2,17.0
TV Show,No Good Nick,2019,TV-PG,"Kids' TV, TV Comedies, TV Dramas",0.0,2,3,0.0
Movie,No One Will Ever Know,2017,TV-MA,"Dramas, International Movies",102.0,0,2,7.0
Movie,Misfit,2017,TV-14,"Children & Family Movies, Comedies, International Movies",81.0,0,2,4.0
TV Show,Basketball or Nothing,2019,TV-PG,"Docuseries, Reality TV",0.0,1,3,7.0
Movie,Léa & I,2019,TV-MA,Documentaries,84.0,0,2,17.0
Movie,Otherhood,2019,R,Comedies,101.0,0,2,11.0
Movie,Uriyadi 2,2019,TV-14,"Dramas, International Movies",116.0,0,2,15.0
Movie,Manu,2018,TV-14,"Dramas, Independent Movies, International Movies",177.0,0,2,15.0
TV Show,Sleepless Society: Nyctophobia,2019,TV-MA,"International TV Shows, TV Mysteries, TV Thrillers",0.0,1,3,1.0
TV Show,The Letdown,2019,TV-MA,"International TV Shows, TV Comedies, TV Dramas",0.0,2,3,2.0
Movie,The Red Sea Diving Resort,2019,TV-MA,"Dramas, Thrillers",130.0,0,2,3.0
Movie,Whitney Cummings: Can I Touch It?,2019,TV-MA,Stand-Up Comedy,59.0,0,2,5.0
TV Show,Twelve Forever,2019,TV-PG,Kids' TV,0.0,1,3,0.0
Movie,Boi,2018,TV-MA,"Dramas, Independent Movies, International Movies",111.0,0,2,7.0
Movie,Eerie,2019,TV-14,"Horror Movies, International Movies",100.0,0,2,0.0
Movie,Girls With Balls,2019,TV-MA,"Comedies, Horror Movies, International Movies",77.0,0,2,6.0
TV Show,My First First Love,2019,TV-14,"International TV Shows, Korean TV Shows, Romantic TV Shows",0.0,2,3,12.0
Movie,The Son,2019,TV-MA,"Dramas, Independent Movies, International Movies",93.0,0,2,7.0
TV Show,Another Life,2019,TV-MA,"British TV Shows, International TV Shows, TV Action & Adventure",0.0,1,3,11.0
Movie,The Great Hack,2019,TV-MA,Documentaries,114.0,0,2,17.0
TV Show,Beat Bugs,2018,TV-Y,Kids' TV,0.0,3,3,4.0
Movie,D.L. Hughley: Contrarian,2018,TV-MA,Stand-Up Comedy,58.0,0,2,5.0
Movie,Demetri Martin: The Overthinker,2018,TV-MA,Stand-Up Comedy,56.0,0,2,5.0
Movie,The Beast Stalker,2008,TV-14,"Action & Adventure, Cult Movies, International Movies",110.0,0,2,0.0
Movie,The Midas Touch,2013,TV-14,"Comedies, International Movies",98.0,0,2,4.0
Movie,The Twins Effect II,2004,TV-14,"Action & Adventure, Comedies, International Movies",106.0,0,2,4.0
Movie,Twins Mission,2007,TV-MA,"Action & Adventure, International Movies",102.0,0,2,13.0
TV Show,Sexy Central,2019,TV-MA,"International TV Shows, Romantic TV Shows, TV Dramas",0.0,1,3,2.0
Movie,"¡Ay, mi madre!",2019,TV-MA,"Comedies, International Movies",81.0,0,2,6.0
TV Show,Comedians in Cars Getting Coffee,2019,TV-14,"Stand-Up Comedy & Talk Shows, TV Comedies",0.0,6,0,0.0
TV Show,The Epic Tales of Captain Underpants,2019,TV-Y7,"Kids' TV, TV Comedies",0.0,3,3,13.0
TV Show,Typewriter,2019,TV-MA,"International TV Shows, TV Horror, TV Mysteries",0.0,1,3,1.0
TV Show,Rookie Historian Goo Hae-Ryung,2019,TV-14,"International TV Shows, Korean TV Shows, Romantic TV Shows",0.0,1,3,12.0
Movie,Secret Obsession,2019,TV-14,Thrillers,98.0,0,2,0.0
Movie,Mauli,2018,TV-14,"Action & Adventure, Dramas, International Movies",136.0,0,2,15.0
TV Show,Pinky Malinky,2019,TV-Y7,"Kids' TV, TV Comedies",0.0,3,3,13.0
TV Show,Unrequited Love,2019,TV-14,"International TV Shows, Romantic TV Shows, TV Dramas",0.0,1,3,10.0
Movie,Bogda,2018,TV-PG,"Dramas, International Movies",161.0,0,2,1.0
Movie,"Frankenstein’s Monster’s Monster, Frankenstein",2019,TV-14,Comedies,32.0,0,2,12.0
TV Show,Angel Beats!,2010,TV-PG,"Anime Series, International TV Shows",0.0,1,3,0.0
TV Show,Anohana: The Flower We Saw That Day,2011,TV-14,"Anime Series, International TV Shows, Teen TV Shows",0.0,1,3,9.0
TV Show,God Eater,2015,TV-14,"Anime Series, International TV Shows",0.0,1,3,9.0
TV Show,GRANBLUE FANTASY the Animation,2017,TV-PG,"Anime Series, International TV Shows",0.0,1,3,0.0
TV Show,3Below: Tales of Arcadia,2019,TV-Y7,"Kids' TV, TV Action & Adventure, TV Sci-Fi & Fantasy",0.0,2,3,13.0
Movie,4L,2019,TV-MA,"Comedies, Dramas, Independent Movies",105.0,0,2,3.0
TV Show,Bonus Family,2019,TV-MA,"International TV Shows, TV Dramas",0.0,3,3,16.0
Movie,Cities of Last Things,2018,TV-MA,"Dramas, Independent Movies, International Movies",106.0,0,2,7.0
TV Show,Extreme Engagement,2019,TV-MA,"International TV Shows, Reality TV",0.0,1,3,5.0
Movie,Kidnapping Stella,2019,TV-MA,"Dramas, International Movies, Thrillers",90.0,0,2,7.0
TV Show,One Spring Night,2019,TV-14,"International TV Shows, Korean TV Shows, Romantic TV Shows",0.0,1,3,12.0
TV Show,PILI Fantasy: War of Dragons,2019,TV-14,"International TV Shows, TV Action & Adventure, TV Sci-Fi & Fantasy",0.0,1,3,9.0
Movie,Point Blank,2019,TV-MA,Action & Adventure,87.0,0,2,13.0
Movie,The Milk System,2017,TV-14,"Documentaries, International Movies",91.0,0,2,12.0
TV Show,True Tunes,2019,TV-Y,Kids' TV,0.0,1,3,4.0
Movie,Parchís: the Documentary,2019,TV-14,"Documentaries, International Movies, Music & Musicals",106.0,0,2,12.0
Movie,Aziz Ansari: RIGHT NOW,2019,TV-MA,Stand-Up Comedy,65.0,0,2,5.0
TV Show,Free Rein,2019,TV-G,"British TV Shows, Kids' TV, TV Dramas",0.0,3,3,8.0
Movie,"River, el más grande siempre",2019,TV-G,"Documentaries, International Movies, Sports Movies",105.0,0,2,18.0
TV Show,The Legend of White Snake,2019,TV-14,"International TV Shows, Romantic TV Shows, TV Dramas",0.0,1,3,10.0
Movie,Cristina,2016,TV-14,Documentaries,40.0,0,2,12.0
TV Show,Kakegurui,2019,TV-MA,"International TV Shows, TV Dramas, TV Thrillers",0.0,2,3,2.0
TV Show,Stranger Things,2019,TV-14,"TV Horror, TV Mysteries, TV Sci-Fi & Fantasy",0.0,3,3,8.0
TV Show,The Last Czars,2019,TV-MA,"Docuseries, TV Dramas",0.0,1,3,14.0
TV Show,Yummy Mummies,2019,TV-MA,"International TV Shows, Reality TV",0.0,2,3,5.0
TV Show,Bangkok Love Stories: Objects of Affection,2019,TV-14,"International TV Shows, Romantic TV Shows, TV Dramas",0.0,1,3,10.0
TV Show,Bangkok Love Stories: Plead,2019,TV-14,"International TV Shows, Romantic TV Shows, TV Dramas",0.0,1,3,10.0
TV Show,Designated Survivor: 60 Days,2019,TV-14,"International TV Shows, Korean TV Shows, TV Dramas",0.0,1,3,10.0
TV Show,DreamWorks Kung Fu Panda Awesome Secrets,2008,TV-PG,"Kids' TV, TV Action & Adventure, TV Comedies",0.0,1,3,0.0
TV Show,Hatchimals | Adventures in Hatchtopia,2018,TV-Y,Kids' TV,0.0,2,3,4.0
Movie,Katherine Ryan: Glitter Room,2019,TV-MA,Stand-Up Comedy,66.0,0,2,5.0
TV Show,Molang,2015,TV-Y,Kids' TV,0.0,1,3,4.0
TV Show,Rabbids Invasion,2018,TV-Y7,"Kids' TV, TV Comedies",0.0,1,3,13.0
TV Show,Record of Grancrest War,2018,TV-MA,"Anime Series, International TV Shows",0.0,1,3,9.0
Movie,War Against Women,2013,TV-MA,"Documentaries, International Movies",61.0,0,2,17.0
Movie,Inhuman Kiss,2019,TV-MA,"Horror Movies, International Movies, Romantic Movies",122.0,0,2,13.0
Movie,Romeo Akbar Walter,2019,TV-14,"Dramas, International Movies, Thrillers",141.0,0,2,15.0
TV Show,Scare Tactics,2011,TV-MA,"Reality TV, TV Comedies, TV Horror",0.0,2,3,15.0
Movie,Super Deluxe,2019,TV-MA,"Comedies, Dramas, International Movies",176.0,0,2,7.0
TV Show,Dope,2019,TV-MA,"Crime TV Shows, Docuseries",0.0,3,3,16.0
Movie,El testigo,2018,TV-14,"Documentaries, International Movies",73.0,0,2,12.0
TV Show,Exhibit A,2019,TV-MA,"Crime TV Shows, Docuseries, Science & Nature TV",0.0,1,3,14.0
TV Show,Instant Hotel,2019,TV-MA,"International TV Shows, Reality TV",0.0,2,3,5.0
Movie,La Leyenda del Diamante,2017,TV-MA,"Action & Adventure, International Movies, Sci-Fi & Fantasy",87.0,0,2,13.0
TV Show,Motown Magic,2019,TV-Y,"Kids' TV, TV Sci-Fi & Fantasy",0.0,2,3,4.0
TV Show,Paquita Salas,2018,TV-MA,"International TV Shows, Spanish-Language TV Shows, TV Comedies",0.0,3,3,16.0
Movie,ANIMA,2019,TV-PG,"Dramas, Independent Movies, Music & Musicals",15.0,0,2,8.0
TV Show,Answer for Heaven,2019,TV-MA,"Crime TV Shows, International TV Shows, TV Comedies",0.0,1,3,15.0
Movie,Daniel Sosa: Maleducado,2019,TV-MA,Stand-Up Comedy,55.0,0,2,5.0
Movie,Hikaru Utada Laughter in the Dark Tour 2018,2018,TV-PG,"International Movies, Music & Musicals",141.0,0,2,1.0
Movie,Kahaani,2012,TV-14,"International Movies, Music & Musicals, Thrillers",122.0,0,2,0.0
Movie,Unbroken,2019,TV-14,"Documentaries, International Movies",109.0,0,2,12.0
Movie,Mike Epps: Only One Mike,2019,TV-MA,Stand-Up Comedy,63.0,0,2,5.0
TV Show,Forest of Piano,2019,TV-14,"Anime Series, International TV Shows",0.0,2,3,9.0
Movie,Triple Threat,2019,R,"Action & Adventure, International Movies",96.0,0,2,11.0
Movie,Blood Will Tell,2019,TV-MA,"Dramas, Independent Movies, International Movies",113.0,0,2,7.0
TV Show,Bolívar,2019,TV-MA,"International TV Shows, Romantic TV Shows, Spanish-Language TV Shows",0.0,1,3,11.0
Movie,EVANGELION: DEATH (TRUE)²,1998,TV-MA,"Action & Adventure, Anime Features, International Movies",69.0,0,1,1.0
TV Show,Girls Incarcerated,2019,TV-MA,"Docuseries, Reality TV",0.0,2,3,14.0
TV Show,Go! Live Your Way,2019,TV-PG,"Kids' TV, Spanish-Language TV Shows, Teen TV Shows",0.0,2,3,0.0
TV Show,Magi: The Labyrinth of Magic,2013,TV-MA,"Anime Series, International TV Shows",0.0,2,3,9.0
TV Show,Neon Genesis Evangelion,1995,TV-MA,"Anime Series, International TV Shows",0.0,1,3,18.0
TV Show,Shooter,2018,TV-14,"Crime TV Shows, TV Action & Adventure, TV Dramas",0.0,3,3,8.0
TV Show,The Casketeers,2019,TV-14,"International TV Shows, Reality TV",0.0,2,3,5.0
TV Show,The Confession Tapes,2019,TV-MA,"Crime TV Shows, Docuseries",0.0,2,3,14.0
Movie,The End of Evangelion,1997,TV-MA,"Action & Adventure, Anime Features, International Movies",87.0,0,1,1.0
Movie,Rakkhosh,2019,TV-MA,"Horror Movies, Independent Movies, International Movies",116.0,0,2,13.0
Movie,The Wolf's Call,2019,TV-14,"Dramas, International Movies, Thrillers",116.0,0,2,15.0
Movie,Beats,2019,TV-MA,"Dramas, Independent Movies, Music & Musicals",110.0,0,2,3.0
Movie,The Edge of Democracy,2019,TV-14,"Documentaries, International Movies",122.0,0,2,12.0
Movie,Adam Devine: Best Time of Our Lives,2019,TV-MA,Stand-Up Comedy,59.0,0,2,5.0
Movie,Cop Car,2015,R,Thrillers,88.0,0,2,11.0
Movie,Right Here Right Now,2018,TV-MA,"Comedies, Dramas, Independent Movies",91.0,0,2,3.0
TV Show,Fate/Zero,2012,TV-MA,"Anime Series, International TV Shows",0.0,2,3,9.0
TV Show,Kill la Kill,2014,TV-MA,"Anime Series, International TV Shows",0.0,1,3,9.0
Movie,Life Overtakes Me,2019,TV-PG,Documentaries,40.0,0,2,8.0
Movie,Luckee,2019,TV-14,"Comedies, International Movies, Romantic Movies",113.0,0,2,4.0
Movie,Pihu,2018,TV-14,"Dramas, Independent Movies, International Movies",90.0,0,2,15.0
TV Show,Puella Magi Madoka Magica,2011,TV-14,"Anime Series, International TV Shows",0.0,1,3,9.0
TV Show,Somewhere Only We Know,2019,TV-MA,"International TV Shows, Romantic TV Shows, TV Comedies",0.0,1,3,15.0
TV Show,The Alcàsser Murders,2019,TV-MA,"Crime TV Shows, Docuseries, International TV Shows",0.0,1,3,14.0
TV Show,Unit 42,2017,TV-MA,"Crime TV Shows, International TV Shows, TV Dramas",0.0,1,3,2.0
TV Show,Awake: The Million Dollar Game,2019,TV-PG,Reality TV,0.0,1,3,5.0
TV Show,Black Spot,2019,TV-MA,"Crime TV Shows, International TV Shows, TV Dramas",0.0,2,3,2.0
Movie,DJ Cinderella,2019,TV-PG,"Children & Family Movies, Comedies",95.0,0,2,2.0
TV Show,El desconocido,2019,TV-MA,"Crime TV Shows, International TV Shows, Spanish-Language TV Shows",0.0,2,3,11.0
TV Show,Girlfriends' Guide to Divorce,2019,TV-MA,"TV Comedies, TV Dramas",0.0,5,0,0.0
TV Show,Leila,2019,TV-MA,"British TV Shows, International TV Shows, TV Dramas",0.0,1,3,2.0
TV Show,Marlon,2018,TV-14,TV Comedies,0.0,2,3,17.0
TV Show,Marvel's Jessica Jones,2019,TV-MA,"Crime TV Shows, TV Action & Adventure, TV Dramas",0.0,3,3,16.0
Movie,Murder Mystery,2019,PG-13,Comedies,98.0,0,2,14.0
TV Show,Yankee,2019,TV-MA,"Crime TV Shows, International TV Shows, Spanish-Language TV Shows",0.0,1,3,11.0
TV Show,Jinn,2019,TV-MA,"International TV Shows, TV Dramas, TV Mysteries",0.0,1,3,1.0
Movie,Oprah Presents When They See Us Now,2019,TV-PG,Documentaries,61.0,0,2,8.0
Movie,The 3rd Eye 2,2019,TV-MA,"Horror Movies, International Movies",117.0,0,2,13.0
Movie,Jo Koy: Comin' In Hot,2019,TV-MA,Stand-Up Comedy,60.0,0,2,5.0
Movie,Rolling Thunder Revue: A Bob Dylan Story by Martin Scorsese,2019,TV-MA,"Documentaries, Music & Musicals",142.0,0,2,17.0
TV Show,Upin & Ipin,2011,TV-Y,Kids' TV,0.0,1,3,4.0
Movie,Belmonte,2018,TV-MA,"Dramas, Independent Movies, International Movies",74.0,0,2,7.0
TV Show,Designated Survivor,2019,TV-MA,"Crime TV Shows, TV Dramas, TV Thrillers",0.0,3,3,16.0
Movie,Elisa & Marcela,2019,TV-MA,"Dramas, International Movies, LGBTQ Movies",119.0,0,2,7.0
Movie,I Am Mother,2019,TV-PG,"International Movies, Sci-Fi & Fantasy, Thrillers",114.0,0,2,1.0
Movie,Luka Chuppi,2019,TV-PG,"Comedies, International Movies, Romantic Movies",125.0,0,2,1.0
Movie,Pachamama,2019,PG,Children & Family Movies,71.0,0,2,2.0
Movie,Rock My Heart,2019,TV-PG,"Children & Family Movies, Dramas, International Movies",110.0,0,2,1.0
Movie,Stree,2018,TV-MA,"Comedies, Horror Movies, Independent Movies",127.0,0,2,3.0
TV Show,Super Monsters Monster Pets,2019,TV-Y,Kids' TV,0.0,1,3,4.0
TV Show,Tales of the City,2019,TV-MA,TV Dramas,0.0,1,3,2.0
Movie,The Black Godfather,2019,TV-MA,"Documentaries, Music & Musicals",118.0,0,2,17.0
Movie,Alles ist gut,2019,TV-MA,"Dramas, International Movies",90.0,0,2,7.0
Movie,A Silent Voice,2016,TV-14,"Anime Features, International Movies",130.0,0,2,0.0
TV Show,Black Mirror,2019,TV-MA,"British TV Shows, International TV Shows, TV Dramas",0.0,5,0,0.0
Movie,Cosmos Laundromat: First Cycle,2015,TV-MA,"Dramas, International Movies, Sci-Fi & Fantasy",12.0,0,2,7.0
Movie,Miranda Sings Live…Your Welcome,2019,TV-14,Stand-Up Comedy,62.0,0,2,5.0
Movie,Silent,2014,TV-Y,"Children & Family Movies, Sci-Fi & Fantasy",3.0,0,2,16.0
TV Show,Documentary Now!,2019,TV-14,TV Comedies,0.0,3,3,8.0
TV Show,Malibu Rescue: The Series,2019,TV-G,"Kids' TV, TV Action & Adventure, TV Comedies",0.0,1,3,13.0
TV Show,Arthdal Chronicles,2019,TV-MA,"International TV Shows, Korean TV Shows, TV Action & Adventure",0.0,1,3,11.0
Movie,Krutant,2019,TV-14,"Dramas, International Movies",114.0,0,2,15.0
TV Show,A Thousand Goodnights,2019,TV-14,"International TV Shows, TV Dramas",0.0,1,3,10.0
Movie,III Smoking Barrels,2017,TV-MA,"Dramas, Independent Movies, International Movies",128.0,0,2,7.0
TV Show,March Comes in Like a Lion,2017,TV-14,"Anime Series, International TV Shows, Teen TV Shows",0.0,2,3,9.0
Movie,"Oh, Ramona!",2019,TV-MA,"Comedies, International Movies",109.0,0,2,6.0
Movie,We Are Legends,2019,TV-14,"Action & Adventure, International Movies, Sports Movies",109.0,0,2,0.0
TV Show,Bad Blood,2019,TV-MA,"Crime TV Shows, TV Dramas",0.0,2,3,16.0
Movie,Chopsticks,2019,TV-MA,"Comedies, Dramas, Independent Movies",101.0,0,2,3.0
TV Show,Killer Ratings,2019,TV-MA,"Crime TV Shows, Docuseries, International TV Shows",0.0,1,3,14.0
Movie,Mere Pyare Prime Minister,2019,TV-MA,"Dramas, International Movies",103.0,0,2,7.0
Movie,Pegasus,2019,TV-MA,"Comedies, Dramas, International Movies",98.0,0,2,7.0
TV Show,When They See Us,2019,TV-MA,"Crime TV Shows, TV Dramas",0.0,1,3,2.0
Movie,Svaha: The Sixth Finger,2019,TV-MA,"International Movies, Thrillers",123.0,0,2,13.0
TV Show,Historical Roasts,2019,TV-MA,"Stand-Up Comedy & Talk Shows, TV Comedies",0.0,1,3,15.0
Movie,After Maria,2019,TV-PG,Documentaries,38.0,0,2,8.0
TV Show,Hyper HardBoiled Gourmet Report,2017,TV-MA,"Docuseries, International TV Shows",0.0,1,3,14.0
Movie,Joy,2019,TV-MA,"Dramas, Independent Movies, International Movies",101.0,0,2,7.0
Movie,Rim of the World,2019,TV-14,"Action & Adventure, Independent Movies, Sci-Fi & Fantasy",99.0,0,2,0.0
TV Show,She's Gotta Have It,2018,TV-MA,"Romantic TV Shows, TV Comedies, TV Dramas",0.0,2,3,15.0
Movie,The Perfection,2019,TV-MA,"Horror Movies, LGBTQ Movies, Music & Musicals",91.0,0,2,13.0
TV Show,WHAT / IF,2019,TV-MA,"TV Dramas, TV Thrillers",0.0,1,3,2.0
Movie,The Lonely Island Presents: The Unauthorized Bash Brothers Experience,2019,TV-MA,"Comedies, Music & Musicals, Sports Movies",30.0,0,2,5.0
Movie,A Tale of Two Kitchens,2019,TV-PG,"Documentaries, International Movies",30.0,0,2,8.0
Movie,The Man Who Feels No Pain,2018,TV-14,"Action & Adventure, Comedies, International Movies",137.0,0,2,4.0
Movie,Wanda Sykes: Not Normal,2019,TV-MA,Stand-Up Comedy,66.0,0,2,5.0
TV Show,Prince of Peoria,2019,TV-G,"Kids' TV, TV Comedies",0.0,2,3,13.0
TV Show,Rosario Tijeras,2018,TV-MA,"Crime TV Shows, International TV Shows, Spanish-Language TV Shows",0.0,2,3,11.0
TV Show,1994,2019,TV-MA,"Crime TV Shows, Docuseries, International TV Shows",0.0,1,3,14.0
Movie,Born in Gaza,2014,TV-14,"Documentaries, International Movies",70.0,0,2,12.0
Movie,Born in Syria,2016,TV-14,"Documentaries, International Movies",87.0,0,2,12.0
Movie,Dying to Tell,2018,TV-MA,"Documentaries, International Movies",88.0,0,2,17.0
TV Show,It's Bruno!,2019,TV-MA,TV Comedies,0.0,1,3,15.0
Movie,Maria,2019,TV-MA,"Action & Adventure, International Movies",90.0,0,2,13.0
Movie,ReMastered: The Lion's Share,2019,TV-14,"Documentaries, Music & Musicals",84.0,0,2,12.0
Movie,Saverio Raimondo: Il Satiro Parlante,2019,TV-MA,Stand-Up Comedy,53.0,0,2,5.0
Movie,See You Yesterday,2019,TV-MA,"Dramas, Sci-Fi & Fantasy, Thrillers",87.0,0,2,3.0
TV Show,White Gold,2019,TV-MA,"British TV Shows, International TV Shows, TV Comedies",0.0,2,3,15.0
Movie,Good Sam,2019,TV-PG,"Children & Family Movies, Dramas",90.0,0,2,1.0
Movie,Jonaki,2018,TV-MA,"Dramas, Independent Movies, International Movies",96.0,0,2,7.0
Movie,PATRICK (2019),2019,TV-PG,"Children & Family Movies, Comedies",94.0,0,2,2.0
TV Show,Dennis and Gnasher Unleashed,2017,TV-Y,"British TV Shows, Kids' TV, TV Comedies",0.0,1,3,4.0
Movie,Hamid,2018,TV-MA,"Dramas, Independent Movies, International Movies",108.0,0,2,7.0
TV Show,"Heidi, bienvenida a casa",2017,TV-Y,"Kids' TV, Spanish-Language TV Shows",0.0,1,3,4.0
TV Show,I Hear You,2019,TV-14,"International TV Shows, Romantic TV Shows, TV Dramas",0.0,1,3,10.0
Movie,Backdraft 2,2019,R,"Action & Adventure, Dramas",102.0,0,2,10.0
TV Show,Revisions,2018,TV-14,"Anime Series, International TV Shows",0.0,1,3,9.0
Movie,Still LAUGH-IN: The Stars Celebrate,2019,TV-MA,Comedies,61.0,0,2,6.0
Movie,Weed the People,2018,TV-MA,Documentaries,94.0,0,2,17.0
Movie,Malibu Rescue,2019,TV-G,"Children & Family Movies, Comedies",70.0,0,2,2.0
Movie,Merata: How Mum Decolonised the Screen,2018,TV-14,Documentaries,88.0,0,2,12.0
TV Show,The Defected,2019,TV-14,"Crime TV Shows, International TV Shows, TV Dramas",0.0,1,3,10.0
Movie,Dry Martina,2018,TV-MA,"Dramas, Independent Movies, International Movies",100.0,0,2,7.0
Movie,Shéhérazade,2019,TV-MA,"Dramas, Independent Movies, International Movies",111.0,0,2,7.0
Movie,The Great Magician,2011,TV-14,"Action & Adventure, Comedies, Dramas",128.0,0,2,4.0
TV Show,Easy,2019,TV-MA,"TV Comedies, TV Dramas",0.0,3,3,16.0
Movie,In Family I Trust,2018,TV-MA,"Comedies, Dramas, International Movies",98.0,0,2,7.0
TV Show,Jailbirds,2019,TV-MA,"Docuseries, Reality TV",0.0,1,3,14.0
TV Show,The Mechanism,2019,TV-MA,"Crime TV Shows, International TV Shows, TV Dramas",0.0,2,3,2.0
TV Show,The Princess Weiyoung,2016,TV-14,"International TV Shows, Romantic TV Shows, TV Dramas",0.0,1,3,10.0
TV Show,The Society,2019,TV-MA,"TV Dramas, Teen TV Shows",0.0,1,3,2.0
Movie,Wine Country,2019,R,Comedies,104.0,0,2,11.0
Movie,Gatao 2: Rise of the King,2018,TV-MA,"Action & Adventure, Dramas, International Movies",126.0,0,2,7.0
TV Show,Away From Home,2015,TV-PG,"International TV Shows, TV Dramas",0.0,1,3,0.0
TV Show,Bibik-Bibikku,2016,TV-PG,"International TV Shows, TV Comedies",0.0,1,3,0.0
TV Show,Cinta 100KG,2016,TV-14,"International TV Shows, Romantic TV Shows, TV Dramas",0.0,1,3,10.0
TV Show,Cinta Iris,2015,TV-PG,"International TV Shows, Romantic TV Shows, TV Dramas",0.0,1,3,0.0
TV Show,Cinta Si Wedding Planner,2015,TV-14,"International TV Shows, Romantic TV Shows, TV Dramas",0.0,1,3,10.0
TV Show,Cinta Teruna Kimchi,2016,TV-PG,"International TV Shows, TV Dramas",0.0,1,3,0.0
TV Show,Secret of Success,2015,TV-14,"International TV Shows, Romantic TV Shows, TV Comedies",0.0,1,3,17.0
TV Show,The Missing Menu,2016,TV-PG,"International TV Shows, TV Dramas",0.0,1,3,0.0
TV Show,Unchained Fate,2016,TV-14,"International TV Shows, TV Dramas, TV Sci-Fi & Fantasy",0.0,1,3,10.0
TV Show,Abyss,2019,TV-14,"Crime TV Shows, International TV Shows, Korean TV Shows",0.0,1,3,12.0
TV Show,I Have a Script,2019,TV-14,"International TV Shows, TV Comedies, TV Dramas",0.0,1,3,17.0
TV Show,In the Bosom of a Thorn,2019,TV-14,"International TV Shows, TV Dramas",0.0,1,3,10.0
TV Show,The Writer,2019,TV-14,"Crime TV Shows, International TV Shows, TV Dramas",0.0,1,3,10.0
TV Show,What If?,2019,TV-14,"International TV Shows, TV Dramas",0.0,1,3,10.0
Movie,Last Breath,2019,TV-MA,"Documentaries, International Movies",86.0,0,2,17.0
Movie,The Wandering Earth,2019,TV-MA,"International Movies, Sci-Fi & Fantasy",125.0,0,2,13.0
Movie,All In My Family,2019,TV-14,"Documentaries, LGBTQ Movies",40.0,0,2,12.0
TV Show,Crime Diaries: Night Out,2019,TV-MA,"Crime TV Shows, International TV Shows, Spanish-Language TV Shows",0.0,1,3,11.0
TV Show,Cupcake & Dino - General Services,2019,TV-Y7,"Kids' TV, TV Comedies",0.0,2,3,13.0
Movie,Despite Everything,2019,TV-MA,"Comedies, International Movies, Romantic Movies",79.0,0,2,6.0
Movie,"Extremely Wicked, Shockingly Evil and Vile",2019,R,"Dramas, Independent Movies",110.0,0,2,10.0
TV Show,Flinch,2019,TV-PG,Reality TV,0.0,1,3,5.0
Movie,Jo Pil-ho: The Dawning Rage,2018,TV-MA,"Dramas, International Movies, Thrillers",128.0,0,2,7.0
Movie,The Last Summer,2019,TV-14,"Comedies, Romantic Movies",110.0,0,2,4.0
TV Show,Tuca & Bertie,2019,TV-MA,TV Comedies,0.0,1,3,15.0
Movie,Laatu,2018,TV-PG,"Comedies, Dramas, International Movies",116.0,0,2,1.0
Movie,Olympus Has Fallen,2013,R,Action & Adventure,119.0,0,2,11.0
TV Show,Code Geass: Lelouch of the Rebellion,2008,TV-MA,"Anime Series, International TV Shows",0.0,2,3,9.0
Movie,John & Yoko: Above Us Only Sky,2018,TV-MA,"Documentaries, Music & Musicals",90.0,0,2,17.0
Movie,Knock Down The House,2019,PG,Documentaries,88.0,0,2,18.0
Movie,Munafik 2,2018,TV-MA,"Horror Movies, International Movies",104.0,0,2,13.0
Movie,Sur Sapata,2019,TV-14,"Comedies, Dramas, International Movies",140.0,0,2,4.0
Movie,A Home with A View,2019,TV-MA,"Comedies, International Movies",92.0,0,2,6.0
TV Show,Angel 'N' Devil,2014,TV-14,"International TV Shows, TV Action & Adventure, TV Comedies",0.0,1,3,17.0
Movie,Anthony Jeselnik: Fire in the Maternity Ward,2019,TV-MA,Stand-Up Comedy,64.0,0,2,5.0
TV Show,Hong Kong West Side Stories,2018,TV-MA,"International TV Shows, TV Comedies, TV Dramas",0.0,1,3,2.0
TV Show,Ingress: The Animation,2018,TV-MA,"Anime Series, Crime TV Shows, International TV Shows",0.0,1,3,11.0
TV Show,K.O. One Re-act,2013,TV-14,"International TV Shows, TV Comedies, TV Dramas",0.0,1,3,17.0
TV Show,K.O.3an Guo,2009,TV-14,"International TV Shows, TV Comedies, TV Sci-Fi & Fantasy",0.0,1,3,17.0
TV Show,KO One Return,2012,TV-MA,"International TV Shows, TV Comedies, TV Dramas",0.0,1,3,2.0
TV Show,The Outsiders,2004,TV-MA,"Crime TV Shows, International TV Shows, Romantic TV Shows",0.0,1,3,18.0
TV Show,Ash vs. Evil Dead,2018,TV-MA,"TV Action & Adventure, TV Comedies, TV Horror",0.0,3,3,16.0
Movie,Teen Aur Aadha,2018,TV-MA,"Dramas, Independent Movies, International Movies",119.0,0,2,7.0
TV Show,Señora Acero,2018,TV-MA,"Crime TV Shows, International TV Shows, Spanish-Language TV Shows",0.0,5,0,0.0
TV Show,Chambers,2019,TV-MA,"TV Horror, TV Mysteries, Teen TV Shows",0.0,1,3,1.0
Movie,Loving is Losing,2019,TV-MA,"Comedies, International Movies, Romantic Movies",91.0,0,2,6.0
Movie,Money Trap,2019,TV-MA,"Comedies, Dramas, International Movies",122.0,0,2,7.0
Movie,Njan Prakashan,2018,TV-PG,"Comedies, Dramas, International Movies",125.0,0,2,1.0
Movie,ReMastered: Devil at the Crossroads,2019,TV-14,"Documentaries, Music & Musicals",49.0,0,2,12.0
TV Show,Street Food,2019,TV-PG,Docuseries,0.0,1,3,7.0
TV Show,The Hateful Eight: Extended Version,2015,R,TV Shows,0.0,1,3,5.0
Movie,A Fortunate Man,2018,TV-MA,"Dramas, International Movies",168.0,0,2,7.0
Movie,Grass Is Greener,2019,TV-MA,"Documentaries, Music & Musicals",98.0,0,2,17.0
Movie,Brené Brown: The Call to Courage,2019,TV-14,Documentaries,77.0,0,2,12.0
TV Show,KO One,2005,TV-MA,"International TV Shows, TV Action & Adventure, TV Comedies",0.0,1,3,18.0
TV Show,Lunatics,2019,TV-MA,"International TV Shows, TV Comedies",0.0,1,3,15.0
Movie,Music Teacher,2019,TV-14,"Dramas, Independent Movies, International Movies",102.0,0,2,15.0
TV Show,My Dear Boy,2017,TV-MA,"International TV Shows, Romantic TV Shows",0.0,1,3,11.0
TV Show,Rilakkuma and Kaoru,2019,TV-PG,"Anime Series, International TV Shows",0.0,1,3,0.0
TV Show,Samantha!,2019,TV-MA,"International TV Shows, TV Comedies",0.0,2,3,15.0
Movie,Someone Great,2019,R,"Comedies, Romantic Movies",92.0,0,2,11.0
Movie,The Ruthless,2019,TV-MA,"Dramas, International Movies",111.0,0,2,7.0
Movie,A Little Chaos,2014,R,"Dramas, Independent Movies, International Movies",113.0,0,2,10.0
Movie,Franco Escamilla: Bienvenido al mundo,2019,TV-MA,Stand-Up Comedy,54.0,0,2,5.0
Movie,HOMECOMING: A film by Beyoncé,2019,TV-MA,"Documentaries, Music & Musicals",138.0,0,2,17.0
Movie,About Time,2013,R,"Comedies, Dramas, International Movies",123.0,0,2,10.0
Movie,Super Monsters Furever Friends,2019,TV-Y,Children & Family Movies,59.0,0,2,16.0
Movie,Bollywood Calling,2001,TV-MA,"Comedies, Dramas, International Movies",102.0,0,1,1.0
Movie,Ek Khiladi Ek Haseena,2005,TV-14,"International Movies, Music & Musicals, Thrillers",141.0,0,2,0.0
Movie,Generation Iron 3,2018,TV-MA,"Documentaries, Sports Movies",95.0,0,2,17.0
Movie,Hazaaron Khwaishein Aisi,2003,TV-MA,"Dramas, International Movies, Romantic Movies",111.0,0,2,7.0
Movie,Jhankaar Beats,2003,TV-14,"Comedies, International Movies, Music & Musicals",131.0,0,2,4.0
Movie,Mumbai Matinee,2003,TV-14,"Comedies, International Movies, Romantic Movies",116.0,0,2,4.0
Movie,Rainbow Jelly,2018,TV-14,"Dramas, International Movies, Sci-Fi & Fantasy",119.0,0,2,15.0
Movie,Shabd,2005,TV-14,"Dramas, International Movies, Romantic Movies",146.0,0,2,15.0
Movie,Shortcut Safari,2016,TV-PG,"Action & Adventure, Comedies, Dramas",101.0,0,2,1.0
Movie,Thriller,2018,TV-MA,Horror Movies,87.0,0,2,13.0
TV Show,Crazy Ex-Girlfriend,2019,TV-MA,"Romantic TV Shows, TV Comedies",0.0,4,0,0.0
Movie,Who Would You Take to a Deserted Island?,2019,TV-MA,"Dramas, International Movies",94.0,0,2,7.0
Movie,Dabbe 5: Zehr-i Cin,2014,TV-MA,"Horror Movies, International Movies",133.0,0,2,13.0
Movie,Dabbe: The Possession,2013,TV-MA,"Horror Movies, International Movies",135.0,0,2,13.0
Movie,Francesco De Carlo: Cose di Questo Mondo,2019,TV-MA,Stand-Up Comedy,61.0,0,2,5.0
TV Show,Huge in France,2019,TV-MA,TV Comedies,0.0,1,3,15.0
Movie,The Perfect Date,2019,TV-14,"Comedies, Romantic Movies",91.0,0,2,4.0
TV Show,New Girl,2018,TV-14,"Romantic TV Shows, TV Comedies",0.0,7,0,1.0
TV Show,Persona,2019,TV-MA,"International TV Shows, Korean TV Shows, TV Dramas",0.0,1,3,2.0
Movie,Liss Pereira: Reteniendo líquidos,2019,TV-14,Stand-Up Comedy,59.0,0,2,5.0
Movie,The Silence,2019,PG-13,"Horror Movies, Thrillers",91.0,0,2,14.0
TV Show,You vs. Wild,2019,TV-PG,"Kids' TV, Reality TV, Science & Nature TV",0.0,1,3,5.0
Movie,Sarvam Thaala Mayam (Telugu Version),2018,TV-14,"Dramas, International Movies, Music & Musicals",131.0,0,2,15.0
Movie,Petta (Telugu Version),2019,TV-14,"Action & Adventure, Comedies, Dramas",170.0,0,2,4.0
TV Show,Time: The Kalief Browder Story,2017,TV-MA,Docuseries,0.0,1,3,14.0
Movie,Alien Warfare,2019,TV-MA,"Action & Adventure, Sci-Fi & Fantasy",88.0,0,2,13.0
TV Show,Derek,2015,TV-MA,"British TV Shows, International TV Shows, TV Comedies",0.0,3,3,16.0
TV Show,Imposters,2017,TV-MA,"Crime TV Shows, International TV Shows, TV Comedies",0.0,2,3,15.0
TV Show,Our Planet,2019,TV-PG,"Docuseries, Science & Nature TV",0.0,1,3,3.0
Movie,Petta,2019,TV-14,"Action & Adventure, Comedies, Dramas",170.0,0,2,4.0
TV Show,Quicksand,2019,TV-MA,"Crime TV Shows, International TV Shows, TV Dramas",0.0,1,3,2.0
TV Show,Rimba Racer,2017,TV-PG,Kids' TV,0.0,1,3,0.0
TV Show,Roman Empire: Reign of Blood,2019,TV-MA,Docuseries,0.0,3,3,16.0
TV Show,Spirit: Riding Free,2019,TV-Y7,Kids' TV,0.0,8,0,1.0
TV Show,Tijuana,2019,TV-MA,"Crime TV Shows, International TV Shows, Spanish-Language TV Shows",0.0,1,3,11.0
Movie,Unicorn Store,2019,TV-14,"Comedies, Dramas, Independent Movies",92.0,0,2,4.0
TV Show,Possessed,2019,TV-MA,"Crime TV Shows, International TV Shows, Korean TV Shows",0.0,1,3,11.0
Movie,Ricardo Quevedo: Los amargados somos más,2019,TV-MA,Stand-Up Comedy,59.0,0,2,5.0
Movie,Suzzanna: Buried Alive,2018,TV-MA,"Horror Movies, International Movies",126.0,0,2,13.0
TV Show,Tango,2018,TV-14,"International TV Shows, Romantic TV Shows, TV Dramas",0.0,1,3,10.0
Movie,Ek Ladki Ko Dekha Toh Aisa Laga,2019,TV-14,"Comedies, Dramas, International Movies",120.0,0,2,4.0
Movie,Jagat,2015,TV-MA,"Dramas, International Movies",76.0,0,2,7.0
Movie,Kevin Hart: Irresponsible,2019,TV-MA,Stand-Up Comedy,60.0,0,2,5.0
TV Show,Kicko & Super Speedo,2018,TV-Y7,"Kids' TV, TV Comedies",0.0,1,3,13.0
Movie,Love O2O,2016,TV-14,"International Movies, Romantic Movies, Sci-Fi & Fantasy",103.0,0,2,0.0
Movie,Pinky Memsaab,2018,TV-MA,"Dramas, Independent Movies, International Movies",124.0,0,2,7.0
TV Show,"That Winter, the Wind Blows",2013,TV-MA,"International TV Shows, Korean TV Shows, Romantic TV Shows",0.0,1,3,12.0
Movie,The Trap,2017,TV-MA,Comedies,91.0,0,2,6.0
TV Show,Ultraman,2019,TV-14,"Anime Series, International TV Shows",0.0,1,3,9.0
Movie,Mercy Black,2019,TV-14,Horror Movies,88.0,0,2,0.0
Movie,The Burial of Kojo,2018,TV-14,"Dramas, Independent Movies, International Movies",81.0,0,2,15.0
TV Show,Pablo,2017,TV-Y,"British TV Shows, Kids' TV",0.0,1,3,4.0
Movie,15 August,2019,TV-14,"Comedies, Dramas, Independent Movies",124.0,0,2,4.0
Movie,Bayonet,2019,TV-MA,"Dramas, International Movies, Sports Movies",102.0,0,2,7.0
TV Show,Osmosis,2019,TV-MA,"International TV Shows, TV Dramas, TV Mysteries",0.0,1,3,1.0
TV Show,Santa Clarita Diet,2019,TV-MA,"TV Comedies, TV Horror, TV Thrillers",0.0,3,3,16.0
Movie,The Highwaymen,2019,R,Dramas,132.0,0,2,10.0
Movie,The Legend of Cocaine Island,2019,TV-MA,Documentaries,87.0,0,2,17.0
TV Show,The Terminal,2018,TV-14,"International TV Shows, TV Dramas",0.0,1,3,10.0
TV Show,Traitors,2019,TV-MA,"British TV Shows, International TV Shows, TV Dramas",0.0,1,3,2.0
TV Show,Versailles,2018,TV-MA,"International TV Shows, TV Dramas",0.0,3,3,16.0
TV Show,Ainori Love Wagon: Asian Journey,2018,TV-MA,"International TV Shows, Reality TV, Romantic TV Shows",0.0,2,3,5.0
Movie,Danur: I Can See Ghosts,2017,TV-MA,"Horror Movies, International Movies",75.0,0,2,13.0
Movie,Verses of Love,2008,TV-PG,"Dramas, International Movies, Romantic Movies",126.0,0,2,1.0
Movie,Nate Bargatze: The Tennessee Kid,2019,TV-PG,Stand-Up Comedy,61.0,0,2,5.0
Movie,Sei,2018,TV-14,"Action & Adventure, Comedies, Dramas",126.0,0,2,4.0
TV Show,The Eagle of El-Se'eed,2018,TV-14,"Crime TV Shows, International TV Shows, TV Action & Adventure",0.0,1,3,9.0
Movie,Superlopez,2018,TV-MA,"Action & Adventure, Comedies, International Movies",108.0,0,2,6.0
Movie,Oversize Cops,2017,TV-MA,"Action & Adventure, Comedies, International Movies",100.0,0,2,6.0
TV Show,Charlie's Colorforms City,2019,TV-Y,Kids' TV,0.0,1,3,4.0
TV Show,Crime Diaries: The Candidate,2019,TV-MA,"Crime TV Shows, International TV Shows, Spanish-Language TV Shows",0.0,1,3,11.0
TV Show,Delhi Crime,2019,TV-MA,"Crime TV Shows, International TV Shows, TV Dramas",0.0,1,3,2.0
Movie,Mirage,2018,TV-MA,"Dramas, International Movies, Sci-Fi & Fantasy",129.0,0,2,7.0
Movie,ReMastered: The Miami Showband Massacre,2019,TV-MA,"Documentaries, Music & Musicals",71.0,0,2,17.0
TV Show,The 10 Sins,2018,TV-14,"International TV Shows, TV Dramas",0.0,1,3,10.0
Movie,The Dirt,2019,TV-MA,"Comedies, Dramas, Music & Musicals",108.0,0,2,3.0
TV Show,The OA,2019,TV-MA,"TV Dramas, TV Mysteries, TV Sci-Fi & Fantasy",0.0,2,3,1.0
Movie,Antoine Griezmann: The Making of a Legend,2019,TV-PG,"Documentaries, International Movies, Sports Movies",60.0,0,2,8.0
TV Show,Bo on the Go!,2007,TV-Y,Kids' TV,0.0,1,3,4.0
TV Show,Stay Tuned!,2019,TV-14,"International TV Shows, TV Comedies, TV Dramas",0.0,1,3,17.0
Movie,The Amazing Praybeyt Benjamin,2014,TV-14,"Action & Adventure, Comedies, International Movies",105.0,0,2,4.0
Movie,The Super Parental Guardians,2016,TV-14,"Action & Adventure, Comedies, International Movies",115.0,0,2,4.0
Movie,The Third Party,2016,TV-MA,"Comedies, Dramas, International Movies",118.0,0,2,7.0
Movie,The Unmarried Wife,2016,TV-MA,"Dramas, International Movies, Romantic Movies",130.0,0,2,7.0
Movie,Vince and Kath and James,2016,TV-PG,"International Movies, Romantic Movies",115.0,0,2,1.0
Movie,Alexis Viera: A Story of Surviving,2019,TV-MA,"Documentaries, International Movies, Sports Movies",69.0,0,2,17.0
TV Show,February 9,2018,TV-14,"International TV Shows, TV Dramas",0.0,1,3,10.0
Movie,Imago,2018,TV-PG,"Dramas, Independent Movies, International Movies",97.0,0,2,1.0
TV Show,My Husband Won't Fit,2019,TV-MA,"International TV Shows, Romantic TV Shows, TV Dramas",0.0,1,3,2.0
Movie,Amy Schumer Growing,2019,TV-MA,Stand-Up Comedy,61.0,0,2,5.0
Movie,5 Flights Up,2014,PG-13,"Comedies, Dramas, Independent Movies",92.0,0,2,9.0
TV Show,Green Door,2019,TV-MA,"International TV Shows, Romantic TV Shows, TV Comedies",0.0,1,3,15.0
Movie,Bombairiya,2018,TV-MA,"Comedies, Dramas, International Movies",108.0,0,2,7.0
Movie,Burn Out,2017,TV-MA,"Action & Adventure, International Movies",104.0,0,2,13.0
Movie,Edoardo Ferrario: Temi Caldi,2019,TV-MA,Stand-Up Comedy,65.0,0,2,5.0
Movie,Girl,2018,R,"Dramas, International Movies, LGBTQ Movies",106.0,0,2,10.0
TV Show,If I Hadn't Met You,2018,TV-MA,"International TV Shows, Romantic TV Shows, TV Dramas",0.0,1,3,2.0
Movie,Jeff Dunham: Arguing with Myself,2006,TV-MA,Stand-Up Comedy,69.0,0,2,5.0
Movie,Jeff Dunham: Controlled Chaos,2011,TV-MA,Stand-Up Comedy,97.0,0,2,5.0
Movie,Jeff Dunham: Minding the Monsters,2012,TV-MA,Stand-Up Comedy,80.0,0,2,5.0
Movie,Jeff Dunham's Very Special Christmas Special,2008,TV-MA,Stand-Up Comedy,85.0,0,2,5.0
Movie,Late Life: The Chien-Ming Wang Story,2018,TV-14,"Documentaries, Sports Movies",98.0,0,2,12.0
TV Show,My Pride,2018,TV-14,"International TV Shows, TV Dramas",0.0,1,3,10.0
Movie,Paskal,2018,TV-14,"Action & Adventure, Dramas, International Movies",115.0,0,2,15.0
TV Show,Robozuna,2018,TV-Y7,"British TV Shows, Kids' TV",0.0,2,3,13.0
TV Show,The Disappearance of Madeleine McCann,2019,TV-14,"Crime TV Shows, Docuseries",0.0,1,3,6.0
TV Show,Turn Up Charlie,2019,TV-MA,"British TV Shows, International TV Shows, TV Comedies",0.0,1,3,15.0
Movie,A Love Story,2007,TV-14,"Dramas, International Movies, Romantic Movies",117.0,0,2,15.0
Movie,Barcelona: A Love Untold,2016,TV-14,"Dramas, International Movies, Romantic Movies",132.0,0,2,15.0
Movie,Everything About Her,2016,TV-MA,"Comedies, Dramas, International Movies",127.0,0,2,7.0
Movie,Finally Found Someone,2017,TV-14,"International Movies, Romantic Movies",125.0,0,2,0.0
Movie,Seven Sundays,2017,TV-MA,"Comedies, Dramas, International Movies",128.0,0,2,7.0
TV Show,More to Say,2018,TV-14,"International TV Shows, TV Dramas, TV Mysteries",0.0,1,3,10.0
TV Show,The Land of Hypocrisy,2018,TV-14,"International TV Shows, TV Comedies, TV Sci-Fi & Fantasy",0.0,1,3,17.0
Movie,Triple Frontier,2019,R,Action & Adventure,126.0,0,2,11.0
Movie,Jimmy Carr: The Best of Ultimate Gold Greatest Hits,2019,TV-MA,Stand-Up Comedy,58.0,0,2,5.0
TV Show,Eugenie Nights,2018,TV-14,"International TV Shows, Romantic TV Shows, TV Dramas",0.0,1,3,10.0
TV Show,This Evening,2017,TV-14,"International TV Shows, TV Dramas",0.0,1,3,10.0
TV Show,Into the Badlands,2018,TV-MA,TV Action & Adventure,0.0,3,3,16.0
TV Show,Bangkok Love Stories: Hey You!,2018,TV-14,"International TV Shows, Romantic TV Shows, TV Dramas",0.0,1,3,10.0
TV Show,Disappearance,2018,TV-MA,"International TV Shows, TV Dramas, TV Mysteries",0.0,1,3,1.0
Movie,Hajwala 2: Mysterious Mission,2018,TV-14,"Action & Adventure, Comedies, International Movies",116.0,0,2,4.0
TV Show,Immortals,2018,TV-MA,"International TV Shows, TV Dramas, TV Horror",0.0,1,3,2.0
Movie,Juanita,2019,TV-MA,"Dramas, Independent Movies, Romantic Movies",90.0,0,2,3.0
Movie,Lady J,2019,TV-MA,"Dramas, Independent Movies, International Movies",111.0,0,2,7.0
TV Show,The Confrontation,2018,TV-PG,"International TV Shows, TV Dramas",0.0,1,3,0.0
Movie,Walk. Ride. Rodeo.,2019,TV-PG,"Children & Family Movies, Dramas",100.0,0,2,1.0
Movie,Nappily Ever After,2018,TV-MA,"Comedies, Dramas, Romantic Movies",99.0,0,2,3.0
Movie,Sisterakas,2012,TV-14,"Comedies, International Movies",105.0,0,2,4.0
Movie,Starting Over Again,2014,TV-14,"Dramas, International Movies, Romantic Movies",128.0,0,2,15.0
Movie,That Thing Called Tadhana,2015,TV-MA,"Dramas, International Movies, Romantic Movies",91.0,0,2,7.0
Movie,The Love Affair,2015,TV-MA,"Dramas, International Movies, Romantic Movies",127.0,0,2,7.0
TV Show,American Crime Story: The People v. O.J. Simpson,2016,TV-MA,"Crime TV Shows, TV Dramas",0.0,1,3,2.0
TV Show,Secret City,2016,TV-MA,"International TV Shows, TV Dramas, TV Mysteries",0.0,2,3,1.0
TV Show,A Korean Odyssey,2017,TV-MA,"International TV Shows, Korean TV Shows, Romantic TV Shows",0.0,1,3,12.0
Movie,The Hard Way,2019,TV-MA,Action & Adventure,94.0,0,2,13.0
Movie,Everyday I Love You,2015,TV-14,"Dramas, International Movies, Romantic Movies",124.0,0,2,15.0
Movie,No Other Woman,2011,TV-MA,"Dramas, International Movies, Romantic Movies",103.0,0,2,7.0
Movie,River's Edge,2018,TV-MA,"Dramas, International Movies",118.0,0,2,7.0
Movie,Sarkar,2018,TV-MA,"Action & Adventure, Dramas, International Movies",162.0,0,2,7.0
Movie,Weapon of Choice,2018,TV-MA,"Documentaries, International Movies",89.0,0,2,17.0
Movie,"2,215",2018,TV-MA,"Documentaries, International Movies, Sports Movies",89.0,0,2,17.0
Movie,BNK48: Girls Don't Cry,2018,TV-14,"Documentaries, International Movies, Music & Musicals",108.0,0,2,12.0
Movie,Budapest,2018,TV-MA,"Comedies, International Movies",103.0,0,2,6.0
TV Show,Cricket Fever: Mumbai Indians,2019,TV-MA,"Docuseries, International TV Shows",0.0,1,3,14.0
TV Show,Larva Island,2019,TV-Y7,"Kids' TV, Korean TV Shows, TV Comedies",0.0,2,3,13.0
TV Show,Losers,2019,TV-MA,Docuseries,0.0,1,3,14.0
TV Show,Northern Rescue,2019,TV-14,TV Dramas,0.0,1,3,10.0
Movie,Pants on Fire,2014,TV-G,"Children & Family Movies, Comedies",87.0,0,2,2.0
Movie,Paranormal Investigation,2018,TV-14,"Horror Movies, International Movies, Thrillers",93.0,0,2,0.0
Movie,Radio Rebel,2012,TV-G,"Children & Family Movies, Comedies",90.0,0,2,2.0
Movie,Sarvam Thaala Mayam (Tamil Version),2018,TV-14,"Dramas, International Movies, Music & Musicals",131.0,0,2,15.0
Movie,The Boy Who Harnessed the Wind,2019,TV-PG,"Children & Family Movies, Dramas, Independent Movies",114.0,0,2,1.0
TV Show,The Disastrous Life of Saiki K.,2018,TV-14,"Anime Series, International TV Shows, Teen TV Shows",0.0,3,3,8.0
Movie,The Last Runway,2018,TV-MA,"Action & Adventure, International Movies",107.0,0,2,13.0
Movie,The Spiderwick Chronicles,2008,PG,Children & Family Movies,97.0,0,2,2.0
Movie,Your Son,2018,TV-MA,"Dramas, International Movies, Thrillers",103.0,0,2,7.0
Movie,Quién te cantará,2018,TV-MA,"Dramas, Independent Movies, International Movies",125.0,0,2,7.0
Movie,A Second Chance,2015,TV-MA,"Dramas, International Movies, Romantic Movies",130.0,0,2,7.0
Movie,Beauty and the Bestie,2015,TV-14,"Action & Adventure, Comedies, International Movies",119.0,0,2,4.0
Movie,Bride For Rent,2014,TV-PG,"Comedies, International Movies, Romantic Movies",110.0,0,2,1.0
Movie,Can't Help Falling in Love,2017,TV-14,"Comedies, Dramas, International Movies",120.0,0,2,4.0
Movie,Evening Shadows,2018,TV-PG,"Dramas, Independent Movies, International Movies",102.0,0,2,1.0
Movie,Four Sisters and a Wedding,2013,TV-14,"Comedies, Dramas, International Movies",125.0,0,2,4.0
Movie,It Takes a Man and a Woman,2013,TV-PG,"Comedies, International Movies, Romantic Movies",127.0,0,2,1.0
Movie,My Ex & Whys,2017,TV-14,"Comedies, Dramas, International Movies",121.0,0,2,4.0
Movie,She's Dating the Gangster,2014,TV-14,"Dramas, International Movies, Romantic Movies",113.0,0,2,15.0
Movie,The Breakup Playlist,2015,TV-MA,"Dramas, International Movies, Music & Musicals",118.0,0,2,7.0
Movie,The Mistress,2012,TV-MA,"Dramas, International Movies, Romantic Movies",132.0,0,2,7.0
TV Show,Unsolved,2018,TV-MA,"Crime TV Shows, TV Dramas",0.0,1,3,2.0
Movie,Zach Galifianakis: Live at the Purple Onion,2006,TV-MA,Stand-Up Comedy,61.0,0,2,5.0
Movie,Life of An Outcast,2018,TV-PG,"Dramas, Independent Movies, International Movies",80.0,0,2,1.0
Movie,The Photographer Of Mauthausen,2018,TV-MA,"Dramas, International Movies",110.0,0,2,7.0
Movie,Bert Kreischer: The Machine,2016,TV-MA,Stand-Up Comedy,70.0,0,2,5.0
TV Show,Chef's Table,2019,TV-MA,"Docuseries, Reality TV",0.0,6,0,0.0
Movie,Firebrand,2019,TV-MA,"Dramas, International Movies",117.0,0,2,7.0
Movie,Paddleton,2019,TV-MA,"Comedies, Dramas, Independent Movies",89.0,0,2,3.0
Movie,Paris Is Us,2019,TV-MA,"Dramas, Independent Movies, International Movies",84.0,0,2,7.0
Movie,Shonar Pahar,2018,TV-PG,"Dramas, Independent Movies, International Movies",131.0,0,2,1.0
TV Show,The Big Family Cooking Showdown,2018,TV-PG,"British TV Shows, International TV Shows, Reality TV",0.0,2,3,5.0
TV Show,Z4,2018,TV-PG,Kids' TV,0.0,2,3,0.0
Movie,The Drug King,2018,TV-MA,"Dramas, International Movies, Thrillers",139.0,0,2,7.0
Movie,Kevin James: Sweat the Small Stuff,2001,TV-PG,Stand-Up Comedy,42.0,0,1,1.0
Movie,Transformer,2017,TV-MA,"Documentaries, LGBTQ Movies",79.0,0,2,17.0
Movie,Genius,2018,TV-14,"Dramas, Independent Movies, International Movies",96.0,0,2,15.0
Movie,Black Sea,2015,R,"Action & Adventure, Dramas, International Movies",114.0,0,2,10.0
Movie,Studio 54,2018,TV-MA,Documentaries,99.0,0,2,17.0
Movie,Awe,2018,TV-MA,"Dramas, International Movies, Sci-Fi & Fantasy",111.0,0,2,7.0
Movie,Ayana,2017,TV-MA,"Dramas, Independent Movies, International Movies",112.0,0,2,7.0
Movie,Behind the Curve,2018,TV-14,Documentaries,96.0,0,2,12.0
Movie,Buddies,2012,TV-MA,"Comedies, Dramas, Independent Movies",103.0,0,2,3.0
Movie,Candyflip,2017,TV-MA,"Dramas, Independent Movies, International Movies",104.0,0,2,7.0
Movie,Chameli,2004,TV-14,"Dramas, International Movies",102.0,0,2,15.0
Movie,Fatso,2012,TV-14,"Comedies, Dramas, International Movies",97.0,0,2,4.0
TV Show,Hjørdis,2015,TV-MA,"International TV Shows, TV Comedies, TV Dramas",0.0,1,3,2.0
TV Show,Larry Charles' Dangerous World of Comedy,2019,TV-MA,"Docuseries, TV Comedies",0.0,1,3,14.0
Movie,Neevevaro,2018,TV-14,"Dramas, International Movies, Romantic Movies",132.0,0,2,15.0
Movie,Pyaar Ke Side Effects,2006,TV-MA,"Comedies, International Movies, Romantic Movies",120.0,0,2,6.0
Movie,Sur: The Melody of Life,2002,TV-14,"Dramas, International Movies",137.0,0,1,1.0
TV Show,The 43,2019,TV-MA,"Crime TV Shows, Docuseries, International TV Shows",0.0,1,3,14.0
Movie,The Breaker Upperers,2018,TV-MA,"Comedies, Independent Movies, International Movies",82.0,0,2,6.0
TV Show,The Kirlian Frequency,2017,TV-14,"International TV Shows, Spanish-Language TV Shows, TV Horror",0.0,1,3,9.0
Movie,Ugly Aur Pagli,2008,TV-14,"Comedies, International Movies, Romantic Movies",115.0,0,2,4.0
Movie,Yucatán,2018,TV-MA,"Comedies, International Movies",130.0,0,2,6.0
TV Show,Barbie Dreamhouse Adventures,2018,TV-Y,Kids' TV,0.0,3,3,4.0
Movie,"Ken Jeong: You Complete Me, Ho",2019,TV-MA,Stand-Up Comedy,62.0,0,2,5.0
TV Show,Velvet Colección,2018,TV-14,"International TV Shows, Romantic TV Shows, Spanish-Language TV Shows",0.0,2,3,12.0
Movie,Period. End of Sentence.,2018,TV-PG,Documentaries,26.0,0,2,8.0
TV Show,Iron Ladies,2018,TV-14,"International TV Shows, Romantic TV Shows, TV Dramas",0.0,1,3,10.0
TV Show,The Break,2018,TV-MA,"Crime TV Shows, International TV Shows, TV Dramas",0.0,2,3,2.0
Movie,High Flying Bird,2019,TV-MA,"Dramas, Sports Movies",91.0,0,2,3.0
Movie,Kevin Hart's Guide to Black History,2019,TV-PG,"Children & Family Movies, Comedies",63.0,0,2,16.0
TV Show,One Day at a Time,2019,TV-PG,TV Comedies,0.0,3,3,8.0
Movie,ReMastered: The Two Killings of Sam Cooke,2019,TV-MA,"Documentaries, Music & Musicals",74.0,0,2,17.0
Movie,The Tree of Blood,2018,TV-MA,"Dramas, Independent Movies, International Movies",136.0,0,2,7.0
TV Show,The Last of the Schmucks,2017,TV-MA,"International TV Shows, TV Comedies",0.0,1,3,15.0
TV Show,Hidden Worlds,2018,TV-14,"Crime TV Shows, International TV Shows, TV Dramas",0.0,1,3,10.0
TV Show,Live,2018,TV-MA,"Crime TV Shows, International TV Shows, Korean TV Shows",0.0,1,3,11.0
Movie,"Ray Romano: Right Here, Around the Corner",2019,TV-MA,Stand-Up Comedy,59.0,0,2,5.0
TV Show,Safe,2018,TV-MA,"British TV Shows, Crime TV Shows, International TV Shows",0.0,1,3,11.0
TV Show,Tayee,2018,TV-MA,"International TV Shows, TV Dramas",0.0,1,3,2.0
TV Show,Violet Evergarden,2018,TV-14,"Anime Series, International TV Shows, Romantic TV Shows",0.0,1,3,9.0
TV Show,Romance is a bonus book,2019,TV-14,"International TV Shows, Korean TV Shows, Romantic TV Shows",0.0,1,3,12.0
Movie,Await Further Instructions,2018,TV-MA,"Horror Movies, Sci-Fi & Fantasy",91.0,0,2,13.0
Movie,Manusangada,2017,TV-14,"Dramas, Independent Movies, International Movies",93.0,0,2,15.0
Movie,14 Minutes from Earth,2016,TV-MA,Documentaries,84.0,0,2,17.0
Movie,Dear Ex,2018,TV-MA,"Comedies, Dramas, International Movies",100.0,0,2,7.0
Movie,Free Rein: Valentine's Day,2019,TV-G,"Children & Family Movies, Dramas",51.0,0,2,16.0
Movie,Lego DC Comics: Batman Be-Leaguered,2014,TV-Y7,Movies,22.0,0,2,16.0
Movie,LEGO Marvel Super Heroes: Black Panther,2018,TV-Y7,Children & Family Movies,22.0,0,2,16.0
Movie,LEGO Marvel Super Heroes: Guardians of the Galaxy,2017,TV-Y,Children & Family Movies,22.0,0,2,16.0
TV Show,Littlest Pet Shop: A World of Our Own,2018,TV-Y7,Kids' TV,0.0,2,3,13.0
TV Show,Russian Doll,2019,TV-MA,"TV Comedies, TV Dramas",0.0,1,3,15.0
TV Show,Sparta,2018,TV-MA,"Crime TV Shows, International TV Shows, TV Dramas",0.0,1,3,2.0
TV Show,Sword Art Online Alternative: Gun Gale Online,2018,TV-MA,"Anime Series, International TV Shows",0.0,1,3,9.0
Movie,True: Happy Hearts Day,2019,TV-Y,Children & Family Movies,24.0,0,2,16.0
Movie,Velvet Buzzsaw,2019,R,"Dramas, Thrillers",113.0,0,2,10.0
Movie,Hantu Kak Limah,2018,TV-PG,"Comedies, Horror Movies, International Movies",110.0,0,2,1.0
Movie,Love Off the Cuff,2017,TV-MA,"Comedies, Dramas, International Movies",120.0,0,2,7.0
TV Show,Paprika,2018,TV-Y,Kids' TV,0.0,1,3,4.0
Movie,Maharaja: The Story of Ranjit Singh,2010,TV-14,"Dramas, International Movies",56.0,0,2,15.0
Movie,Virsa,2010,TV-14,"Dramas, International Movies, Music & Musicals",127.0,0,2,15.0
Movie,Bhasmasur,2017,TV-14,"Dramas, Independent Movies, International Movies",74.0,0,2,15.0
Movie,"Gabriel ""Fluffy"" Iglesias: One Show Fits All",2019,TV-14,Stand-Up Comedy,91.0,0,2,5.0
Movie,High Society,2018,TV-MA,"Dramas, International Movies",137.0,0,2,7.0
Movie,Up Among  The Stars,2018,TV-MA,"Dramas, International Movies, Sci-Fi & Fantasy",86.0,0,2,7.0
Movie,Alt-Right: Age of Rage,2018,TV-MA,Documentaries,106.0,0,2,17.0
Movie,Habibie & Ainun,2012,TV-14,"Dramas, International Movies, Romantic Movies",125.0,0,2,15.0
Movie,Nathicharami,2018,TV-MA,"Dramas, Independent Movies, International Movies",114.0,0,2,7.0
Movie,Rudy Habibie,2016,TV-14,"Dramas, International Movies",143.0,0,2,15.0
Movie,Surga Yang Tak Dirindukan,2015,TV-14,"Dramas, Faith & Spirituality, International Movies",121.0,0,2,15.0
Movie,Surga Yang Tak Dirindukan 2,2017,TV-14,"Dramas, Faith & Spirituality, International Movies",119.0,0,2,15.0
TV Show,A Taiwanese Tale of Two Cities,2018,TV-MA,"International TV Shows, TV Dramas",0.0,1,3,2.0
TV Show,Z Nation,2018,TV-MA,"TV Action & Adventure, TV Comedies, TV Horror",0.0,5,0,0.0
Movie,Goyo: The Boy General,2018,TV-MA,"Dramas, International Movies",150.0,0,2,7.0
Movie,Animas,2018,TV-MA,"Horror Movies, International Movies",88.0,0,2,13.0
TV Show,Black Earth Rising,2018,TV-MA,"British TV Shows, International TV Shows, TV Dramas",0.0,1,3,2.0
TV Show,Club of Crows,2019,TV-MA,"International TV Shows, Spanish-Language TV Shows, TV Comedies",0.0,4,0,0.0
TV Show,Examination of Conscience,2019,TV-MA,"Crime TV Shows, Docuseries, International TV Shows",0.0,1,3,14.0
Movie,Mi Obra Maestra,2018,TV-MA,"Comedies, International Movies",105.0,0,2,6.0
Movie,Polar,2019,TV-MA,"Action & Adventure, International Movies",119.0,0,2,13.0
TV Show,The Perfect Match,2017,TV-14,"International TV Shows, Romantic TV Shows, TV Comedies",0.0,1,3,17.0
TV Show,Conversations with a Killer: The Ted Bundy Tapes,2019,TV-MA,"Crime TV Shows, Docuseries",0.0,1,3,14.0
Movie,Just Love,2018,TV-MA,"Dramas, International Movies, Music & Musicals",96.0,0,2,7.0
TV Show,Innocent,2017,TV-MA,"Crime TV Shows, International TV Shows, TV Dramas",0.0,1,3,2.0
Movie,Close,2019,TV-MA,"Action & Adventure, International Movies",95.0,0,2,13.0
Movie,FYRE: The Greatest Party That Never Happened,2019,TV-MA,Documentaries,98.0,0,2,17.0
Movie,IO,2019,TV-14,"Dramas, Sci-Fi & Fantasy",96.0,0,2,15.0
TV Show,Marvel's The Punisher,2019,TV-MA,"Crime TV Shows, TV Action & Adventure, TV Thrillers",0.0,2,3,16.0
TV Show,Memory Love,2017,TV-14,"International TV Shows, Romantic TV Shows, TV Dramas",0.0,1,3,10.0
Movie,Old Lord Savanna,2018,TV-14,"Documentaries, International Movies",96.0,0,2,12.0
Movie,Patria,2019,TV-MA,"Documentaries, International Movies",90.0,0,2,17.0
Movie,Soni,2018,TV-MA,"Dramas, Independent Movies, International Movies",97.0,0,2,7.0
TV Show,The World's Most Extraordinary Homes,2019,TV-G,"British TV Shows, Docuseries, International TV Shows",0.0,3,3,8.0
TV Show,Trigger Warning with Killer Mike,2019,TV-MA,"Docuseries, Stand-Up Comedy & Talk Shows",0.0,1,3,14.0
Movie,Abducted in Plain Sight,2017,TV-14,Documentaries,90.0,0,2,12.0
Movie,"Abdullah, The Final Witness",2016,TV-14,"Dramas, International Movies",88.0,0,2,15.0
Movie,Adhugo,2018,TV-14,"Comedies, Independent Movies, International Movies",105.0,0,2,4.0
Movie,Echcharikkai,2018,TV-14,"International Movies, Thrillers",127.0,0,2,0.0
TV Show,Lavender,2002,TV-14,"International TV Shows, Romantic TV Shows, TV Dramas",0.0,1,3,18.0
Movie,Pandigai,2017,TV-MA,"Action & Adventure, Dramas, International Movies",125.0,0,2,7.0
Movie,Pari,2018,TV-14,"Horror Movies, International Movies",116.0,0,2,0.0
Movie,Revenger,2018,TV-MA,"Action & Adventure, International Movies",102.0,0,2,13.0
Movie,Sebastian Maniscalco: Stay Hungry,2019,TV-MA,Stand-Up Comedy,65.0,0,2,5.0
Movie,The Doll,2016,TV-MA,"Horror Movies, International Movies",106.0,0,2,13.0
Movie,The Doll 2,2017,TV-MA,"Horror Movies, International Movies",117.0,0,2,13.0
TV Show,La Grande Chaumière Violette,2016,TV-14,"International TV Shows, TV Dramas",0.0,1,3,10.0
Movie,Baazaar,2018,TV-MA,"Dramas, International Movies",136.0,0,2,7.0
Movie,All of You,2017,TV-MA,"Comedies, Dramas, International Movies",104.0,0,2,7.0
TV Show,Back with the Ex,2018,TV-MA,"International TV Shows, Reality TV, Romantic TV Shows",0.0,1,3,5.0
TV Show,Friends from College,2019,TV-MA,"Romantic TV Shows, TV Comedies",0.0,2,3,15.0
TV Show,Hardy Bucks,2018,TV-MA,TV Comedies,0.0,4,0,0.0
TV Show,Horrid Henry,2019,TV-Y7,"British TV Shows, Kids' TV, TV Comedies",0.0,2,3,13.0
Movie,ReMastered: Massacre at the Stadium,2019,TV-MA,"Documentaries, Music & Musicals",65.0,0,2,17.0
Movie,Solo,2018,TV-MA,"Dramas, Independent Movies, International Movies",91.0,0,2,7.0
Movie,The Last Laugh,2019,TV-MA,"Comedies, Dramas",99.0,0,2,3.0
TV Show,Pocoyo,2017,TV-Y,"Kids' TV, Spanish-Language TV Shows",0.0,4,0,0.0
TV Show,When Heroes Fly,2018,TV-MA,"International TV Shows, TV Action & Adventure, TV Dramas",0.0,1,3,2.0
Movie,GODZILLA The Planet Eater,2018,TV-PG,"Action & Adventure, Anime Features, International Movies",91.0,0,2,1.0
Movie,Next Enti?,2018,TV-14,"Comedies, Dramas, International Movies",117.0,0,2,4.0
Movie,Komola Rocket,2018,TV-14,"Dramas, Independent Movies, International Movies",95.0,0,2,15.0
Movie,Nang Nak,1999,TV-MA,"Horror Movies, International Movies, Romantic Movies",101.0,0,1,1.0
Movie,And Breathe Normally,2018,TV-14,"Dramas, Independent Movies, International Movies",102.0,0,2,15.0
Movie,El Potro: Unstoppable,2018,TV-MA,"Dramas, International Movies, Music & Musicals",122.0,0,2,7.0
Movie,Lionheart,2018,TV-PG,"Comedies, Dramas, Independent Movies",95.0,0,2,1.0
TV Show,See You in Time,2017,TV-14,"International TV Shows, Romantic TV Shows, TV Dramas",0.0,1,3,10.0
TV Show,Déjà Vu,2013,TV-14,"International TV Shows, Romantic TV Shows, TV Dramas",0.0,1,3,10.0
Movie,Monty Python and the Holy Grail,1975,PG,"Action & Adventure, Classic Movies, Comedies",92.0,0,1,0.0
TV Show,A Series of Unfortunate Events,2019,TV-PG,"Kids' TV, TV Action & Adventure, TV Comedies",0.0,3,3,8.0
Movie,Back to the 90s,2015,TV-14,"Comedies, International Movies, Music & Musicals",111.0,0,2,4.0
TV Show,COMEDIANS of the world,2019,TV-MA,"Stand-Up Comedy & Talk Shows, TV Comedies",0.0,13,0,1.0
Movie,Merku Thodarchi Malai,2018,TV-MA,"Dramas, Independent Movies, International Movies",115.0,0,2,7.0
Movie,Moshe Kasher: Live in Oakland,2012,TV-MA,Stand-Up Comedy,61.0,0,2,5.0
Movie,Pokémon the Movie: I Choose You!,2017,TV-Y7,"Anime Features, Children & Family Movies",97.0,0,2,16.0
Movie,Puriyatha Puthir,2017,TV-MA,"International Movies, Thrillers",120.0,0,2,13.0
Movie,Taramani,2017,TV-MA,"Dramas, Independent Movies, International Movies",148.0,0,2,7.0
TV Show,The Paper,2018,TV-MA,"International TV Shows, TV Dramas",0.0,2,3,2.0
TV Show,Tidying Up with Marie Kondo,2019,TV-PG,Reality TV,0.0,1,3,5.0
Movie,Whitney Cummings: Money Shot,2010,TV-MA,Stand-Up Comedy,48.0,0,2,5.0
Movie,Bill Hicks: One Night Stand,1991,TV-MA,Stand-Up Comedy,28.0,0,1,1.0
Movie,Bill Hicks: Reflections,2015,TV-MA,Documentaries,34.0,0,2,17.0
Movie,Bill Hicks: Relentless,1992,TV-MA,Stand-Up Comedy,61.0,0,1,1.0
Movie,Bill Hicks: Revelations,1993,TV-MA,Stand-Up Comedy,56.0,0,1,1.0
Movie,Bill Hicks: Sane Man,1989,TV-MA,Stand-Up Comedy,81.0,0,1,1.0
Movie,Gina Yashere: Laughing to America,2013,TV-MA,Stand-Up Comedy,68.0,0,2,5.0
Movie,Gina Yashere: Skinny B*tch,2008,TV-MA,Stand-Up Comedy,58.0,0,2,5.0
Movie,Mexicanos de Bronce,2016,TV-MA,"Documentaries, International Movies, Music & Musicals",100.0,0,2,17.0
Movie,Sam Kinison: Breaking the Rules,1987,TV-MA,Stand-Up Comedy,50.0,0,1,1.0
Movie,Sam Kinison: Family Entertainment Hour,1991,TV-MA,Stand-Up Comedy,49.0,0,1,1.0
Movie,Sam Kinison: Live in Vegas,1991,TV-MA,Stand-Up Comedy,71.0,0,1,1.0
Movie,Sam Kinison: The Scream Continues,2016,TV-MA,Documentaries,29.0,0,2,17.0
Movie,Secrets in the Hot Spring,2018,TV-14,"Comedies, Horror Movies, International Movies",108.0,0,2,4.0
Movie,Taylor Swift reputation Stadium Tour,2018,TV-PG,Music & Musicals,125.0,0,2,1.0
Movie,The Seven Deadly Sins the Movie: Prisoners of the Sky,2018,TV-14,"Action & Adventure, Anime Features, International Movies",100.0,0,2,0.0
Movie,Tim Allen: Men Are Pigs,1990,TV-MA,Stand-Up Comedy,30.0,0,1,1.0
Movie,Tim Allen: ReWires America,1991,TV-MA,Stand-Up Comedy,30.0,0,1,1.0
Movie,Tim Minchin And The Heritage Orchestra Live,2011,TV-MA,"Music & Musicals, Stand-Up Comedy",146.0,0,2,5.0
Movie,Tim Minchin: So F**king Rock,2008,TV-MA,"Music & Musicals, Stand-Up Comedy",127.0,0,2,5.0
Movie,Todd Glass: Stand-Up Special,2012,TV-MA,Stand-Up Comedy,46.0,0,2,5.0
Movie,Tom Papa Live in New York City,2011,TV-14,Stand-Up Comedy,57.0,0,2,5.0
TV Show,Pioneers: First Women Filmmakers*,1925,TV-14,TV Shows,0.0,1,1,0.0
TV Show,In Family We Trust,2018,TV-MA,"Crime TV Shows, International TV Shows, TV Dramas",0.0,1,3,2.0
Movie,A Twelve Year Night,2018,TV-MA,"Dramas, International Movies",122.0,0,2,7.0
Movie,Black Mirror: Bandersnatch,2018,TV-MA,"Dramas, International Movies, Sci-Fi & Fantasy",312.0,0,2,7.0
TV Show,Hashoter Hatov,2015,TV-MA,"Crime TV Shows, International TV Shows, TV Comedies",0.0,1,3,15.0
Movie,Life Ki Toh Lag Gayi,2012,TV-MA,"Action & Adventure, Comedies, Dramas",109.0,0,2,3.0
TV Show,Murder Mountain,2018,TV-MA,"Crime TV Shows, Docuseries",0.0,1,3,14.0
TV Show,Selection Day,2018,TV-14,"International TV Shows, TV Dramas, Teen TV Shows",0.0,1,3,10.0
Movie,The Birth Reborn 3,2018,TV-14,"Documentaries, International Movies",73.0,0,2,12.0
Movie,When Angels Sleep,2018,TV-MA,"Dramas, International Movies, Thrillers",96.0,0,2,7.0
TV Show,Stand Up and Away! with Brian Regan,2018,TV-PG,"Stand-Up Comedy & Talk Shows, TV Comedies",0.0,1,3,0.0
TV Show,Way Back into Love,2011,TV-14,"International TV Shows, Romantic TV Shows, TV Comedies",0.0,1,3,17.0
TV Show,Watership Down,2018,TV-PG,"British TV Shows, International TV Shows, TV Action & Adventure",0.0,1,3,0.0
TV Show,Demon's Path,2018,TV-14,"Crime TV Shows, International TV Shows, TV Dramas",0.0,1,3,10.0
TV Show,People Just Do Nothing,2018,TV-MA,"British TV Shows, TV Comedies",0.0,5,0,0.0
TV Show,Single Ladies Senior,2018,TV-MA,"International TV Shows, Romantic TV Shows, TV Dramas",0.0,1,3,2.0
TV Show,7 Days Out,2018,TV-PG,Docuseries,0.0,1,3,7.0
Movie,Bad Seeds,2018,TV-MA,"Comedies, Dramas, International Movies",105.0,0,2,7.0
Movie,Bird Box,2018,R,"Dramas, Sci-Fi & Fantasy, Thrillers",124.0,0,2,10.0
TV Show,Jojo's World,2017,TV-14,"International TV Shows, Romantic TV Shows, TV Comedies",0.0,1,3,17.0
TV Show,LAST HOPE,2018,TV-14,"Anime Series, International TV Shows",0.0,2,3,9.0
TV Show,Lion Pride,2017,TV-MA,"International TV Shows, Romantic TV Shows, TV Comedies",0.0,1,3,15.0
TV Show,Love @ Seventeen,2016,TV-14,"International TV Shows, Romantic TV Shows, TV Dramas",0.0,1,3,10.0
TV Show,Perfume,2018,TV-MA,"Crime TV Shows, International TV Shows, TV Dramas",0.0,1,3,2.0
TV Show,Sirius the Jaeger,2018,TV-MA,"Anime Series, International TV Shows, TV Thrillers",0.0,1,3,9.0
Movie,Struggle: The Life and Lost Art of Szukalski,2018,TV-MA,Documentaries,105.0,0,2,17.0
TV Show,Wolf,2018,TV-MA,"International TV Shows, TV Action & Adventure, TV Dramas",0.0,1,3,2.0
Movie,23:59,2011,R,"Horror Movies, International Movies",78.0,0,2,11.0
Movie,Aggretsuko: We Wish You a Metal Christmas,2018,TV-PG,Movies,22.0,0,2,8.0
TV Show,Fate/stay night: Unlimited Blade Works,2015,TV-14,"Anime Series, International TV Shows",0.0,2,3,9.0
Movie,Imperfect,2012,TV-MA,"Action & Adventure, International Movies",95.0,0,2,13.0
Movie,Lang Tong,2015,TV-MA,"International Movies, Thrillers",82.0,0,2,13.0
Movie,Miss J Contemplates Her Choice,2014,TV-MA,"Dramas, International Movies, Thrillers",89.0,0,2,7.0
Movie,Ascharyachakit!,2018,TV-MA,"Dramas, Independent Movies, International Movies",90.0,0,2,7.0
TV Show,Ellen DeGeneres: Relatable,2018,TV-MA,"Stand-Up Comedy & Talk Shows, TV Comedies",0.0,1,3,15.0
Movie,Lilli,2018,TV-MA,"Dramas, Independent Movies, International Movies",85.0,0,2,7.0
Movie,Prince of Peoria: A Christmas Moose Miracle,2018,TV-G,"Children & Family Movies, Comedies",29.0,0,2,16.0
Movie,Andhadhun,2018,TV-14,"Comedies, Dramas, International Movies",137.0,0,2,4.0
TV Show,Ashes of Love,2018,TV-14,"International TV Shows, Romantic TV Shows, TV Comedies",0.0,1,3,17.0
Movie,Dragons: Dawn of the Dragon Racers,2014,TV-PG,"Children & Family Movies, Comedies",27.0,0,2,16.0
TV Show,DreamWorks Holiday Classics,2011,TV-PG,"Kids' TV, TV Comedies",0.0,1,3,0.0
Movie,Kill the Messenger,2014,R,"Dramas, Thrillers",112.0,0,2,10.0
Movie,Maps to the Stars,2014,R,"Comedies, Dramas",112.0,0,2,10.0
Movie,Springsteen on Broadway,2018,TV-MA,Music & Musicals,153.0,0,2,13.0
Movie,The Theory of Everything,2014,PG-13,"Dramas, Romantic Movies",123.0,0,2,9.0
Movie,F.R.E.D.I.,2018,TV-PG,"Children & Family Movies, Sci-Fi & Fantasy",90.0,0,2,2.0
TV Show,Flowers,2018,TV-MA,"British TV Shows, International TV Shows, TV Comedies",0.0,2,3,15.0
Movie,Kita Kita,2017,TV-14,"Comedies, Dramas, International Movies",84.0,0,2,4.0
Movie,Once in a Lifetime Sessions with George Ezra,2018,TV-MA,"Documentaries, Music & Musicals",78.0,0,2,17.0
Movie,Once in a Lifetime Sessions with Kasabian,2018,TV-MA,"Documentaries, Music & Musicals",79.0,0,2,17.0
Movie,Once in a Lifetime Sessions with OneRepublic,2018,TV-PG,"Documentaries, Music & Musicals",73.0,0,2,8.0
Movie,Once in a Lifetime Sessions with Snow Patrol,2018,TV-MA,"Documentaries, Music & Musicals",83.0,0,2,17.0
Movie,Sad Hill Unearthed,2017,TV-14,"Documentaries, International Movies",83.0,0,2,12.0
Movie,Vanjagar Ulagam,2018,TV-MA,"Dramas, International Movies, Thrillers",145.0,0,2,7.0
TV Show,Hymn of Death,2018,TV-14,"International TV Shows, Korean TV Shows, Romantic TV Shows",0.0,1,3,12.0
TV Show,Inside the Real Narcos,2018,TV-MA,"British TV Shows, Crime TV Shows, Docuseries",0.0,1,3,14.0
Movie,ROMA,2018,R,"Dramas, Independent Movies, International Movies",135.0,0,2,10.0
TV Show,The Fix,2018,TV-MA,TV Comedies,0.0,1,3,15.0
TV Show,The Innocent Man,2018,TV-MA,"Crime TV Shows, Docuseries",0.0,1,3,14.0
TV Show,Tidelands,2018,TV-MA,"Crime TV Shows, International TV Shows, TV Dramas",0.0,1,3,2.0
TV Show,Travelers,2018,TV-MA,"Crime TV Shows, International TV Shows, TV Dramas",0.0,3,3,16.0
TV Show,Voltron: Legendary Defender,2018,TV-Y7,Kids' TV,0.0,8,0,1.0
TV Show,Back Street Girls -GOKUDOLS-,2018,TV-MA,"Anime Series, International TV Shows",0.0,1,3,9.0
Movie,"Out of Many, One",2018,TV-PG,Documentaries,35.0,0,2,8.0
Movie,Vir Das: Losing It,2018,TV-MA,Stand-Up Comedy,68.0,0,2,5.0
Movie,5 Star Christmas,2018,TV-14,"Comedies, International Movies",96.0,0,2,4.0
TV Show,Dogs of Berlin,2018,TV-MA,"Crime TV Shows, International TV Shows, TV Dramas",0.0,1,3,2.0
Movie,Dumplin',2018,PG-13,"Comedies, Dramas, Independent Movies",110.0,0,2,9.0
Movie,Free Rein: The Twelve Neighs of Christmas,2018,TV-G,"Children & Family Movies, Dramas",58.0,0,2,16.0
Movie,Mowgli: Legend of the Jungle,2018,PG-13,"Action & Adventure, Children & Family Movies, Dramas",105.0,0,2,9.0
TV Show,Neo Yokio,2018,TV-MA,"TV Comedies, TV Sci-Fi & Fantasy, Teen TV Shows",0.0,2,3,15.0
TV Show,Pine Gap,2018,TV-MA,"International TV Shows, TV Dramas",0.0,1,3,2.0
Movie,ReMastered: Who Killed Jam Master Jay?,2018,TV-MA,"Documentaries, Music & Musicals",59.0,0,2,17.0
Movie,Super Monsters and the Wish Star,2018,TV-Y,Children & Family Movies,28.0,0,2,16.0
Movie,The American Meme,2018,TV-MA,Documentaries,98.0,0,2,17.0
Movie,RUSSELL BRAND: RE:BIRTH,2018,TV-MA,Stand-Up Comedy,63.0,0,2,5.0
TV Show,The Sound of Your Heart: Reboot,2018,TV-14,"International TV Shows, Korean TV Shows, TV Comedies",0.0,2,3,17.0
TV Show,Memories of the Alhambra,2018,TV-MA,"Crime TV Shows, International TV Shows, Korean TV Shows",0.0,1,3,11.0
Movie,Teefa in Trouble,2018,TV-14,"Action & Adventure, Comedies, International Movies",155.0,0,2,4.0
Movie,A Beautiful Life,2011,TV-14,"Dramas, International Movies, Romantic Movies",122.0,0,2,15.0
Movie,Accident,2009,TV-MA,"International Movies, Thrillers",87.0,0,2,13.0
Movie,"Ayotzinapa, el paso de la tortuga",2018,TV-MA,"Documentaries, International Movies",73.0,0,2,17.0
Movie,Battle,2018,TV-MA,"Dramas, International Movies, Romantic Movies",98.0,0,2,7.0
Movie,Blind Detective,2013,TV-MA,"Action & Adventure, Comedies, International Movies",130.0,0,2,6.0
Movie,Break Up 100,2014,TV-14,"Comedies, International Movies, Romantic Movies",105.0,0,2,4.0
Movie,Chal Bhaag,2014,TV-14,"Comedies, Dramas, International Movies",110.0,0,2,4.0
Movie,Crossroads: One Two Jaga,2018,TV-14,"Dramas, International Movies",81.0,0,2,15.0
Movie,Don't Go Breaking My Heart,2011,TV-PG,"Comedies, International Movies, Romantic Movies",115.0,0,2,1.0
Movie,Don't Go Breaking My Heart 2,2014,TV-14,"Comedies, International Movies, Romantic Movies",113.0,0,2,4.0
Movie,Faraar,2015,TV-14,"Action & Adventure, Dramas, International Movies",146.0,0,2,15.0
TV Show,Haunted House,2017,TV-G,"Kids' TV, Korean TV Shows",0.0,1,3,13.0
Movie,Helios,2015,TV-14,"Action & Adventure, International Movies",118.0,0,2,0.0
Movie,Line Walker,2016,TV-MA,"Action & Adventure, Dramas, International Movies",109.0,0,2,7.0
Movie,Look for a Star,2009,TV-14,"Comedies, International Movies, Romantic Movies",117.0,0,2,4.0
Movie,Oddbods: The Festive Menace,2018,TV-Y,Movies,23.0,0,2,16.0
Movie,Once a Gangster,2010,TV-MA,"Action & Adventure, Comedies, International Movies",95.0,0,2,6.0
Movie,Power Paandi,2017,TV-MA,"Dramas, Independent Movies, International Movies",124.0,0,2,7.0
Movie,Roll With Me,2017,TV-MA,"Documentaries, Sports Movies",90.0,0,2,17.0
Movie,SDU: Sex Duties Unit,2013,TV-MA,"Comedies, International Movies",96.0,0,2,6.0
Movie,Set Off,2008,TV-MA,"Dramas, International Movies",96.0,0,2,7.0
TV Show,1983,2018,TV-MA,"Crime TV Shows, International TV Shows, TV Dramas",0.0,1,3,2.0
Movie,A Christmas Prince: The Royal Wedding,2018,TV-PG,"Children & Family Movies, Dramas, Romantic Movies",93.0,0,2,1.0
Movie,Angela's Christmas,2018,TV-Y,Children & Family Movies,30.0,0,2,16.0
TV Show,Death by Magic,2018,TV-PG,Reality TV,0.0,1,3,5.0
Movie,El club de los insomnes,2018,TV-MA,"Dramas, International Movies",82.0,0,2,7.0
Movie,Happy as Lazzaro,2018,PG-13,"Dramas, Independent Movies, International Movies",127.0,0,2,9.0
TV Show,Love and Fortune,2018,TV-MA,"International TV Shows, Romantic TV Shows, TV Dramas",0.0,1,3,2.0
Movie,Manto,2018,TV-MA,"Dramas, Independent Movies, International Movies",114.0,0,2,7.0
Movie,Rajma Chawal,2018,TV-MA,"Comedies, Dramas, International Movies",119.0,0,2,7.0
TV Show,Spy Kids: Mission Critical,2018,TV-Y7,Kids' TV,0.0,2,3,13.0
Movie,The World Is Yours,2018,TV-MA,"Action & Adventure, Comedies, International Movies",101.0,0,2,6.0
Movie,Time Share,2018,TV-MA,"Dramas, Independent Movies, International Movies",96.0,0,2,7.0
TV Show,Bumping Mics with Jeff Ross & Dave Attell,2018,TV-MA,"Stand-Up Comedy & Talk Shows, TV Comedies",0.0,1,3,15.0
TV Show,Minecraft: Story Mode,2015,TV-PG,Kids' TV,0.0,1,3,0.0
Movie,My Little Pony Friendship Is Magic: Best Gift Ever,2018,TV-Y,Children & Family Movies,44.0,0,2,16.0
TV Show,Frontier,2018,TV-MA,"International TV Shows, TV Action & Adventure, TV Dramas",0.0,3,3,16.0
TV Show,Fugitiva,2018,TV-MA,"Crime TV Shows, International TV Shows, Spanish-Language TV Shows",0.0,1,3,11.0
TV Show,Sick Note,2018,TV-MA,"British TV Shows, International TV Shows, TV Comedies",0.0,2,3,15.0
TV Show,Mystery Science Theater 3000: The Return,2018,TV-14,"TV Comedies, TV Sci-Fi & Fantasy",0.0,2,3,17.0
Movie,The Christmas Chronicles,2018,TV-PG,"Children & Family Movies, Comedies",104.0,0,2,2.0
Movie,The Tribe,2018,TV-MA,"Comedies, International Movies",91.0,0,2,6.0
TV Show,Kulipari: Dream Walker,2018,TV-Y7,Kids' TV,0.0,1,3,13.0
TV Show,Paap-O-Meter,2017,TV-Y7,"Kids' TV, TV Comedies",0.0,1,3,13.0
Movie,Puppy Star Christmas,2018,PG,"Children & Family Movies, Comedies",91.0,0,2,2.0
Movie,Sabrina,2018,TV-MA,"Horror Movies, International Movies",114.0,0,2,13.0
Movie,Target,2018,TV-14,"Comedies, Horror Movies, International Movies",91.0,0,2,4.0
TV Show,The Final Table,2018,TV-PG,Reality TV,0.0,1,3,5.0
Movie,Trevor Noah: Son of Patricia,2018,TV-MA,Stand-Up Comedy,64.0,0,2,5.0
Movie,The Pixar Story,2007,G,Documentaries,89.0,0,2,18.0
TV Show,Eternal Love,2017,TV-14,"International TV Shows, Romantic TV Shows, TV Dramas",0.0,1,3,10.0
TV Show,La Doña,2016,TV-14,"Spanish-Language TV Shows, TV Dramas",0.0,1,3,10.0
TV Show,Silvana Sin Lana,2016,TV-14,"Romantic TV Shows, Spanish-Language TV Shows, TV Comedies",0.0,1,3,17.0
Movie,Cam,2018,TV-MA,"Horror Movies, Independent Movies, Thrillers",95.0,0,2,13.0
Movie,Nothing to Hide,2018,TV-MA,"Comedies, Dramas, International Movies",94.0,0,2,7.0
TV Show,Ponysitters Club,2018,TV-G,"Kids' TV, TV Dramas",0.0,2,3,13.0
Movie,The Ballad of Buster Scruggs,2018,R,"Comedies, Dramas",133.0,0,2,10.0
Movie,The Princess Switch,2018,TV-G,"Children & Family Movies, Dramas, Romantic Movies",102.0,0,2,2.0
TV Show,Vai Anitta,2018,TV-MA,"Docuseries, International TV Shows, Reality TV",0.0,1,3,14.0
Movie,Aalorukkam,2018,TV-PG,"Dramas, Independent Movies, International Movies",122.0,0,2,1.0
TV Show,Beyblade Burst Evolution,2017,TV-Y,"Anime Series, Kids' TV",0.0,1,3,4.0
Movie,Christmas Wedding Planner,2017,PG,"Comedies, International Movies, Romantic Movies",86.0,0,2,6.0
Movie,Halkaa,2018,TV-14,"Comedies, Dramas, Independent Movies",111.0,0,2,4.0
Movie,May the Devil Take You,2018,TV-MA,"Horror Movies, International Movies",111.0,0,2,13.0
Movie,Muzaffarnagar Baaqi Hai,2015,TV-MA,"Documentaries, International Movies",136.0,0,2,17.0
Movie,Odu Raja Odu,2018,TV-14,"Comedies, Independent Movies, International Movies",121.0,0,2,4.0
Movie,Savita Damodar Paranjpe,2018,TV-14,"Horror Movies, International Movies",119.0,0,2,0.0
Movie,The Giant,2017,TV-14,"Dramas, International Movies",115.0,0,2,15.0
Movie,BuyBust,2018,TV-MA,"Action & Adventure, International Movies",128.0,0,2,13.0
Movie,Loudon Wainwright III: Surviving Twin,2018,TV-14,Music & Musicals,92.0,0,2,12.0
TV Show,Warrior,2018,TV-MA,"Crime TV Shows, International TV Shows, TV Dramas",0.0,1,3,2.0
TV Show,Age of Tanks,2017,TV-PG,"Docuseries, International TV Shows, Science & Nature TV",0.0,1,3,3.0
Movie,"All's Well, End's Well (2009)",2009,TV-14,"Comedies, International Movies, Romantic Movies",99.0,0,2,4.0
Movie,Lommbock,2017,TV-MA,"Comedies, International Movies",106.0,0,2,6.0
TV Show,Medal of Honor,2018,TV-MA,"Docuseries, TV Dramas",0.0,1,3,14.0
Movie,Outlaw King,2018,R,"Action & Adventure, Dramas",122.0,0,2,10.0
TV Show,Super Drags,2018,TV-MA,"International TV Shows, TV Comedies",0.0,1,3,15.0
TV Show,The Queen of Flow,2018,TV-MA,"Crime TV Shows, International TV Shows, Spanish-Language TV Shows",0.0,1,3,11.0
TV Show,Treehouse Detectives,2018,TV-Y,"Kids' TV, TV Thrillers",0.0,2,3,4.0
TV Show,Westside,2018,TV-MA,Reality TV,0.0,1,3,5.0
TV Show,Transfers,2017,TV-MA,"Crime TV Shows, International TV Shows, TV Sci-Fi & Fantasy",0.0,1,3,11.0
TV Show,Damnation,2017,TV-MA,"Crime TV Shows, TV Dramas",0.0,1,3,2.0
Movie,Bucket List,2018,TV-14,"Dramas, International Movies",129.0,0,2,15.0
Movie,John Leguizamo's Latin History for Morons,2018,TV-MA,Stand-Up Comedy,90.0,0,2,5.0
TV Show,Kopitiam,2003,TV-14,"International TV Shows, TV Comedies",0.0,7,0,1.0
Movie,Ana e Vitória,2018,TV-MA,"Comedies, International Movies, LGBTQ Movies",116.0,0,2,6.0
TV Show,Brainchild,2018,TV-G,Kids' TV,0.0,1,3,13.0
Movie,ReMastered: Tricky Dick & The Man in Black,2018,TV-14,"Documentaries, Music & Musicals",59.0,0,2,12.0
Movie,The Holiday Calendar,2018,TV-G,"Dramas, Romantic Movies",95.0,0,2,9.0
Movie,The Other Side of the Wind,2018,R,"Classic Movies, Dramas, Independent Movies",122.0,0,2,10.0
Movie,They’ll Love Me When I’m Dead,2018,TV-MA,Documentaries,98.0,0,2,17.0
Movie,Aagey Se Right,2009,TV-14,"Comedies, International Movies, Music & Musicals",117.0,0,2,4.0
Movie,Aamir,2008,TV-14,"International Movies, Thrillers",95.0,0,2,0.0
Movie,ABCD 2,2015,TV-14,"Dramas, International Movies, Music & Musicals",146.0,0,2,15.0
Movie,ABCD: Any Body Can Dance,2013,TV-14,"Dramas, International Movies",136.0,0,2,15.0
Movie,Arjun: The Warrior Prince,2011,TV-14,"Action & Adventure, Dramas, International Movies",91.0,0,2,15.0
Movie,Asees,2018,TV-14,"Dramas, International Movies, Music & Musicals",123.0,0,2,15.0
Movie,Barfi!,2012,TV-14,"Comedies, Dramas, International Movies",144.0,0,2,4.0
Movie,Chance Pe Dance,2010,TV-14,"Comedies, Dramas, International Movies",121.0,0,2,4.0
Movie,Christmas With A View,2018,TV-PG,"International Movies, Romantic Movies",91.0,0,2,1.0
Movie,Chup Chup Ke,2006,TV-14,"Comedies, Dramas, International Movies",158.0,0,2,4.0
TV Show,Creators,2015,TV-Y,"Kids' TV, Spanish-Language TV Shows",0.0,2,3,4.0
Movie,Dhan Dhana Dhan Goal,2007,TV-14,"Dramas, International Movies, Music & Musicals",157.0,0,2,15.0
Movie,Dhoondte Reh Jaoge,2009,TV-14,"Comedies, International Movies, Music & Musicals",124.0,0,2,4.0
Movie,Do Dooni Chaar,2010,TV-PG,"Comedies, International Movies",106.0,0,2,1.0
Movie,Edge of Fear,2018,TV-MA,"Independent Movies, Thrillers",92.0,0,2,3.0
Movie,"Edmilson Filho: Notas, Comedy about Relationships",2017,TV-MA,Stand-Up Comedy,80.0,0,2,5.0
TV Show,Follow This,2018,TV-MA,Docuseries,0.0,3,3,16.0
Movie,Gaddar: the Traitor,2015,TV-14,"Dramas, International Movies, Thrillers",126.0,0,2,15.0
Movie,Ghanchakkar,2013,TV-MA,"Comedies, International Movies, Thrillers",129.0,0,2,6.0
Movie,Grandmaster,2012,TV-14,"International Movies, Thrillers",133.0,0,2,0.0
Movie,Hattrick,2007,TV-14,"Comedies, Dramas, International Movies",109.0,0,2,4.0
Movie,Heroine,2012,TV-MA,"Dramas, International Movies",143.0,0,2,7.0
Movie,Himmatwala,2013,TV-14,"Action & Adventure, Comedies, International Movies",140.0,0,2,4.0
Movie,Husbands in Goa,2012,TV-14,"Comedies, International Movies, Music & Musicals",150.0,0,2,4.0
Movie,Jatts in Golmaal,2013,TV-PG,"Comedies, International Movies, Music & Musicals",128.0,0,2,1.0
Movie,Kai Po Che!,2013,TV-MA,"Dramas, International Movies, Sports Movies",120.0,0,2,7.0
Movie,Kalakalappu,2012,TV-14,"Comedies, International Movies, Music & Musicals",154.0,0,2,4.0
Movie,Katt Williams: The Pimp Chronicles: Pt. 1,2006,TV-MA,Stand-Up Comedy,45.0,0,2,5.0
Movie,Katti Batti,2015,TV-14,"Comedies, Dramas, International Movies",132.0,0,2,4.0
Movie,Life in a ... Metro,2007,TV-14,"Dramas, International Movies, Music & Musicals",126.0,0,2,15.0
Movie,Marc Maron: Thinky Pain,2013,TV-MA,Stand-Up Comedy,95.0,0,2,5.0
Movie,Mumbai Meri Jaan,2008,TV-MA,"Dramas, International Movies",135.0,0,2,7.0
Movie,Mundeyan Ton Bachke Rahin,2014,TV-14,"Comedies, International Movies, Music & Musicals",139.0,0,2,4.0
Movie,No One Killed Jessica,2011,TV-MA,"Dramas, International Movies",131.0,0,2,7.0
Movie,Oye Lucky! Lucky Oye!,2008,TV-14,"Comedies, Dramas, International Movies",118.0,0,2,4.0
Movie,Paan Singh Tomar,2010,TV-14,"Action & Adventure, Dramas, International Movies",129.0,0,2,15.0
Movie,Raja Natwarlal,2014,TV-14,"Dramas, International Movies, Thrillers",131.0,0,2,15.0
Movie,Satyagraha,2013,TV-14,"Dramas, International Movies, Music & Musicals",146.0,0,2,15.0
Movie,Settai,2013,TV-14,"Comedies, International Movies, Music & Musicals",123.0,0,2,4.0
Movie,Sigaram Thodu,2014,TV-14,"Dramas, International Movies, Thrillers",141.0,0,2,15.0
Movie,Sommore: The Reign Continues,2015,TV-MA,Stand-Up Comedy,93.0,0,2,5.0
TV Show,The Great British Baking Show: The Beginnings,2012,TV-PG,"British TV Shows, Reality TV",0.0,1,3,5.0
Movie,The Untold Tales of Armistead Maupin,2017,TV-MA,"Documentaries, LGBTQ Movies",91.0,0,2,17.0
Movie,Vaya,2016,TV-MA,"Dramas, Independent Movies, International Movies",106.0,0,2,7.0
Movie,Welcome to Sajjanpur,2008,TV-14,"Comedies, Dramas, International Movies",131.0,0,2,4.0
Movie,Yeh Hai Bakrapur,2014,TV-PG,"Comedies, Dramas, Independent Movies",95.0,0,2,1.0
Movie,Zokkomon,2011,PG,"Children & Family Movies, Dramas",104.0,0,2,2.0
Movie,Gun City,2018,TV-MA,"Dramas, International Movies, Thrillers",126.0,0,2,7.0
Movie,Heneral Luna,2015,R,"Dramas, International Movies",118.0,0,2,10.0
TV Show,Fate/EXTRA Last Encore,2018,TV-MA,"Anime Series, International TV Shows",0.0,2,3,9.0
Movie,Dragon Tiger Gate,2006,TV-14,"Action & Adventure, International Movies",94.0,0,2,0.0
Movie,Been So Long,2018,TV-MA,"Dramas, International Movies, Music & Musicals",100.0,0,2,7.0
Movie,Dovlatov,2018,PG-13,"Dramas, International Movies",126.0,0,2,9.0
Movie,Jefe,2018,TV-MA,"Comedies, Dramas, International Movies",90.0,0,2,7.0
Movie,Santo Cachón,2018,TV-14,"Comedies, International Movies, Romantic Movies",87.0,0,2,4.0
Movie,Shirkers,2018,TV-14,Documentaries,97.0,0,2,12.0
TV Show,Terrorism Close Calls,2018,TV-MA,"Crime TV Shows, Docuseries, International TV Shows",0.0,1,3,14.0
Movie,W/O Ram,2018,TV-MA,"Dramas, International Movies, Thrillers",115.0,0,2,7.0
TV Show,DreamWorks Spooky Stories,2009,TV-PG,"Kids' TV, TV Comedies",0.0,1,3,0.0
TV Show,Great News,2017,TV-14,TV Comedies,0.0,2,3,17.0
Movie,Ronnie Coleman: The King,2018,TV-MA,Documentaries,93.0,0,2,17.0
Movie,Baahubali: The Beginning (English Version),2015,TV-14,"Action & Adventure, Dramas, International Movies",138.0,0,2,15.0
Movie,ADAM SANDLER 100% FRESH,2018,TV-MA,Stand-Up Comedy,74.0,0,2,5.0
TV Show,Here to Heart,2018,TV-14,"International TV Shows, Romantic TV Shows, TV Dramas",0.0,1,3,10.0
Movie,Scorpion King 5: Book of Souls,2018,PG-13,"Action & Adventure, Sci-Fi & Fantasy",102.0,0,2,14.0
TV Show,The Hollywood Masters,2017,TV-MA,Stand-Up Comedy & Talk Shows,0.0,3,3,16.0
Movie,How to Get Over a Breakup,2018,TV-MA,"Comedies, International Movies, Romantic Movies",104.0,0,2,6.0
TV Show,Accidentally in Love,2018,TV-14,"International TV Shows, Romantic TV Shows, TV Comedies",0.0,1,3,17.0
TV Show,Ask the Doctor,2017,TV-PG,"Docuseries, International TV Shows, Science & Nature TV",0.0,1,3,3.0
TV Show,Best.Worst.Weekend.Ever.,2018,TV-PG,"Kids' TV, TV Comedies",0.0,1,3,0.0
Movie,"Club de Cuervos Presents: I, Potro",2018,TV-MA,Movies,51.0,0,2,5.0
Movie,Derren Brown: Sacrifice,2018,TV-MA,Movies,50.0,0,2,5.0
Movie,Gnome Alone,2018,PG,"Children & Family Movies, Comedies",86.0,0,2,2.0
Movie,Illang: The Wolf Brigade,2018,TV-MA,"Action & Adventure, International Movies, Sci-Fi & Fantasy",140.0,0,2,13.0
TV Show,Making a Murderer,2018,TV-14,"Crime TV Shows, Docuseries",0.0,2,3,6.0
TV Show,Marvel's Daredevil,2018,TV-MA,"Crime TV Shows, TV Action & Adventure",0.0,3,3,16.0
Movie,Naa Bangaaru Talli,2013,TV-14,"Dramas, International Movies",122.0,0,2,15.0
Movie,Oddbods: Party Monsters,2018,TV-Y,Movies,23.0,0,2,16.0
TV Show,Project S The Series,2017,TV-MA,"International TV Shows, TV Dramas, Teen TV Shows",0.0,4,0,0.0
Movie,S Storm,2016,TV-MA,"Action & Adventure, International Movies",95.0,0,2,13.0
Movie,The Night Comes for Us,2018,TV-MA,"Action & Adventure, International Movies",121.0,0,2,13.0
TV Show,Wanderlust,2018,TV-MA,"British TV Shows, International TV Shows, Romantic TV Shows",0.0,1,3,11.0
Movie,Mr. Chandramouli,2018,TV-MA,"Dramas, International Movies, Thrillers",131.0,0,2,7.0
TV Show,My Babysitter's a Vampire,2012,TV-PG,"Kids' TV, TV Comedies",0.0,2,3,0.0
TV Show,Rake,2018,TV-MA,"Crime TV Shows, International TV Shows, TV Comedies",0.0,5,0,0.0
Movie,"Ron White: If You Quit Listening, I'll Shut Up",2018,TV-MA,Stand-Up Comedy,63.0,0,2,5.0
Movie,Meghnadbodh Rohoshyo,2017,TV-MA,"Dramas, International Movies",150.0,0,2,7.0
Movie,Sanju,2018,TV-MA,"Dramas, International Movies",159.0,0,2,7.0
TV Show,Stunt Science,2018,TV-MA,"British TV Shows, International TV Shows, Reality TV",0.0,1,3,5.0
Movie,Soorma,2018,TV-14,"Dramas, International Movies, Sports Movies",131.0,0,2,15.0
Movie,Apostle,2018,TV-MA,"Horror Movies, International Movies, Thrillers",130.0,0,2,13.0
TV Show,Edgar Rice Burroughs' Tarzan and Jane,2018,TV-Y7,"Crime TV Shows, Kids' TV",0.0,2,3,13.0
Movie,Errementari: The Blacksmith and the Devil,2018,TV-MA,"Horror Movies, International Movies, Sci-Fi & Fantasy",99.0,0,2,13.0
Movie,Feminists: What Were They Thinking?,2018,TV-MA,"Documentaries, LGBTQ Movies",86.0,0,2,17.0
TV Show,FIGHTWORLD,2018,TV-MA,Docuseries,0.0,1,3,14.0
Movie,Kuntilanak,2018,TV-14,"Horror Movies, International Movies",106.0,0,2,0.0
Movie,ReMastered: Who Shot the Sheriff,2018,TV-14,"Documentaries, Music & Musicals",57.0,0,2,12.0
TV Show,The Curious Creations of Christine McConnell,2018,TV-PG,"TV Comedies, TV Mysteries",0.0,1,3,0.0
TV Show,The Haunting of Hill House,2018,TV-MA,"TV Dramas, TV Horror, TV Mysteries",0.0,1,3,1.0
Movie,The Kindergarten Teacher,2018,R,"Dramas, Independent Movies",97.0,0,2,10.0
TV Show,Ordinary Heroes,2018,TV-MA,"Crime TV Shows, International TV Shows, TV Dramas",0.0,1,3,2.0
TV Show,Salt Fat Acid Heat,2018,TV-PG,Docuseries,0.0,1,3,7.0
Movie,22 July,2018,R,"Dramas, Thrillers",144.0,0,2,10.0
TV Show,Blood Pact,2018,TV-MA,"Crime TV Shows, International TV Shows, TV Dramas",0.0,1,3,2.0
Movie,Tales From the Hood 2,2018,R,"Cult Movies, Horror Movies, Independent Movies",110.0,0,2,11.0
Movie,Mo Amer: The Vagabond,2018,TV-MA,Stand-Up Comedy,57.0,0,2,5.0
Movie,Pulang,2018,TV-14,"Action & Adventure, Dramas, International Movies",119.0,0,2,15.0
TV Show,Sofia the First,2017,TV-Y,Kids' TV,0.0,4,0,0.0
Movie,Seven in Heaven,2018,PG-13,Horror Movies,94.0,0,2,14.0
TV Show,Dancing Queen,2018,TV-14,Reality TV,0.0,1,3,5.0
TV Show,Empire Games,2018,TV-14,Docuseries,0.0,1,3,6.0
TV Show,LOST SONG,2018,TV-14,"Anime Series, International TV Shows",0.0,1,3,9.0
Movie,Malevolent,2018,TV-MA,"Horror Movies, Thrillers",89.0,0,2,13.0
Movie,Private Life,2018,R,"Comedies, Dramas, Independent Movies",124.0,0,2,10.0
Movie,Super Monsters Save Halloween,2018,TV-Y,Children & Family Movies,25.0,0,2,16.0
TV Show,YG Future Strategy Office,2018,TV-MA,"International TV Shows, Korean TV Shows, TV Comedies",0.0,1,3,15.0
TV Show,Violet Evergarden: Special,2018,TV-PG,"Anime Series, International TV Shows, Romantic TV Shows",0.0,1,3,0.0
Movie,The Black Prince,2017,PG-13,"Dramas, International Movies",121.0,0,2,9.0
Movie,Truth or Dare,2017,TV-MA,Horror Movies,88.0,0,2,13.0
Movie,Death Race: Beyond Anarchy,2017,R,Action & Adventure,111.0,0,2,11.0
Movie,Eric ldle's What About Dick?,2012,TV-MA,"Comedies, Music & Musicals",81.0,0,2,6.0
Movie,Joe Rogan: Strange Times,2018,TV-MA,Stand-Up Comedy,64.0,0,2,5.0
TV Show,Monty Python Best Bits (mostly),2014,TV-MA,"British TV Shows, Docuseries, TV Comedies",0.0,1,3,14.0
Movie,Monty Python Conquers America,2008,TV-MA,Documentaries,55.0,0,2,17.0
Movie,"Monty Python Live (Mostly): One Down, Five to Go",2014,TV-MA,Comedies,137.0,0,2,6.0
Movie,Monty Python: Before the Flying Circus,2000,TV-MA,"Comedies, Documentaries",56.0,0,1,1.0
Movie,Monty Python: Live at Aspen,1998,TV-MA,"Comedies, Documentaries",58.0,0,1,1.0
Movie,Monty Python: Live at The Hollywood Bowl,1982,R,Comedies,80.0,0,1,0.0
Movie,Monty Python: The Meaning of Live,2014,TV-MA,Documentaries,94.0,0,2,17.0
TV Show,Monty Python's Almost the Truth,2009,TV-MA,"British TV Shows, Docuseries",0.0,1,3,14.0
TV Show,Monty Python's Fliegender Zirkus,1972,TV-MA,"International TV Shows, TV Comedies",0.0,1,1,0.0
TV Show,Monty Python's Flying Circus,1974,TV-14,"British TV Shows, Classic & Cult TV, International TV Shows",0.0,4,1,0.0
Movie,Monty Python's Life of Brian,1979,R,"Classic Movies, Comedies, Cult Movies",94.0,0,1,0.0
TV Show,Monty Python's Personal Best,2005,TV-MA,"British TV Shows, TV Comedies",0.0,1,3,18.0
Movie,Parrot Sketch Not Included: Twenty Years of Monty Python,1989,TV-14,Comedies,72.0,0,1,1.0
Movie,The Meaning of Monty Python,2013,TV-MA,Documentaries,60.0,0,2,17.0
Movie,25 Kille,2016,TV-14,"Action & Adventure, Dramas, International Movies",140.0,0,2,15.0
Movie,A Witches' Ball,2017,PG,Children & Family Movies,91.0,0,2,2.0
Movie,Agyaat,2009,TV-14,"Horror Movies, International Movies",97.0,0,2,0.0
Movie,Anjaan,2014,TV-14,"Action & Adventure, Dramas, International Movies",146.0,0,2,15.0
Movie,Bathinda Express,2016,TV-14,"Dramas, International Movies, Sports Movies",118.0,0,2,15.0
Movie,Delhi 6,2009,TV-14,"Dramas, International Movies",128.0,0,2,15.0
Movie,Dev.D,2009,TV-MA,"Dramas, International Movies, Romantic Movies",137.0,0,2,7.0
Movie,Dil Vil Pyaar Vyaar,2014,TV-PG,"International Movies, Music & Musicals, Romantic Movies",145.0,0,2,1.0
Movie,Dushman,2017,TV-14,"Dramas, International Movies",141.0,0,2,15.0
Movie,Ek Main Aur Ekk Tu,2012,TV-14,"Comedies, International Movies, Romantic Movies",106.0,0,2,4.0
Movie,Freedom at Midnight,2018,TV-MA,"Dramas, Independent Movies, International Movies",135.0,0,2,7.0
Movie,Haani,2013,TV-14,"Dramas, International Movies, Music & Musicals",137.0,0,2,15.0
Movie,Happy Go Lucky,2014,TV-14,"Comedies, International Movies, Music & Musicals",129.0,0,2,4.0
Movie,Harishchandrachi Factory,2009,TV-PG,"Dramas, International Movies",99.0,0,2,1.0
TV Show,Hot Date,2018,TV-MA,"Romantic TV Shows, TV Comedies",0.0,1,3,15.0
Movie,Jagga Jasoos,2017,TV-14,"Action & Adventure, Comedies, International Movies",155.0,0,2,4.0
Movie,Jatt James Bond,2014,TV-14,"Comedies, Dramas, International Movies",142.0,0,2,4.0
Movie,Jodhaa Akbar,2008,TV-14,"Action & Adventure, Dramas, International Movies",214.0,0,2,15.0
Movie,Judge Singh LLB,2015,TV-PG,"Comedies, Dramas, International Movies",137.0,0,2,1.0
Movie,Kaminey,2009,TV-14,"Dramas, International Movies, Music & Musicals",128.0,0,2,15.0
Movie,Khido Khundi,2018,TV-14,"Dramas, International Movies, Sports Movies",151.0,0,2,15.0
Movie,Khoobsurat,2014,TV-14,"Comedies, International Movies, Romantic Movies",121.0,0,2,4.0
Movie,Kisaan,2009,TV-14,"Action & Adventure, Dramas, International Movies",101.0,0,2,15.0
Movie,Kismat Konnection,2008,TV-14,"Comedies, Dramas, International Movies",145.0,0,2,4.0
Movie,Kurbaan,2009,TV-14,"International Movies, Thrillers",147.0,0,2,0.0
Movie,Lock,2016,TV-14,"Dramas, International Movies",90.0,0,2,15.0
Movie,Luv Shuv Tey Chicken Khurana,2012,TV-14,"Comedies, International Movies, Romantic Movies",129.0,0,2,4.0
Movie,"Main, Meri Patni Aur Woh",2005,TV-PG,"Comedies, Dramas, International Movies",129.0,0,2,1.0
Movie,Manje Bistre,2017,TV-14,"Comedies, Dramas, International Movies",136.0,0,2,4.0
Movie,Motor Mitraan Di,2016,TV-PG,"Comedies, International Movies",117.0,0,2,1.0
Movie,Mugamoodi,2012,TV-14,"Action & Adventure, International Movies",150.0,0,2,0.0
Movie,Muran,2011,TV-14,"Action & Adventure, International Movies",134.0,0,2,0.0
Movie,My Friend Pinto,2011,TV-14,"Comedies, International Movies, Sci-Fi & Fantasy",100.0,0,2,4.0
Movie,My Little Pony Equestria Girls: Forgotten Friendship,2018,TV-Y,Children & Family Movies,44.0,0,2,16.0
Movie,My Little Pony Equestria Girls: Rollercoaster of Friendship,2018,TV-Y,Children & Family Movies,44.0,0,2,16.0
Movie,My Suicide,2009,TV-MA,"Comedies, Dramas, Independent Movies",111.0,0,2,3.0
Movie,Naan Sigappu Manithan,2014,TV-14,"Action & Adventure, Dramas, International Movies",147.0,0,2,15.0
Movie,Nasha,2013,TV-14,"Dramas, International Movies, Romantic Movies",115.0,0,2,15.0
Movie,Naughty Jatts,2013,TV-PG,"Comedies, International Movies, Music & Musicals",121.0,0,2,1.0
Movie,Needhi Singh,2016,TV-14,"Action & Adventure, Dramas, International Movies",103.0,0,2,15.0
Movie,Peace Haven,2016,TV-14,"Comedies, Dramas, Independent Movies",73.0,0,2,4.0
Movie,Phantom,2015,TV-14,"Action & Adventure, International Movies",129.0,0,2,0.0
Movie,Pizza,2014,TV-14,"Horror Movies, International Movies, Thrillers",102.0,0,2,0.0
Movie,Pooja Kiven Aa,2013,TV-PG,"Comedies, International Movies, Music & Musicals",122.0,0,2,1.0
Movie,Race,2008,TV-14,"Action & Adventure, International Movies, Music & Musicals",155.0,0,2,0.0
Movie,Race 2,2013,TV-14,"Action & Adventure, International Movies, Music & Musicals",139.0,0,2,0.0
Movie,Saadey CM Saab,2015,TV-PG,"Comedies, Dramas, International Movies",131.0,0,2,1.0
Movie,Sat Shri Akaal England,2017,TV-14,"Comedies, Dramas, International Movies",127.0,0,2,4.0
TV Show,Strong,2016,TV-14,Reality TV,0.0,1,3,5.0
Movie,Thaandavam,2012,TV-14,"Action & Adventure, International Movies, Music & Musicals",156.0,0,2,0.0
Movie,The Birth Reborn,2018,TV-MA,"Documentaries, International Movies",91.0,0,2,17.0
Movie,Theeya Velai Seyyanum Kumaru,2013,TV-PG,"Comedies, International Movies, Music & Musicals",132.0,0,2,1.0
TV Show,Three Wives One Husband,2018,TV-14,"British TV Shows, International TV Shows, Reality TV",0.0,1,3,5.0
Movie,Tiger,2016,TV-14,"Action & Adventure, Dramas, International Movies",130.0,0,2,15.0
Movie,Udaan,2010,TV-MA,"Dramas, Independent Movies, International Movies",137.0,0,2,7.0
Movie,Vettai,2012,TV-14,"Action & Adventure, International Movies, Music & Musicals",156.0,0,2,0.0
Movie,Wake Up Sid,2009,TV-14,"Comedies, International Movies, Romantic Movies",132.0,0,2,4.0
Movie,We Are Family,2010,TV-14,"Dramas, International Movies",119.0,0,2,15.0
Movie,What the Jatt!!,2015,TV-PG,"Comedies, International Movies, Romantic Movies",140.0,0,2,1.0
Movie,Zindagi Kitni Haseen Hay,2016,TV-14,"Dramas, International Movies, Romantic Movies",126.0,0,2,15.0
Movie,Big Miracle,2012,PG,"Children & Family Movies, Dramas",107.0,0,2,2.0
Movie,Paradise Lost,2018,TV-MA,"Dramas, Independent Movies, International Movies",111.0,0,2,7.0
Movie,Animal World,2018,TV-MA,"Action & Adventure, International Movies, Sci-Fi & Fantasy",130.0,0,2,13.0
Movie,Hold the Dark,2018,TV-MA,"Action & Adventure, Dramas",126.0,0,2,3.0
Movie,Lessons from a School Shooting: Notes from Dunblane,2018,TV-14,Documentaries,24.0,0,2,12.0
TV Show,Made in Mexico,2018,TV-MA,"International TV Shows, Reality TV, Spanish-Language TV Shows",0.0,1,3,11.0
TV Show,Reboot: The Guardian Code,2018,TV-Y7,Kids' TV,0.0,2,3,13.0
TV Show,Skylanders Academy,2018,TV-Y7,"Kids' TV, TV Comedies",0.0,3,3,13.0
Movie,The 3rd Eye,2018,TV-MA,"Horror Movies, International Movies",108.0,0,2,13.0
Movie,Two Catalonias,2018,TV-MA,"Documentaries, International Movies",117.0,0,2,17.0
Movie,In Darkness,2018,TV-MA,"Independent Movies, International Movies, Thrillers",101.0,0,2,13.0
TV Show,Battlefish,2018,TV-MA,"Reality TV, Science & Nature TV, TV Action & Adventure",0.0,1,3,5.0
TV Show,DRAGON PILOT: Hisone & Masotan,2018,TV-14,"Anime Series, International TV Shows",0.0,1,3,9.0
TV Show,Maniac,2018,TV-MA,"TV Comedies, TV Dramas, TV Mysteries",0.0,1,3,1.0
Movie,Quincy,2018,TV-MA,"Documentaries, Music & Musicals",124.0,0,2,17.0
Movie,Rafinha Bastos: Ultimatum,2018,TV-MA,Stand-Up Comedy,63.0,0,2,5.0
TV Show,The Good Cop,2018,TV-14,"Crime TV Shows, TV Comedies, TV Dramas",0.0,1,3,17.0
TV Show,Mobile Suit Gundam UC,2014,TV-PG,"Anime Series, International TV Shows",0.0,1,3,0.0
TV Show,Transformers: Rescue Bots,2016,TV-Y7,Kids' TV,0.0,1,3,13.0
TV Show,Al Hayba,2017,TV-14,"Crime TV Shows, International TV Shows, TV Dramas",0.0,1,3,10.0
TV Show,American Vandal,2018,TV-MA,"Crime TV Shows, TV Comedies, Teen TV Shows",0.0,2,3,15.0
TV Show,Boca Juniors Confidential,2018,TV-PG,"Docuseries, International TV Shows, Spanish-Language TV Shows",0.0,1,3,7.0
TV Show,Ingobernable,2018,TV-MA,"Crime TV Shows, International TV Shows, Spanish-Language TV Shows",0.0,2,3,11.0
TV Show,Norm Macdonald Has a Show,2018,TV-MA,"Stand-Up Comedy & Talk Shows, TV Comedies",0.0,1,3,15.0
TV Show,Super Monsters Monster Party,2018,TV-Y,Kids' TV,0.0,1,3,4.0
Movie,The Angel,2018,TV-MA,"Dramas, International Movies, Thrillers",114.0,0,2,7.0
Movie,The Land of Steady Habits,2018,TV-MA,"Comedies, Dramas, Independent Movies",98.0,0,2,3.0
TV Show,The Rise of Phoenixes,2018,TV-14,"International TV Shows, Romantic TV Shows, TV Action & Adventure",0.0,1,3,12.0
Movie,Reversing Roe,2018,TV-14,Documentaries,100.0,0,2,12.0
TV Show,Life,2018,TV-MA,"International TV Shows, Korean TV Shows, TV Dramas",0.0,1,3,2.0
Movie,On My Skin,2018,TV-MA,"Dramas, International Movies",100.0,0,2,7.0
TV Show,Daniel Sloss: Live Shows,2018,TV-MA,"Stand-Up Comedy & Talk Shows, TV Comedies",0.0,1,3,15.0
TV Show,If I were an Animal,2018,TV-G,"Docuseries, Kids' TV, Science & Nature TV",0.0,1,3,3.0
Movie,The Resistance Banker,2018,TV-MA,"Dramas, International Movies",123.0,0,2,7.0
TV Show,Show Me the Money,2004,TV-14,"International TV Shows, TV Comedies",0.0,2,3,18.0
TV Show,Transformers Prime,2013,TV-Y7,Kids' TV,0.0,1,3,13.0
TV Show,Transformers: Robots in Disguise,2016,TV-Y7,Kids' TV,0.0,1,3,13.0
Movie,City of Joy,2018,TV-MA,Documentaries,77.0,0,2,17.0
TV Show,First and Last,2018,TV-MA,Docuseries,0.0,1,3,14.0
TV Show,Marvel's Iron Fist,2018,TV-MA,"Crime TV Shows, TV Action & Adventure, TV Dramas",0.0,2,3,16.0
Movie,Next Gen,2018,TV-PG,"Children & Family Movies, Comedies, Sci-Fi & Fantasy",106.0,0,2,2.0
Movie,Sierra Burgess Is A Loser,2018,PG-13,"Comedies, Romantic Movies",106.0,0,2,14.0
TV Show,Stretch Armstrong & the Flex Fighters,2018,TV-Y7,Kids' TV,0.0,2,3,13.0
Movie,The Most Assassinated Woman in the World,2018,TV-MA,"Dramas, International Movies, Thrillers",102.0,0,2,7.0
Movie,PK,2014,TV-14,"Comedies, Dramas, International Movies",146.0,0,2,4.0
Movie,The Debt Collector,2018,TV-MA,Action & Adventure,96.0,0,2,13.0
TV Show,Monkey Twins,2018,TV-MA,"Crime TV Shows, International TV Shows, TV Action & Adventure",0.0,1,3,11.0
TV Show,Quantico,2018,TV-14,"Crime TV Shows, TV Dramas, TV Mysteries",0.0,3,3,8.0
TV Show,Age of Rebellion,2018,TV-MA,"Crime TV Shows, International TV Shows, TV Dramas",0.0,1,3,2.0
Movie,Carbon,2017,TV-MA,"Dramas, International Movies, Thrillers",104.0,0,2,7.0
Movie,Garbage,2018,TV-MA,"Dramas, Independent Movies, International Movies",109.0,0,2,7.0
Movie,​​Kuch Bheege Alfaaz,2018,TV-14,"Dramas, Independent Movies, International Movies",110.0,0,2,15.0
Movie,Love and Shukla,2017,TV-MA,"Dramas, Independent Movies, International Movies",110.0,0,2,7.0
Movie,Once Again,2018,TV-PG,"Dramas, Independent Movies, International Movies",101.0,0,2,1.0
TV Show,Sisters,2018,TV-MA,"International TV Shows, TV Comedies, TV Dramas",0.0,1,3,2.0
Movie,Sparring,2017,TV-MA,"Dramas, International Movies, Sports Movies",94.0,0,2,7.0
TV Show,Cathedral of the Sea,2017,TV-MA,"International TV Shows, Spanish-Language TV Shows, TV Dramas",0.0,1,3,2.0
TV Show,Inside the Criminal Mind,2018,TV-MA,"Crime TV Shows, Docuseries, International TV Shows",0.0,1,3,14.0
TV Show,The Comedy Lineup,2018,TV-MA,"Stand-Up Comedy & Talk Shows, TV Comedies",0.0,2,3,15.0
Movie,The Laws of Thermodynamics,2018,TV-MA,"Comedies, International Movies, Romantic Movies",101.0,0,2,6.0
TV Show,Ultimate Beastmaster,2018,TV-PG,Reality TV,0.0,3,3,8.0
TV Show,Ultimate Beastmaster México,2018,TV-PG,"Reality TV, Spanish-Language TV Shows",0.0,3,3,8.0
TV Show,Undercover Law,2017,TV-MA,"Crime TV Shows, International TV Shows, Spanish-Language TV Shows",0.0,1,3,11.0
Movie,Naam Shabana,2017,TV-14,"Action & Adventure, International Movies",141.0,0,2,0.0
Movie,Qarib Qarib Singlle,2017,TV-14,"Comedies, International Movies, Romantic Movies",120.0,0,2,4.0
Movie,Spyder,2017,TV-14,"Action & Adventure, International Movies",140.0,0,2,0.0
TV Show,Chicken Soup for the Soul's Being Dad,2018,TV-MA,Docuseries,0.0,1,3,14.0
Movie,Maria Bamford: The Special Special Special,2012,TV-MA,Stand-Up Comedy,50.0,0,2,5.0
Movie,Bert Kreischer: Secret Time,2018,TV-MA,Stand-Up Comedy,57.0,0,2,5.0
TV Show,GHOUL,2018,TV-MA,"International TV Shows, TV Dramas, TV Horror",0.0,1,3,2.0
Movie,One Last Shot,1998,TV-MA,Comedies,31.0,0,1,1.0
TV Show,Take My Brother Away,2018,TV-14,"International TV Shows, TV Comedies, TV Dramas",0.0,1,3,17.0
Movie,The After Party,2018,TV-MA,"Comedies, Music & Musicals",90.0,0,2,6.0
TV Show,The Innocents,2018,TV-MA,"British TV Shows, International TV Shows, Romantic TV Shows",0.0,1,3,11.0
Movie,Bareilly Ki Barfi,2017,TV-14,"Comedies, Dramas, International Movies",110.0,0,2,4.0
Movie,Mersal,2017,TV-14,"Action & Adventure, Dramas, International Movies",162.0,0,2,15.0
Movie,Mom,2017,TV-14,"Dramas, International Movies, Thrillers",139.0,0,2,15.0
Movie,Pad Man,2018,PG-13,"Dramas, International Movies, Romantic Movies",130.0,0,2,9.0
Movie,Toilet: Ek Prem Katha,2017,TV-14,"Comedies, Dramas, International Movies",145.0,0,2,4.0
Movie,Party Monster: Scratching the Surface,2018,TV-14,Comedies,33.0,0,2,12.0
TV Show,Stay Here,2018,TV-PG,Reality TV,0.0,1,3,5.0
Movie,The Motive,2017,TV-MA,"Comedies, Dramas, International Movies",114.0,0,2,7.0
Movie,To All the Boys I’ve Loved Before,2018,TV-14,"Comedies, International Movies, Romantic Movies",100.0,0,2,4.0
Movie,Yoo Byung Jae: Discomfort Zone,2018,TV-MA,Stand-Up Comedy,54.0,0,2,5.0
Movie,Bhavesh Joshi Superhero,2018,TV-14,"Dramas, International Movies, Sci-Fi & Fantasy",150.0,0,2,15.0
Movie,For Here or to Go?,2015,TV-MA,"Comedies, Dramas, Independent Movies",105.0,0,2,3.0
TV Show,72 Dangerous Animals: Asia,2018,TV-14,"Docuseries, International TV Shows, Science & Nature TV",0.0,1,3,6.0
TV Show,Afflicted,2018,TV-MA,"Docuseries, Reality TV, Science & Nature TV",0.0,1,3,14.0
TV Show,All About the Washingtons,2018,TV-PG,TV Comedies,0.0,1,3,0.0
Movie,The Guernsey Literary and Potato Peel Pie Society,2018,TV-PG,"Dramas, Romantic Movies",124.0,0,2,1.0
Movie,The Package,2018,TV-MA,Comedies,95.0,0,2,6.0
Movie,Zion,2018,TV-PG,"Documentaries, Sports Movies",12.0,0,2,8.0
Movie,Perdida,2018,TV-MA,"Dramas, International Movies, Thrillers",104.0,0,2,7.0
TV Show,The Originals,2018,TV-14,"TV Dramas, TV Horror, TV Mysteries",0.0,5,0,0.0
TV Show,Pretty Man,2018,TV-14,"International TV Shows, Romantic TV Shows, TV Dramas",0.0,1,3,10.0
TV Show,On Children,2018,TV-14,"International TV Shows, TV Dramas, TV Mysteries",0.0,1,3,10.0
Movie,2 States,2014,TV-PG,"Comedies, Dramas, International Movies",143.0,0,2,1.0
Movie,Baaghi,2016,TV-14,"Action & Adventure, International Movies",127.0,0,2,0.0
Movie,Brij Mohan Amar Rahe,2018,TV-MA,"Comedies, Dramas, International Movies",100.0,0,2,7.0
Movie,Flavors of Youth: International Version,2018,TV-PG,"Anime Features, International Movies, Romantic Movies",74.0,0,2,1.0
TV Show,Cocaine Coast,2018,TV-MA,"Crime TV Shows, International TV Shows, Spanish-Language TV Shows",0.0,1,3,11.0
TV Show,Dinotrux Supercharged,2018,TV-Y7,Kids' TV,0.0,3,3,13.0
Movie,Like Father,2018,TV-MA,"Comedies, Dramas",104.0,0,2,3.0
Movie,7 Khoon Maaf,2011,TV-MA,"Dramas, International Movies, Thrillers",148.0,0,2,7.0
Movie,Chillar Party,2011,TV-PG,"Children & Family Movies, Comedies, Dramas",127.0,0,2,1.0
Movie,Fashion,2008,TV-MA,"Dramas, International Movies",158.0,0,2,7.0
Movie,Fitoor,2016,TV-14,"Dramas, International Movies, Romantic Movies",124.0,0,2,15.0
Movie,Fiza,2000,TV-14,"Dramas, International Movies, Music & Musicals",163.0,0,1,1.0
Movie,Guzaarish,2010,TV-14,"Dramas, International Movies",121.0,0,2,15.0
Movie,Haider,2014,TV-MA,"Dramas, International Movies, Romantic Movies",154.0,0,2,7.0
Movie,Highway,2014,TV-14,"Action & Adventure, Dramas, International Movies",127.0,0,2,15.0
Movie,I Hate Luv Storys,2010,TV-14,"Comedies, International Movies, Music & Musicals",128.0,0,2,4.0
Movie,Joker,2012,TV-PG,"Comedies, International Movies, Music & Musicals",98.0,0,2,1.0
Movie,Main aurr Mrs. Khanna,2009,TV-14,"International Movies, Music & Musicals, Romantic Movies",109.0,0,2,0.0
Movie,Mohenjo Daro,2016,TV-14,"Action & Adventure, Dramas, International Movies",168.0,0,2,15.0
Movie,Raajneeti,2010,TV-14,"Dramas, International Movies, Thrillers",162.0,0,2,15.0
Movie,Rang De Basanti,2006,TV-14,"Dramas, International Movies",159.0,0,2,15.0
Movie,Rowdy Rathore,2012,TV-14,"Action & Adventure, Comedies, International Movies",137.0,0,2,4.0
Movie,Tamasha,2015,TV-14,"Dramas, International Movies, Romantic Movies",133.0,0,2,15.0
Movie,Tere Naal Love Ho Gaya,2012,TV-14,"Comedies, International Movies, Romantic Movies",127.0,0,2,4.0
Movie,Thank You,2011,TV-14,"Comedies, International Movies, Romantic Movies",131.0,0,2,4.0
Movie,The Blue Umbrella,2005,TV-PG,"Children & Family Movies, Dramas, Independent Movies",90.0,0,2,1.0
TV Show,Becoming Champions,2018,TV-G,"Docuseries, International TV Shows",0.0,1,3,7.0
Movie,Being Napoleon,2018,TV-MA,Documentaries,88.0,0,2,17.0
Movie,Invisible,2017,TV-MA,"Dramas, Independent Movies, International Movies",87.0,0,2,7.0
TV Show,Switched,2018,TV-MA,"International TV Shows, TV Dramas, TV Mysteries",0.0,1,3,1.0
TV Show,The Could’ve-Gone-All-the-Way Committee,2018,TV-14,"International TV Shows, Romantic TV Shows, TV Dramas",0.0,1,3,10.0
TV Show,A Very Secret Service,2018,TV-MA,"International TV Shows, TV Comedies",0.0,2,3,15.0
TV Show,SWORDGAI The Animation,2018,TV-MA,"Anime Series, International TV Shows",0.0,2,3,9.0
Movie,Da Kath & Kim Code,2005,TV-PG,Movies,82.0,0,2,8.0
Movie,Kath & Kimderella,2012,TV-14,Comedies,86.0,0,2,4.0
TV Show,Kath and Kim,2007,TV-MA,TV Comedies,0.0,6,0,0.0
Movie,The Mansion,2017,TV-MA,"Comedies, Horror Movies, International Movies",100.0,0,2,6.0
Movie,Coco y Raulito: Carrusel de ternura,2018,TV-MA,Stand-Up Comedy,57.0,0,2,5.0
TV Show,El Chapo,2018,TV-MA,"Crime TV Shows, Spanish-Language TV Shows, TV Action & Adventure",0.0,3,3,16.0
Movie,Extinction,2018,TV-MA,"Action & Adventure, Dramas, Sci-Fi & Fantasy",95.0,0,2,3.0
TV Show,Smoking,2018,TV-MA,"Crime TV Shows, International TV Shows, TV Action & Adventure",0.0,1,3,11.0
Movie,The Bleeding Edge,2018,TV-14,Documentaries,101.0,0,2,12.0
TV Show,Welcome to the Family,2018,TV-MA,"International TV Shows, TV Comedies, TV Dramas",0.0,1,3,2.0
Movie,Parmanu: The Story of Pokhran,2018,TV-PG,"Dramas, International Movies",124.0,0,2,1.0
Movie,Iliza Shlesinger: Elder Millennial,2018,TV-MA,Stand-Up Comedy,72.0,0,2,5.0
Movie,The Warning,2018,TV-MA,"International Movies, Thrillers",93.0,0,2,13.0
TV Show,Amazing Interiors,2018,TV-PG,"British TV Shows, International TV Shows, Reality TV",0.0,1,3,5.0
TV Show,Dark Tourist,2018,TV-MA,"Docuseries, International TV Shows",0.0,1,3,14.0
Movie,Duck Duck Goose,2018,PG,"Children & Family Movies, Comedies",92.0,0,2,2.0
Movie,Father of the Year,2018,TV-MA,Comedies,95.0,0,2,6.0
TV Show,Home: Adventures with Tip & Oh,2018,TV-Y7,"Kids' TV, TV Comedies",0.0,4,0,0.0
TV Show,Jimmy: The True Story of a True Idiot,2018,TV-MA,"International TV Shows, TV Comedies, TV Dramas",0.0,1,3,2.0
TV Show,Luna Petunia: Return to Amazia,2018,TV-Y,Kids' TV,0.0,2,3,4.0
Movie,Nothing to Lose,2018,PG,"Dramas, Faith & Spirituality, International Movies",133.0,0,2,15.0
Movie,El club de los buenos infieles,2018,TV-MA,"Comedies, International Movies",85.0,0,2,6.0
TV Show,Camarón Revolution,2018,TV-14,"Docuseries, International TV Shows, Spanish-Language TV Shows",0.0,1,3,6.0
Movie,Camarón: The Film,2018,TV-14,"Documentaries, International Movies, Music & Musicals",105.0,0,2,12.0
Movie,GODZILLA City on the Edge of Battle,2018,TV-14,"Action & Adventure, Anime Features, International Movies",101.0,0,2,0.0
Movie,Going for Gold,2018,TV-G,"Children & Family Movies, Dramas, International Movies",88.0,0,2,7.0
TV Show,The Joel McHale Show with Joel McHale,2018,TV-MA,"Stand-Up Comedy & Talk Shows, TV Comedies",0.0,2,3,15.0
TV Show,Meteor Garden,2018,TV-14,"International TV Shows, Romantic TV Shows, TV Dramas",0.0,1,3,10.0
Movie,How It Ends,2018,TV-MA,"Action & Adventure, Sci-Fi & Fantasy",113.0,0,2,13.0
Movie,Jim Jefferies: This Is Me Now,2018,TV-MA,Stand-Up Comedy,71.0,0,2,5.0
Movie,Romina,2018,TV-MA,"Horror Movies, Independent Movies, International Movies",75.0,0,2,13.0
TV Show,Mossad 101,2017,TV-MA,"International TV Shows, TV Action & Adventure, TV Dramas",0.0,2,3,2.0
TV Show,Baby Ballroom,2018,TV-MA,"British TV Shows, International TV Shows, Reality TV",0.0,2,3,5.0
TV Show,Drug Lords,2018,TV-MA,"Crime TV Shows, Docuseries",0.0,2,3,14.0
TV Show,Mr. Sunshine,2018,TV-MA,"International TV Shows, Korean TV Shows, Romantic TV Shows",0.0,1,3,12.0
TV Show,First Team: Juventus,2018,TV-PG,"Docuseries, International TV Shows",0.0,2,3,7.0
Movie,Luciano Mellera: Infantiloide,2018,TV-14,Stand-Up Comedy,66.0,0,2,5.0
Movie,The Legacy of a Whitetail Deer Hunter,2018,TV-14,"Action & Adventure, Comedies, Dramas",83.0,0,2,4.0
Movie,The Skin of the Wolf,2018,TV-MA,"Dramas, Independent Movies, International Movies",110.0,0,2,7.0
Movie,White Fang,2018,TV-PG,"Children & Family Movies, Dramas",88.0,0,2,1.0
Movie,Sommore: Chandelier Status,2013,TV-MA,Stand-Up Comedy,77.0,0,2,5.0
Movie,Felipe Esparza: They're Not Going to Laugh at You,2012,TV-MA,Stand-Up Comedy,58.0,0,2,5.0
Movie,Joan Rivers: Don't Start with Me,2012,TV-MA,Stand-Up Comedy,69.0,0,2,5.0
Movie,Katt Williams: Kattpacalypse,2012,TV-MA,Stand-Up Comedy,61.0,0,2,5.0
Movie,King of Peking,2018,TV-14,"Comedies, Dramas, International Movies",88.0,0,2,4.0
Movie,Anthony Kaun Hai?,2006,TV-14,"Comedies, Dramas, International Movies",122.0,0,2,4.0
Movie,Bo Burnham: what.,2013,TV-MA,Stand-Up Comedy,60.0,0,2,5.0
Movie,Chalte Chalte,2003,TV-14,"Dramas, International Movies, Romantic Movies",166.0,0,1,1.0
Movie,Deewana Main Deewana,2013,TV-14,"Comedies, Dramas, International Movies",107.0,0,2,4.0
Movie,Duck Butter,2018,TV-MA,"Dramas, Independent Movies, LGBTQ Movies",94.0,0,2,3.0
Movie,I Am Kalam,2010,TV-PG,"Children & Family Movies, Comedies, Dramas",87.0,0,2,2.0
Movie,My Birthday Song,2018,TV-14,"Dramas, International Movies, Thrillers",92.0,0,2,15.0
Movie,Namastey London,2007,TV-14,"Comedies, Dramas, International Movies",130.0,0,2,4.0
TV Show,NCIS,2017,TV-14,"Crime TV Shows, TV Dramas, TV Mysteries",0.0,15,0,1.0
Movie,Soul Robbers,2015,TV-14,"Horror Movies, International Movies",88.0,0,2,0.0
Movie,Tum Milo Toh Sahi,2010,TV-14,"Comedies, Dramas, International Movies",128.0,0,2,4.0
Movie,What We Started,2017,TV-MA,"Documentaries, Music & Musicals",96.0,0,2,17.0
Movie,Zoo,2018,TV-MA,"Dramas, Independent Movies, International Movies",94.0,0,2,7.0
Movie,Bill Burr: You People Are All the Same,2012,TV-MA,Stand-Up Comedy,69.0,0,2,5.0
TV Show,Somewhere Between,2017,TV-14,"Crime TV Shows, TV Dramas, TV Mysteries",0.0,1,3,10.0
Movie,The Maus,2017,TV-MA,"Horror Movies, Independent Movies, International Movies",90.0,0,2,13.0
Movie,Calibre,2018,TV-MA,"Dramas, International Movies, Thrillers",101.0,0,2,7.0
TV Show,Churchill’s Secret Agents: The New Recruits,2018,TV-MA,"British TV Shows, International TV Shows, Reality TV",0.0,1,3,5.0
Movie,Jani Dueñas: Grandes fracasos de ayer y hoy,2018,TV-MA,Stand-Up Comedy,77.0,0,2,5.0
TV Show,Kiss Me First,2018,TV-MA,"British TV Shows, Crime TV Shows, International TV Shows",0.0,1,3,11.0
Movie,Penalty Kick,2018,TV-14,"Comedies, Dramas, International Movies",89.0,0,2,4.0
Movie,Recovery Boys,2018,TV-MA,Documentaries,90.0,0,2,17.0
Movie,TAU,2018,R,"Sci-Fi & Fantasy, Thrillers",98.0,0,2,11.0
TV Show,Hotel Transylvania,2017,TV-Y7,"Kids' TV, TV Comedies",0.0,1,3,13.0
Movie,W. Kamau Bell: Private School Negro,2018,TV-MA,Stand-Up Comedy,66.0,0,2,5.0
TV Show,Borges,2018,TV-MA,"International TV Shows, TV Comedies",0.0,1,3,15.0
Movie,Expelled from Paradise,2014,TV-MA,"Action & Adventure, Anime Features, Sci-Fi & Fantasy",103.0,0,2,13.0
Movie,"To Each, Her Own",2018,TV-MA,"Comedies, International Movies, LGBTQ Movies",95.0,0,2,6.0
TV Show,Life Sentence,2018,TV-14,TV Dramas,0.0,1,3,10.0
Movie,Brain on Fire,2016,PG-13,"Dramas, Independent Movies, International Movies",89.0,0,2,9.0
Movie,Derren Brown: Miracle,2018,TV-MA,International Movies,74.0,0,2,13.0
TV Show,Marvel's Luke Cage,2018,TV-MA,"Crime TV Shows, TV Action & Adventure, TV Dramas",0.0,2,3,16.0
Movie,Us and Them,2018,TV-MA,"Dramas, International Movies, Romantic Movies",119.0,0,2,7.0
Movie,Hannah Gadsby: Nanette,2018,TV-MA,Stand-Up Comedy,70.0,0,2,5.0
TV Show,Club de Cuervos Presents: The Ballad of Hugo Sánchez,2018,TV-MA,"International TV Shows, Spanish-Language TV Shows, TV Comedies",0.0,1,3,15.0
Movie,Lust Stories,2018,TV-MA,"Comedies, Dramas, International Movies",121.0,0,2,7.0
Movie,Maktub,2018,TV-MA,"Comedies, International Movies",106.0,0,2,6.0
Movie,Pacificum: Return to the Ocean,2017,TV-G,"Documentaries, International Movies",74.0,0,2,18.0
Movie,Set It Up,2018,TV-MA,"Comedies, Romantic Movies",106.0,0,2,6.0
Movie,Sunday's Illness,2017,PG-13,"Dramas, Independent Movies, International Movies",113.0,0,2,9.0
Movie,The last hour,2017,TV-MA,"Dramas, International Movies",119.0,0,2,7.0
TV Show,True: Magical Friends,2018,TV-Y,Kids' TV,0.0,1,3,4.0
TV Show,True: Wonderful Wishes,2018,TV-Y,Kids' TV,0.0,1,3,4.0
Movie,Alex Strangelove,2018,TV-MA,"Comedies, Dramas, Independent Movies",100.0,0,2,3.0
Movie,Ali's Wedding,2018,TV-MA,"Comedies, Independent Movies, International Movies",110.0,0,2,6.0
Movie,Franco Escamilla: Por la anécdota,2018,TV-MA,Stand-Up Comedy,66.0,0,2,5.0
TV Show,The Staircase,2018,TV-MA,"Crime TV Shows, Docuseries, TV Mysteries",0.0,1,3,14.0
TV Show,The Night Shift,2017,TV-14,TV Dramas,0.0,4,0,0.0
TV Show,Dinosaur King,2008,TV-Y7,"Anime Series, Kids' TV",0.0,2,3,13.0
Movie,B.A. Pass 2,2017,TV-14,"Dramas, International Movies",126.0,0,2,15.0
Movie,Bad Genius,2017,TV-MA,"Dramas, International Movies, Thrillers",130.0,0,2,7.0
TV Show,November 13: Attack on Paris,2018,TV-MA,"Crime TV Shows, Docuseries, International TV Shows",0.0,1,3,14.0
Movie,Outside In,2018,TV-MA,"Dramas, Independent Movies",110.0,0,2,3.0
Movie,Pedal the World,2015,TV-MA,"Documentaries, International Movies, Sports Movies",85.0,0,2,17.0
TV Show,Unbreakable Kimmy Schmidt,2019,TV-14,TV Comedies,0.0,4,0,0.0
TV Show,Arrested Development,2019,TV-MA,TV Comedies,0.0,5,0,0.0
TV Show,The Break with Michelle Wolf,2018,TV-MA,"Stand-Up Comedy & Talk Shows, TV Comedies",0.0,1,3,15.0
Movie,Sara's Notebook,2018,TV-MA,"Dramas, International Movies, Thrillers",117.0,0,2,7.0
TV Show,Something in the Rain,2018,TV-MA,"International TV Shows, Korean TV Shows, Romantic TV Shows",0.0,1,3,12.0
Movie,Fernando Sanjiao: Hombre,2018,TV-MA,Stand-Up Comedy,63.0,0,2,5.0
Movie,Ibiza,2018,TV-MA,"Comedies, Romantic Movies",94.0,0,2,6.0
Movie,Steve Martin and Martin Short: An Evening You Will Forget for the Rest of Your Life,2018,TV-14,Stand-Up Comedy,74.0,0,2,5.0
TV Show,Trollhunters,2018,TV-Y7,"Kids' TV, TV Action & Adventure, TV Sci-Fi & Fantasy",0.0,3,3,13.0
TV Show,Mob Psycho 100,2018,TV-MA,"International TV Shows, TV Action & Adventure, TV Comedies",0.0,1,3,15.0
Movie,Tig Notaro Happy To Be Here,2018,TV-14,Stand-Up Comedy,58.0,0,2,5.0
Movie,Catching Feelings,2018,TV-MA,"Comedies, International Movies, Romantic Movies",117.0,0,2,6.0
TV Show,Dance & Sing with True,2018,TV-Y,Kids' TV,0.0,1,3,4.0
TV Show,Inspector Gadget,2017,TV-Y7,"Crime TV Shows, Kids' TV, TV Comedies",0.0,4,0,0.0
Movie,Katt Williams: American Hustle (The Movie),2007,TV-MA,Stand-Up Comedy,89.0,0,2,5.0
Movie,Food on the Go,2017,TV-MA,"Documentaries, International Movies",66.0,0,2,17.0
Movie,Aiyaary,2018,TV-MA,"Action & Adventure, Dramas, International Movies",158.0,0,2,7.0
Movie,Lupin the 3rd: The Castle of Cagliostro: Special Edition,1979,PG-13,"Action & Adventure, Anime Features, Classic Movies",100.0,0,1,0.0
TV Show,Saint Seiya: The Lost Canvas,2009,TV-MA,"Anime Series, International TV Shows",0.0,1,3,9.0
Movie,Ali Wong: Hard Knock Wife,2018,TV-MA,Stand-Up Comedy,64.0,0,2,5.0
Movie,Spivak,2017,TV-MA,"Comedies, Independent Movies",92.0,0,2,3.0
TV Show,Bill Nye Saves the World,2018,TV-14,Stand-Up Comedy & Talk Shows,0.0,3,3,8.0
Movie,Carlos Ballarta: Furia Ñera,2018,TV-MA,Stand-Up Comedy,63.0,0,2,5.0
TV Show,Evil Genius,2018,TV-MA,"Crime TV Shows, Docuseries, TV Mysteries",0.0,1,3,14.0
Movie,The Kissing Booth,2018,TV-14,"Comedies, Romantic Movies",105.0,0,2,4.0
TV Show,The Who Was? Show,2018,TV-PG,"Kids' TV, TV Comedies",0.0,1,3,0.0
Movie,Hari Kondabolu: Warn Your Relatives,2018,TV-MA,Stand-Up Comedy,67.0,0,2,5.0
Movie,My Fuhrer,2007,TV-14,"Comedies, International Movies",91.0,0,2,4.0
Movie,Family Blood,2018,TV-MA,Horror Movies,92.0,0,2,13.0
Movie,Pup Star: World Tour,2018,G,"Children & Family Movies, Comedies, Music & Musicals",87.0,0,2,2.0
TV Show,A Little Help with Carol Burnett,2018,TV-G,"Stand-Up Comedy & Talk Shows, TV Comedies",0.0,1,3,15.0
Movie,Anon,2018,TV-MA,"Dramas, Sci-Fi & Fantasy, Thrillers",100.0,0,2,3.0
Movie,Dany Boon: Des Hauts De France,2018,TV-MA,Stand-Up Comedy,113.0,0,2,5.0
Movie,End Game,2018,TV-PG,Documentaries,40.0,0,2,8.0
Movie,Forgive Us Our Debts,2018,TV-MA,"Dramas, International Movies",105.0,0,2,7.0
TV Show,Kong: King of the Apes,2018,TV-Y7,Kids' TV,0.0,2,3,13.0
Movie,Lo más sencillo es complicarlo todo,2018,TV-14,"Comedies, International Movies, Romantic Movies",94.0,0,2,4.0
Movie,Manhunt,2017,TV-MA,"Action & Adventure, International Movies",109.0,0,2,13.0
Movie,Thi Mai,2017,TV-MA,"Comedies, Dramas, International Movies",99.0,0,2,7.0
Movie,Si saben cómo me pongo ¿pá qué me invitan?,2018,TV-MA,"Comedies, International Movies",89.0,0,2,6.0
Movie,Jailbreak,2017,TV-MA,"Action & Adventure, International Movies",92.0,0,2,13.0
Movie,Ajji,2017,TV-MA,"Dramas, International Movies",105.0,0,2,7.0
Movie,CIA: Comrade in America,2017,TV-14,"Action & Adventure, Dramas, Independent Movies",130.0,0,2,15.0
Movie,Coffee for All,2017,TV-PG,"Documentaries, International Movies",69.0,0,2,8.0
Movie,Darc,2018,TV-MA,"Action & Adventure, Independent Movies",98.0,0,2,3.0
Movie,Despido Procedente,2017,TV-MA,"Comedies, International Movies",90.0,0,2,6.0
Movie,John Mulaney: Kid Gorgeous at Radio City,2018,TV-MA,Stand-Up Comedy,65.0,0,2,5.0
Movie,My Perfect Romance,2018,PG,"Comedies, International Movies, Romantic Movies",92.0,0,2,6.0
Movie,Pocoyo & Cars,2015,TV-Y,Movies,19.0,0,2,16.0
Movie,Pocoyo & The Space Circus,2008,TV-Y,Movies,25.0,0,2,16.0
Movie,Pocoyo Carnival,2015,TV-Y,Movies,22.0,0,2,16.0
Movie,Pocoyo Halloween: Space Halloween,2015,TV-Y,Movies,40.0,0,2,16.0
Movie,Pocoyo Halloween: Spooky Movies,2014,TV-Y,Movies,22.0,0,2,16.0
Movie,Pocoyo Special Sports,2016,TV-Y,Movies,24.0,0,2,16.0
TV Show,Simon,2016,TV-Y,Kids' TV,0.0,1,3,4.0
Movie,Sometimes,2016,TV-14,"Dramas, International Movies",101.0,0,2,15.0
TV Show,Spiritual House,2017,TV-PG,"International TV Shows, Stand-Up Comedy & Talk Shows",0.0,1,3,0.0
Movie,The Clapper,2017,R,"Comedies, Dramas, Independent Movies",90.0,0,2,10.0
Movie,Toc Toc,2017,TV-MA,"Comedies, International Movies",96.0,0,2,6.0
TV Show,Black Crows,2017,TV-14,"International TV Shows, TV Dramas",0.0,1,3,10.0
Movie,Running Shaadi,2017,TV-14,"Comedies, International Movies, Romantic Movies",115.0,0,2,4.0
Movie,The Price of Success,2017,TV-MA,"Dramas, International Movies",92.0,0,2,7.0
TV Show,Bobby Kennedy for President,2018,TV-MA,Docuseries,0.0,1,3,14.0
Movie,Candy Jar,2018,TV-14,"Children & Family Movies, Dramas, Romantic Movies",93.0,0,2,15.0
TV Show,Goodnight DJ 1,2016,TV-14,"International TV Shows, TV Dramas, TV Horror",0.0,2,3,10.0
Movie,Holy Goalie,2017,TV-MA,"Comedies, International Movies, Sports Movies",95.0,0,2,6.0
TV Show,Moving On,2016,TV-PG,"International TV Shows, TV Dramas",0.0,1,3,0.0
Movie,The Rachel Divide,2018,TV-MA,Documentaries,105.0,0,2,17.0
Movie,The Week Of,2018,TV-14,Comedies,117.0,0,2,4.0
TV Show,Trio and a Bed,2016,TV-PG,"International TV Shows, Romantic TV Shows, TV Comedies",0.0,1,3,0.0
TV Show,海的儿子,2016,TV-14,"International TV Shows, TV Dramas",0.0,1,3,10.0
Movie,Enissa Amani: Ehrenwort,2018,TV-MA,Stand-Up Comedy,66.0,0,2,5.0
Movie,Bill Nye: Science Guy,2017,TV-PG,Documentaries,97.0,0,2,8.0
Movie,Fishtronaut: The Movie,2018,TV-Y,Children & Family Movies,78.0,0,2,16.0
Movie,Psychokinesis,2018,TV-MA,"Action & Adventure, Comedies, International Movies",102.0,0,2,6.0
Movie,Kevin James: Never Don't Give Up,2018,TV-PG,Stand-Up Comedy,62.0,0,2,5.0
Movie,Dude,2018,TV-MA,"Comedies, Dramas, Independent Movies",97.0,0,2,3.0
Movie,Kodachrome,2018,TV-MA,"Comedies, Dramas",105.0,0,2,3.0
Movie,Mercury 13,2018,TV-PG,Documentaries,79.0,0,2,8.0
Movie,All The Reasons To Forget,2017,TV-MA,"Comedies, Dramas, International Movies",90.0,0,2,7.0
TV Show,Charité,2017,TV-MA,"International TV Shows, TV Dramas",0.0,1,3,2.0
TV Show,The Chalet,2018,TV-MA,"Crime TV Shows, International TV Shows, TV Dramas",0.0,1,3,2.0
TV Show,The Honeymoon Stand Up Special,2018,TV-MA,"Stand-Up Comedy & Talk Shows, TV Comedies",0.0,1,3,15.0
Movie,Beyond Skyline,2017,R,"Action & Adventure, Sci-Fi & Fantasy",107.0,0,2,11.0
Movie,Come Sunday,2018,TV-14,"Dramas, Faith & Spirituality, Independent Movies",105.0,0,2,15.0
Movie,I Am not an Easy Man,2018,TV-MA,"Comedies, International Movies, Romantic Movies",99.0,0,2,6.0
TV Show,The Magic School Bus Rides Again,2018,TV-Y,Kids' TV,0.0,2,3,4.0
Movie,Pickpockets,2017,TV-MA,"Dramas, Independent Movies, International Movies",108.0,0,2,7.0
Movie,Greg Davies: You Magnificent Beast,2018,TV-MA,Stand-Up Comedy,66.0,0,2,5.0
TV Show,AMO,2017,TV-MA,"International TV Shows, TV Dramas",0.0,1,3,2.0
Movie,6 Balloons,2018,TV-MA,"Dramas, Independent Movies",75.0,0,2,3.0
Movie,Amateur,2018,TV-MA,"Dramas, Independent Movies, Sports Movies",96.0,0,2,3.0
Movie,Orbiter 9,2017,TV-14,"Dramas, International Movies, Sci-Fi & Fantasy",95.0,0,2,15.0
Movie,"Ram Dass, Going Home",2018,TV-14,"Documentaries, Faith & Spirituality",32.0,0,2,12.0
Movie,Seth Rogen's Hilarity for Charity,2018,TV-MA,Stand-Up Comedy,70.0,0,2,5.0
Movie,Sun Dogs,2017,TV-MA,"Comedies, Dramas, Independent Movies",94.0,0,2,3.0
Movie,Todo lo que sería Lucas Lauriente,2018,TV-MA,Stand-Up Comedy,78.0,0,2,5.0
TV Show,Troy,2018,TV-MA,"British TV Shows, International TV Shows, Romantic TV Shows",0.0,1,3,11.0
TV Show,Wakfu,2017,TV-PG,Kids' TV,0.0,3,3,8.0
Movie,Day of the Dead: Bloodline,2018,R,"Horror Movies, Independent Movies",91.0,0,2,11.0
Movie,Fary Is the New Black,2018,TV-MA,Stand-Up Comedy,75.0,0,2,5.0
Movie,Ittefaq,2017,TV-MA,"Dramas, International Movies, Thrillers",105.0,0,2,7.0
TV Show,Star Trek: The Next Generation,1993,TV-PG,"TV Action & Adventure, TV Sci-Fi & Fantasy",0.0,7,0,1.0
Movie,A Sort of Family,2017,TV-14,"Dramas, International Movies, Thrillers",96.0,0,2,15.0
Movie,Billu,2009,TV-PG,"Dramas, International Movies",132.0,0,2,1.0
TV Show,Fallet,2017,TV-MA,"Crime TV Shows, International TV Shows, TV Comedies",0.0,1,3,15.0
Movie,John Mulaney: New in Town,2012,TV-MA,Stand-Up Comedy,60.0,0,2,5.0
TV Show,Loaded,2017,TV-MA,"British TV Shows, International TV Shows, TV Comedies",0.0,1,3,15.0
Movie,Main Hoon Na,2004,TV-14,"Action & Adventure, Comedies, Dramas",171.0,0,1,1.0
Movie,Metro,2016,TV-14,"Dramas, International Movies, Thrillers",116.0,0,2,15.0
Movie,Om Shanti Om,2007,TV-14,"Comedies, Dramas, International Movies",169.0,0,2,4.0
Movie,Paheli,2005,TV-PG,"Dramas, International Movies, Romantic Movies",134.0,0,2,1.0
Movie,Phir Bhi Dil Hai Hindustani,2000,TV-14,"Comedies, Dramas, International Movies",159.0,0,1,1.0
TV Show,Doctor Foster,2017,TV-MA,"British TV Shows, International TV Shows, Romantic TV Shows",0.0,2,3,11.0
Movie,Revolt,2017,R,"Action & Adventure, Sci-Fi & Fantasy",87.0,0,2,11.0
Movie,First Match,2018,TV-MA,"Dramas, Independent Movies, Sports Movies",103.0,0,2,3.0
Movie,Happy Anniversary,2018,TV-MA,"Comedies, Romantic Movies",78.0,0,2,6.0
TV Show,Rapture,2018,TV-MA,Docuseries,0.0,1,3,14.0
Movie,Sofía Niño de Rivera: Selección Natural,2018,TV-MA,Stand-Up Comedy,62.0,0,2,5.0
Movie,The Titan,2018,TV-MA,"Dramas, Sci-Fi & Fantasy, Thrillers",97.0,0,2,3.0
TV Show,Trailer Park Boys,2018,TV-MA,"Classic & Cult TV, Crime TV Shows, International TV Shows",0.0,12,0,1.0
Movie,Trailer Park Boys: Countdown to Liquor Day,2009,R,"Comedies, Cult Movies",102.0,0,2,11.0
Movie,Trailer Park Boys: The Movie,2006,R,"Comedies, Cult Movies",95.0,0,2,11.0
TV Show,Trump: An American Dream,2018,TV-14,Docuseries,0.0,1,3,6.0
TV Show,James Acaster: Repertoire,2018,TV-14,"British TV Shows, International TV Shows, Stand-Up Comedy & Talk Shows",0.0,1,3,9.0
Movie,Birdshot,2016,TV-MA,"Dramas, International Movies, Thrillers",115.0,0,2,7.0
Movie,"Game Over, Man!",2018,TV-MA,"Action & Adventure, Comedies",102.0,0,2,6.0
Movie,Layla M.,2016,TV-MA,"Dramas, International Movies",99.0,0,2,7.0
Movie,Paradox,2018,TV-MA,"Dramas, Independent Movies, Music & Musicals",74.0,0,2,3.0
TV Show,Requiem,2018,TV-MA,"British TV Shows, International TV Shows, TV Dramas",0.0,1,3,2.0
Movie,Roxanne Roxanne,2018,TV-MA,"Dramas, Music & Musicals",100.0,0,2,3.0
Movie,Secret Superstar,2017,TV-14,"Dramas, International Movies, Music & Musicals",150.0,0,2,15.0
TV Show,The Standups,2018,TV-MA,"Stand-Up Comedy & Talk Shows, TV Comedies",0.0,2,3,15.0
Movie,Benji,2018,TV-PG,"Children & Family Movies, Dramas",87.0,0,2,1.0
TV Show,Edha,2018,TV-MA,"International TV Shows, Spanish-Language TV Shows, TV Dramas",0.0,1,3,2.0
Movie,Take Your Pills,2018,TV-14,Documentaries,88.0,0,2,12.0
TV Show,Wild Wild Country,2018,TV-MA,"Crime TV Shows, Docuseries",0.0,1,3,14.0
Movie,Yoo Byung Jae: Too Much Information,2018,TV-MA,Stand-Up Comedy,63.0,0,2,5.0
Movie,In This Corner of the World,2016,PG-13,"Anime Features, Children & Family Movies, International Movies",129.0,0,2,9.0
Movie,Jag älskar dig: En skilsmässokomedi,2016,TV-MA,"Comedies, Dramas, International Movies",91.0,0,2,7.0
TV Show,Secret of the Nile,2016,TV-14,"International TV Shows, Romantic TV Shows, TV Dramas",0.0,1,3,10.0
TV Show,Tabula Rasa,2017,TV-MA,"International TV Shows, TV Dramas, TV Mysteries",0.0,1,3,1.0
Movie,The Art of Loving,2017,TV-MA,"Dramas, International Movies",115.0,0,2,7.0
Movie,Steel Rain,2018,TV-MA,"Action & Adventure, Dramas, International Movies",140.0,0,2,7.0
TV Show,Children of the Whales,2017,TV-14,"Anime Series, International TV Shows",0.0,1,3,9.0
Movie,Ricky Gervais: Humanity,2018,TV-MA,Stand-Up Comedy,79.0,0,2,5.0
Movie,Stretch Armstrong: The Breakout,2018,TV-Y7,Children & Family Movies,104.0,0,2,16.0
TV Show,A.I.C.O.,2018,TV-14,"Anime Series, International TV Shows",0.0,1,3,9.0
TV Show,Collateral,2018,TV-MA,"British TV Shows, Crime TV Shows, International TV Shows",0.0,1,3,11.0
Movie,The Outsider,2018,TV-MA,"Dramas, Thrillers",121.0,0,2,3.0
TV Show,Bad Guys: Vile City,2018,TV-MA,"Crime TV Shows, International TV Shows, Korean TV Shows",0.0,1,3,11.0
Movie,Ladies First,2018,TV-G,"Documentaries, International Movies, Sports Movies",40.0,0,2,18.0
Movie,Bullet Head,2017,R,"International Movies, Thrillers",94.0,0,2,11.0
TV Show,Borderliner,2017,TV-MA,"Crime TV Shows, International TV Shows, TV Dramas",0.0,1,3,2.0
Movie,Gad Elmaleh: American Dream,2018,TV-14,Stand-Up Comedy,58.0,0,2,5.0
Movie,Expedition China,2017,TV-G,"Children & Family Movies, Documentaries",78.0,0,2,18.0
TV Show,Flint Town,2018,TV-MA,"Docuseries, Science & Nature TV",0.0,1,3,14.0
Movie,Malena Pichot: Estupidez compleja,2018,TV-MA,Stand-Up Comedy,51.0,0,2,5.0
Movie,Natalia Valdebenito: El especial,2018,TV-MA,Stand-Up Comedy,69.0,0,2,5.0
Movie,Ravenous,2017,TV-MA,"Horror Movies, International Movies",104.0,0,2,13.0
TV Show,21 Thunder,2017,TV-MA,"Crime TV Shows, International TV Shows, TV Dramas",0.0,1,3,2.0
Movie,Adel Karam: Live from Beirut,2018,TV-MA,Stand-Up Comedy,59.0,0,2,5.0
Movie,Battle Drone,2018,TV-MA,"Action & Adventure, Independent Movies, Sci-Fi & Fantasy",94.0,0,2,3.0
Movie,Dil Se,1998,TV-14,"Dramas, International Movies, Romantic Movies",166.0,0,1,1.0
Movie,Guru,2007,TV-PG,"Dramas, International Movies",155.0,0,2,1.0
Movie,Judwaa 2,2017,TV-14,"Action & Adventure, Comedies, International Movies",145.0,0,2,4.0
Movie,Love Beats Rhymes,2016,R,"Dramas, Music & Musicals, Romantic Movies",106.0,0,2,10.0
Movie,Schubert In Love,2016,TV-14,"Comedies, International Movies",94.0,0,2,4.0
Movie,Shubh Aarambh,2017,TV-PG,"Dramas, International Movies, Romantic Movies",127.0,0,2,1.0
Movie,Something Huge,2017,TV-MA,"Comedies, Independent Movies, International Movies",87.0,0,2,6.0
Movie,Swades,2004,TV-PG,"Dramas, International Movies",185.0,0,2,1.0
Movie,Swearnet Live,2014,TV-MA,"Comedies, International Movies",75.0,0,2,6.0
Movie,Trailer Park Boys Live at the North Pole,2014,TV-MA,Movies,89.0,0,2,13.0
Movie,Trailer Park Boys Live In F**kin' Dublin,2014,TV-MA,Movies,81.0,0,2,5.0
Movie,Trailer Park Boys: Say Goodnight to the Bad Guys,2008,TV-MA,"Comedies, Cult Movies",47.0,0,2,6.0
Movie,Trailer Park Boys: Xmas Special,2004,TV-MA,Movies,46.0,0,2,5.0
Movie,Tu Hai Mera Sunday,2016,TV-14,"Comedies, Independent Movies, International Movies",125.0,0,2,4.0
Movie,Yuva,2004,TV-14,"Dramas, International Movies",160.0,0,2,15.0
Movie,반드시 잡는다,2017,TV-MA,"Dramas, International Movies, Thrillers",110.0,0,2,7.0
Movie,Derren Brown: The Push,2018,TV-MA,Movies,69.0,0,2,5.0
Movie,Marlon Wayans: Woke-ish,2018,TV-MA,Stand-Up Comedy,67.0,0,2,5.0
Movie,Veronica,2017,TV-MA,"Horror Movies, International Movies, Thrillers",105.0,0,2,13.0
TV Show,Best Lover,2016,TV-14,"International TV Shows, Romantic TV Shows, TV Comedies",0.0,1,3,17.0
TV Show,Marseille,2018,TV-MA,"International TV Shows, TV Dramas, TV Thrillers",0.0,2,3,2.0
Movie,Mute,2018,TV-MA,"Sci-Fi & Fantasy, Thrillers",127.0,0,2,13.0
TV Show,Seven Seconds,2018,TV-MA,"Crime TV Shows, TV Dramas",0.0,1,3,2.0
TV Show,Hitler's Circle of Evil,2017,TV-14,"British TV Shows, Docuseries, International TV Shows",0.0,1,3,6.0
Movie,Forgotten,2017,TV-MA,"Dramas, International Movies, Thrillers",109.0,0,2,7.0
TV Show,The Frankenstein Chronicles,2017,TV-MA,"British TV Shows, Crime TV Shows, International TV Shows",0.0,2,3,11.0
Movie,FullMetal Alchemist,2017,TV-PG,"Action & Adventure, Dramas, International Movies",134.0,0,2,1.0
Movie,Agustín Aristarán: Soy Rada,2018,TV-MA,Stand-Up Comedy,60.0,0,2,5.0
TV Show,Dragons: Race to the Edge,2018,TV-Y7,"Kids' TV, TV Action & Adventure",0.0,6,0,0.0
TV Show,Everything Sucks!,2018,TV-14,"TV Comedies, TV Dramas, Teen TV Shows",0.0,1,3,17.0
Movie,Irreplaceable You,2018,TV-MA,"Dramas, Romantic Movies",96.0,0,2,3.0
TV Show,Re:Mind,2017,TV-MA,"International TV Shows, TV Dramas, TV Mysteries",0.0,1,3,1.0
Movie,Chris Rock: Tamborine,2018,TV-MA,Stand-Up Comedy,65.0,0,2,5.0
Movie,Love Per Square Foot,2018,TV-14,"Comedies, International Movies, Romantic Movies",133.0,0,2,4.0
Movie,Seeing Allred,2018,TV-14,Documentaries,96.0,0,2,12.0
Movie,The Ritual,2018,TV-MA,"Horror Movies, International Movies, Thrillers",95.0,0,2,13.0
Movie,The Trader (Sovdagari),2018,TV-PG,"Documentaries, International Movies",24.0,0,2,8.0
Movie,When We First Met,2018,TV-14,"Comedies, Romantic Movies",97.0,0,2,4.0
Movie,Fred Armisen: Standup For Drummers,2018,TV-PG,"Music & Musicals, Stand-Up Comedy",65.0,0,2,5.0
TV Show,Valor,2017,TV-14,"TV Action & Adventure, TV Dramas",0.0,1,3,10.0
Movie,The Cloverfield Paradox,2018,PG-13,"Action & Adventure, Sci-Fi & Fantasy",102.0,0,2,14.0
TV Show,Coach Snoop,2018,TV-MA,"Docuseries, Reality TV",0.0,1,3,14.0
Movie,Kavin Jay: Everybody Calm Down!,2018,TV-MA,Stand-Up Comedy,53.0,0,2,5.0
Movie,On Body and Soul,2017,TV-MA,"Dramas, International Movies, Romantic Movies",116.0,0,2,7.0
Movie,The Bros,2017,TV-14,"Comedies, Dramas, International Movies",102.0,0,2,4.0
Movie,Liberated: The New Sexual Revolution,2017,TV-MA,Documentaries,86.0,0,2,17.0
Movie,Newness,2017,TV-MA,"Dramas, Independent Movies, Romantic Movies",117.0,0,2,3.0
TV Show,Under Arrest,2016,TV-MA,"Crime TV Shows, Docuseries, International TV Shows",0.0,8,0,1.0
Movie,Expedition Happiness,2017,TV-PG,"Documentaries, International Movies",96.0,0,2,8.0
Movie,Jerry Seinfeld: I'm Telling You for the Last Time,1998,TV-14,Stand-Up Comedy,69.0,0,1,1.0
TV Show,Retribution,2016,TV-MA,"British TV Shows, Crime TV Shows, International TV Shows",0.0,1,3,11.0
Movie,Holy Camp!,2017,TV-MA,"Comedies, Dramas, Faith & Spirituality",108.0,0,2,3.0
Movie,A Futile and Stupid Gesture,2018,TV-MA,Comedies,102.0,0,2,6.0
Movie,Fakkah Fuzz: Almost Banned,2018,TV-MA,Stand-Up Comedy,61.0,0,2,5.0
Movie,Mau Nieto: Viviendo sobrio… desde el bar,2018,TV-MA,Stand-Up Comedy,57.0,0,2,5.0
Movie,Sebastián Marcelo Wainraich,2018,TV-MA,Stand-Up Comedy,49.0,0,2,5.0
TV Show,The Adventures of Puss in Boots,2018,TV-Y7,"Kids' TV, TV Comedies",0.0,6,0,0.0
Movie,Acts of Vengeance,2017,R,"Action & Adventure, International Movies",87.0,0,2,11.0
TV Show,Prison Playbook,2017,TV-MA,"International TV Shows, Korean TV Shows, TV Comedies",0.0,1,3,15.0
Movie,Ricardo Quevedo: Hay gente así,2018,TV-MA,Stand-Up Comedy,59.0,0,2,5.0
Movie,Todd Glass: Act Happy,2018,TV-MA,Stand-Up Comedy,63.0,0,2,5.0
Movie,Countdown to Death: Pablo Escobar,2017,TV-MA,"Documentaries, International Movies",69.0,0,2,17.0
TV Show,The Shannara Chronicles,2018,TV-MA,"TV Action & Adventure, TV Dramas, TV Sci-Fi & Fantasy",0.0,2,3,16.0
TV Show,Love and Hong Kong,2017,TV-PG,"International TV Shows, Romantic TV Shows, TV Dramas",0.0,1,3,0.0
Movie,Harith Iskander: I Told You So,2018,TV-14,Stand-Up Comedy,62.0,0,2,5.0
Movie,Step Sisters,2018,PG-13,Comedies,108.0,0,2,14.0
Movie,The Open House,2018,TV-MA,"Horror Movies, Thrillers",95.0,0,2,13.0
Movie,Bad Day for the Cut,2017,TV-MA,"Independent Movies, International Movies, Thrillers",99.0,0,2,13.0
TV Show,Tiempos de guerra,2017,TV-MA,"International TV Shows, Romantic TV Shows, Spanish-Language TV Shows",0.0,1,3,11.0
Movie,Arango y Sanint: Ríase el show,2018,TV-MA,Stand-Up Comedy,62.0,0,2,5.0
TV Show,Godzilla,2017,TV-14,TV Shows,0.0,1,3,6.0
Movie,Katt Williams: Great America,2018,TV-MA,Stand-Up Comedy,60.0,0,2,5.0
Movie,Alibaba Aur 40 Chor,1980,TV-14,"Action & Adventure, International Movies, Sci-Fi & Fantasy",147.0,0,1,0.0
Movie,Pyar Ke Do Pal,1986,TV-14,"Dramas, International Movies, Music & Musicals",153.0,0,1,1.0
Movie,Rip Tide,2017,TV-PG,"Children & Family Movies, Dramas, Sports Movies",87.0,0,2,1.0
TV Show,Disjointed,2018,TV-MA,TV Comedies,0.0,2,3,15.0
Movie,Milada,2017,TV-14,"Dramas, International Movies",124.0,0,2,15.0
Movie,The Polka King,2018,TV-14,"Comedies, Independent Movies",94.0,0,2,4.0
Movie,The Reservoir Game,2017,TV-MA,"Documentaries, International Movies",100.0,0,2,17.0
Movie,Tom Segura: Disgraceful,2018,TV-MA,Stand-Up Comedy,71.0,0,2,5.0
Movie,Alejandro Riaño: Especial de stand up,2018,TV-MA,Stand-Up Comedy,60.0,0,2,5.0
Movie,The House Next Door,2017,TV-MA,"Horror Movies, International Movies, Thrillers",135.0,0,2,13.0
TV Show,Tundukkan Playboy Itu,2016,TV-PG,"International TV Shows, Romantic TV Shows, TV Comedies",0.0,1,3,0.0
TV Show,Episodes,2017,TV-MA,"Classic & Cult TV, TV Comedies",0.0,5,0,0.0
Movie,Before I Wake,2016,PG-13,"Horror Movies, Thrillers",97.0,0,2,14.0
TV Show,Devilman Crybaby,2018,TV-MA,"Anime Series, International TV Shows, TV Horror",0.0,1,3,9.0
Movie,Mustang Island,2017,TV-14,"Comedies, Dramas, Independent Movies",86.0,0,2,4.0
Movie,Eve's Apple,2017,TV-MA,"Documentaries, International Movies",91.0,0,2,17.0
TV Show,Fullmetal Alchemist,2003,TV-14,"Anime Series, International TV Shows",0.0,1,3,18.0
TV Show,Fullmetal Alchemist: Brotherhood,2010,TV-14,"Anime Series, International TV Shows",0.0,5,0,0.0
TV Show,Lovesick,2018,TV-MA,"British TV Shows, International TV Shows, Romantic TV Shows",0.0,3,3,16.0
TV Show,Pokémon: Indigo League,2000,TV-Y7,"Anime Series, Kids' TV",0.0,1,3,18.0
TV Show,The Frozen Dead,2017,TV-MA,"Crime TV Shows, International TV Shows, TV Dramas",0.0,1,3,2.0
TV Show,Dave Chappelle: Equanimity & The Bird Revelation,2017,TV-MA,"Stand-Up Comedy & Talk Shows, TV Comedies",0.0,1,3,15.0
Movie,Fun Mom Dinner,2017,R,"Comedies, International Movies",82.0,0,2,11.0
Movie,Goon: Last of the Enforcers,2016,R,"Comedies, International Movies, Sports Movies",102.0,0,2,11.0
TV Show,La Mante,2017,TV-MA,"Crime TV Shows, International TV Shows, TV Dramas",0.0,1,3,2.0
Movie,The Climb,2017,TV-14,"Action & Adventure, Comedies, Dramas",105.0,0,2,4.0
TV Show,Wadi,2015,TV-14,"International TV Shows, TV Dramas",0.0,1,3,10.0
Movie,Bibi & Tina: Tohuwabohu Total,2017,TV-14,"Children & Family Movies, Music & Musicals",106.0,0,2,0.0
Movie,Mr. Roosevelt,2017,TV-MA,"Comedies, Independent Movies",91.0,0,2,3.0
Movie,Todd Barry: Spicy Honey,2017,TV-MA,Stand-Up Comedy,61.0,0,2,5.0
TV Show,Part-Time Idol,2017,TV-14,"International TV Shows, Korean TV Shows, TV Comedies",0.0,1,3,17.0
Movie,Creep 2,2017,TV-MA,"Horror Movies, Independent Movies, Thrillers",80.0,0,2,13.0
TV Show,Myths & Monsters,2017,TV-PG,"British TV Shows, Docuseries",0.0,1,3,7.0
TV Show,72 Dangerous Animals: Latin America,2017,TV-14,"Docuseries, International TV Shows, Science & Nature TV",0.0,1,3,6.0
Movie,Bright,2017,TV-MA,"Action & Adventure, Sci-Fi & Fantasy",118.0,0,2,13.0
Movie,Desire,2017,TV-MA,"Dramas, International Movies, Romantic Movies",94.0,0,2,7.0
Movie,48 Christmas Wishes,2017,TV-G,"Children & Family Movies, Comedies",84.0,0,2,2.0
Movie,Jeremiah Tower: The Last Magnificent,2016,R,Documentaries,103.0,0,2,18.0
Movie,Russell Howard: Recalibrate,2017,TV-MA,Stand-Up Comedy,69.0,0,2,5.0
TV Show,The Indian Detective,2017,TV-14,"Crime TV Shows, International TV Shows, TV Comedies",0.0,1,3,17.0
TV Show,"Hello, My Twenties!",2017,TV-MA,"International TV Shows, Korean TV Shows, Romantic TV Shows",0.0,2,3,12.0
TV Show,Cheuk Wan-Chi: Two Night Stand,2015,TV-MA,"International TV Shows, Stand-Up Comedy & Talk Shows, TV Comedies",0.0,1,3,15.0
Movie,Christmas Inheritance,2017,TV-G,"Dramas, International Movies, Romantic Movies",105.0,0,2,15.0
Movie,Muramba,2017,TV-MA,"Comedies, Dramas, International Movies",128.0,0,2,7.0
Movie,Pottersville,2017,PG-13,"Comedies, Independent Movies",86.0,0,2,14.0
Movie,Seoul Searching,2015,TV-MA,"Comedies, Dramas, International Movies",109.0,0,2,7.0
TV Show,Wormwood,2017,TV-14,"Crime TV Shows, Docuseries",0.0,1,3,6.0
TV Show,Halt and Catch Fire,2017,TV-14,TV Dramas,0.0,4,0,0.0
Movie,Judd Apatow: The Return,2017,TV-MA,Stand-Up Comedy,70.0,0,2,5.0
TV Show,Dawai Asmara,2016,TV-14,"International TV Shows, TV Dramas",0.0,1,3,10.0
Movie,El Camino Christmas,2017,TV-MA,"Comedies, Dramas",89.0,0,2,3.0
Movie,Jaal,1986,TV-14,"Action & Adventure, International Movies",162.0,0,1,1.0
Movie,Shikari,1991,TV-14,"Dramas, International Movies, Music & Musicals",163.0,0,1,1.0
Movie,The Secret,2006,TV-14,"Documentaries, Faith & Spirituality",91.0,0,2,12.0
Movie,Trolls Holiday Special,2017,TV-Y7,"Children & Family Movies, Comedies, Music & Musicals",27.0,0,2,16.0
Movie,Craig Ferguson: Tickle Fight,2017,TV-MA,Stand-Up Comedy,67.0,0,2,5.0
Movie,Jab Harry Met Sejal,2017,TV-MA,"Comedies, International Movies, Romantic Movies",142.0,0,2,6.0
Movie,Temple,2017,TV-MA,"Horror Movies, Independent Movies",78.0,0,2,13.0
Movie,A StoryBots Christmas,2017,TV-Y,"Children & Family Movies, Comedies",26.0,0,2,16.0
TV Show,All Hail King Julien,2017,TV-Y7,"Kids' TV, TV Comedies",0.0,5,0,0.0
TV Show,Dhia Sofea,2015,TV-14,"International TV Shows, TV Dramas",0.0,1,3,10.0
Movie,DreamWorks Home: For the Holidays,2017,TV-Y,"Children & Family Movies, Comedies, Music & Musicals",46.0,0,2,16.0
TV Show,Kantaro: The Sweet Tooth Salaryman,2017,TV-PG,"International TV Shows, TV Comedies",0.0,1,3,0.0
Movie,Monster Island,2017,TV-Y7,Children & Family Movies,81.0,0,2,16.0
Movie,My Happy Family,2017,TV-14,"Dramas, Independent Movies, International Movies",119.0,0,2,15.0
TV Show,Oggy and the Cockroaches,2017,TV-Y7,"Kids' TV, TV Comedies",0.0,1,3,13.0
TV Show,Padamu Aku Bersujud,2015,TV-14,"International TV Shows, Romantic TV Shows, TV Dramas",0.0,1,3,10.0
Movie,The Worthy,2016,TV-MA,"International Movies, Sci-Fi & Fantasy, Thrillers",99.0,0,2,13.0
TV Show,TURN: Washington's Spies,2017,TV-14,TV Dramas,0.0,4,0,0.0
Movie,Voyeur,2017,TV-MA,Documentaries,96.0,0,2,17.0
TV Show,Man Down,2017,TV-MA,"British TV Shows, International TV Shows, TV Comedies",0.0,4,0,0.0
TV Show,Broadchurch,2017,TV-MA,"British TV Shows, Crime TV Shows, International TV Shows",0.0,3,3,16.0
Movie,Poster Boys,2017,PG-13,"Comedies, International Movies",128.0,0,2,14.0
Movie,Cuba and the Cameraman,2017,TV-14,Documentaries,114.0,0,2,12.0
Movie,The Girl from the Song,2016,TV-MA,"Dramas, Independent Movies, International Movies",101.0,0,2,7.0
TV Show,The Many Faces of Ito,2017,TV-14,"International TV Shows, Romantic TV Shows, TV Dramas",0.0,1,3,10.0
TV Show,Trailer Park Boys: Out of the Park: USA,2017,TV-MA,"International TV Shows, TV Comedies",0.0,1,3,15.0
TV Show,Bright: The Music Videos,2017,TV-MA,TV Shows,0.0,1,3,14.0
TV Show,Argon,2017,TV-MA,"International TV Shows, Korean TV Shows, TV Dramas",0.0,1,3,2.0
Movie,Barbra: The Music ... The Mem'ries ... The Magic!,2017,TV-14,Music & Musicals,109.0,0,2,0.0
TV Show,Godless,2017,TV-MA,TV Dramas,0.0,1,3,2.0
Movie,Beat Bugs: All Together Now,2017,TV-Y,"Children & Family Movies, Music & Musicals",51.0,0,2,16.0
Movie,Brian Regan: Nunchucks and Flamethrowers,2017,TV-PG,Stand-Up Comedy,61.0,0,2,5.0
Movie,Saving Capitalism,2017,TV-PG,Documentaries,73.0,0,2,8.0
Movie,A Christmas Prince,2017,TV-PG,"Children & Family Movies, Dramas, Romantic Movies",92.0,0,2,1.0
Movie,"Jim & Andy: The Great Beyond - Featuring a Very Special, Contractually Obligated Mention of Tony Clifton",2017,TV-MA,Documentaries,94.0,0,2,17.0
TV Show,Longmire,2017,TV-MA,"Crime TV Shows, TV Dramas",0.0,6,0,0.0
TV Show,Luna Petunia,2017,TV-Y,Kids' TV,0.0,3,3,4.0
Movie,Mudbound,2017,R,"Dramas, Independent Movies",135.0,0,2,10.0
TV Show,Shot in the Dark,2017,TV-MA,Reality TV,0.0,1,3,5.0
TV Show,The Irregular at Magic High School,2014,TV-14,"Anime Series, International TV Shows, Teen TV Shows",0.0,1,3,9.0
TV Show,The Method,2015,TV-MA,"Crime TV Shows, International TV Shows, TV Dramas",0.0,1,3,2.0
Movie,DeRay Davis: How to Act Black,2017,TV-MA,Stand-Up Comedy,66.0,0,2,5.0
Movie,Bon Cop Bad Cop 2,2017,TV-MA,"Action & Adventure, Comedies, International Movies",126.0,0,2,6.0
TV Show,Blazing Transfer Students,2017,TV-MA,"International TV Shows, TV Action & Adventure, TV Comedies",0.0,1,3,15.0
TV Show,Glitter Force Doki Doki,2017,TV-Y7,"Anime Series, Kids' TV",0.0,2,3,13.0
TV Show,Lady Dynamite,2017,TV-MA,TV Comedies,0.0,2,3,15.0
Movie,Mea Culpa,2017,TV-MA,Stand-Up Comedy,54.0,0,2,5.0
Movie,The Killer,2017,TV-MA,"Action & Adventure, International Movies",100.0,0,2,13.0
TV Show,Fate/Apocrypha,2017,TV-MA,"Anime Series, International TV Shows",0.0,2,3,9.0
Movie,Jerry Seinfeld: Comedian,2002,R,Documentaries,81.0,0,2,11.0
TV Show,Project Mc²,2017,TV-G,Kids' TV,0.0,6,0,0.0
Movie,The Journey Is the Destination,2016,R,Dramas,123.0,0,2,10.0
Movie,Let It Fall: Los Angeles 1982-1992,2017,TV-MA,Documentaries,144.0,0,2,17.0
Movie,Mubarakan,2017,PG-13,"Comedies, Dramas, International Movies",153.0,0,2,9.0
TV Show,Akulah Balqis,2015,TV-14,"International TV Shows, TV Dramas",0.0,1,3,10.0
TV Show,Alias Grace,2017,TV-MA,"Crime TV Shows, International TV Shows, TV Dramas",0.0,1,3,2.0
Movie,Bandie,1978,TV-PG,"Action & Adventure, Dramas, International Movies",141.0,0,1,0.0
Movie,Getaway Plan,2016,TV-MA,"International Movies, Thrillers",104.0,0,2,13.0
Movie,Hajwala: The Missing Engine,2016,TV-PG,"Action & Adventure, Dramas, International Movies",97.0,0,2,1.0
Movie,Pettersson and Findus 2,2016,TV-G,"Children & Family Movies, Comedies",82.0,0,2,2.0
Movie,The Bittersweet,2017,TV-MA,"Action & Adventure, Dramas, International Movies",98.0,0,2,7.0
TV Show,The Family Court,2010,TV-MA,"International TV Shows, TV Dramas",0.0,1,3,2.0
TV Show,The Golden Path,2007,TV-MA,"International TV Shows, TV Dramas",0.0,1,3,2.0
TV Show,The Little Nyonya,2009,TV-14,"International TV Shows, TV Dramas",0.0,1,3,10.0
TV Show,The Truth,2008,TV-14,"Crime TV Shows, International TV Shows, TV Action & Adventure",0.0,1,3,9.0
TV Show,Together,2009,TV-14,"International TV Shows, TV Dramas",0.0,1,3,10.0
Movie,Judah Friedlander: America Is the Greatest Country in the United States,2017,TV-MA,Stand-Up Comedy,84.0,0,2,5.0
Movie,The B-Side: Elsa Dorfman's Portrait Photography,2016,R,Documentaries,76.0,0,2,18.0
Movie,SPF-18,2017,PG-13,"Dramas, Romantic Movies, Sports Movies",75.0,0,2,9.0
Movie,Pup Star: Better 2Gether,2017,PG,"Children & Family Movies, Comedies",93.0,0,2,2.0
TV Show,Beyond Stranger Things,2017,TV-14,"Stand-Up Comedy & Talk Shows, TV Mysteries, TV Sci-Fi & Fantasy",0.0,1,3,6.0
Movie,Joan Didion: The Center Will Not Hold,2017,TV-14,Documentaries,98.0,0,2,12.0
Movie,Strange Weather,2016,R,"Dramas, Independent Movies",91.0,0,2,10.0
Movie,The Hateful Eight,2015,R,"Action & Adventure, Thrillers",168.0,0,2,11.0
Movie,Jack Whitehall: At Large,2017,TV-MA,Stand-Up Comedy,68.0,0,2,5.0
TV Show,The Mist,2017,TV-MA,"TV Dramas, TV Horror, TV Mysteries",0.0,1,3,1.0
TV Show,W1A,2017,TV-MA,"British TV Shows, TV Comedies",0.0,3,3,16.0
Movie,1922,2017,TV-MA,"Dramas, Thrillers",103.0,0,2,3.0
TV Show,Haters Back Off,2017,TV-PG,"TV Comedies, Teen TV Shows",0.0,2,3,0.0
Movie,One of Us,2017,TV-14,Documentaries,95.0,0,2,12.0
TV Show,The Day I Met El Chapo,2017,TV-MA,"Crime TV Shows, Docuseries, International TV Shows",0.0,1,3,14.0
Movie,Wheelman,2017,TV-MA,Action & Adventure,82.0,0,2,13.0
Movie,Wedding Unplanned,2017,TV-MA,"Comedies, International Movies, Romantic Movies",94.0,0,2,6.0
Movie,Patton Oswalt: Annihilation,2017,TV-MA,Stand-Up Comedy,66.0,0,2,5.0
Movie,Baadshaho,2017,TV-14,"Action & Adventure, International Movies",135.0,0,2,0.0
TV Show,In Laws,2016,TV-PG,"International TV Shows, Romantic TV Shows, TV Dramas",0.0,1,3,0.0
TV Show,Laws of Attraction,2012,TV-14,"International TV Shows, Romantic TV Shows, TV Comedies",0.0,1,3,17.0
Movie,Lucknow Central,2017,TV-14,"Dramas, International Movies, Music & Musicals",144.0,0,2,15.0
Movie,Belief: The Possession of Janet Moses,2015,TV-MA,"Documentaries, International Movies",90.0,0,2,17.0
TV Show,Seven and Me,2017,TV-Y,Kids' TV,0.0,1,3,4.0
Movie,Singapore,1960,TV-PG,"Comedies, Dramas, International Movies",158.0,0,1,0.0
TV Show,West Coast Customs,2015,TV-G,"Docuseries, Reality TV",0.0,6,0,0.0
Movie,Blessed Benefit,2016,TV-14,"Comedies, Dramas, International Movies",83.0,0,2,4.0
Movie,Clair Obscur,2016,TV-MA,"Dramas, International Movies",102.0,0,2,7.0
Movie,"El Especial de Alex Fernández, el Especial",2017,TV-MA,Stand-Up Comedy,52.0,0,2,5.0
Movie,Kingdom of Us,2017,TV-MA,Documentaries,110.0,0,2,17.0
Movie,The Babysitter,2017,TV-MA,"Comedies, Horror Movies",85.0,0,2,6.0
Movie,The Meyerowitz Stories (New and Selected),2017,TV-MA,"Comedies, Dramas, Independent Movies",113.0,0,2,3.0
Movie,Barakah Meets Barakah,2016,TV-MA,"Comedies, International Movies, Romantic Movies",88.0,0,2,6.0
Movie,Bomb Scared,2017,TV-MA,"Comedies, Independent Movies, International Movies",89.0,0,2,6.0
Movie,Christina P: Mother Inferior,2017,TV-MA,Stand-Up Comedy,59.0,0,2,5.0
TV Show,ID-0,2017,TV-PG,"Anime Series, International TV Shows",0.0,1,3,0.0
TV Show,Kibaoh Klashers,2017,TV-Y7,Kids' TV,0.0,2,3,13.0
Movie,The Death and Life of Marsha P. Johnson,2017,TV-MA,"Documentaries, LGBTQ Movies",106.0,0,2,17.0
Movie,Rodney Carrington: Here Comes the Truth,2017,TV-MA,Stand-Up Comedy,66.0,0,2,5.0
Movie,26 Years,2012,TV-MA,"Dramas, International Movies, Thrillers",135.0,0,2,7.0
TV Show,Beyblade Burst,2016,TV-Y7,"Anime Series, Kids' TV",0.0,1,3,13.0
TV Show,Equestria Girls: Tales of Canterlot High,2017,TV-Y7,"Kids' TV, TV Comedies",0.0,1,3,13.0
Movie,For Your Own Good,2017,TV-MA,"Comedies, International Movies",93.0,0,2,6.0
Movie,Franca: Chaos and Creation,2016,TV-MA,"Documentaries, International Movies",79.0,0,2,17.0
Movie,Generation Iron 2,2017,PG-13,"Documentaries, Sports Movies",107.0,0,2,18.0
Movie,Ghost Patrol,2016,TV-Y7,"Children & Family Movies, Comedies",47.0,0,2,16.0
TV Show,Justice in the City,2012,TV-14,"International TV Shows, TV Dramas",0.0,1,3,10.0
TV Show,Noddy Toyland Detective,2016,TV-Y,Kids' TV,0.0,2,3,4.0
TV Show,Star Trek: Enterprise,2004,TV-14,"Classic & Cult TV, TV Action & Adventure, TV Sci-Fi & Fantasy",0.0,4,0,0.0
TV Show,Star Trek: Voyager,2000,TV-PG,"TV Action & Adventure, TV Sci-Fi & Fantasy",0.0,7,0,1.0
TV Show,Sudden,2013,TV-14,"International TV Shows, Romantic TV Shows, TV Dramas",0.0,1,3,10.0
TV Show,The Dream Catchers,2009,TV-14,"International TV Shows, Romantic TV Shows, TV Dramas",0.0,1,3,10.0
Movie,The Lion Woman,2016,TV-14,"Dramas, International Movies",118.0,0,2,15.0
Movie,Verónica,2017,TV-MA,"Dramas, Independent Movies, International Movies",81.0,0,2,7.0
TV Show,What She Put on the Table,2017,TV-14,"International TV Shows, TV Dramas",0.0,1,3,10.0
TV Show,The Royal House of Windsor,2017,TV-MA,"British TV Shows, Docuseries, International TV Shows",0.0,1,3,14.0
Movie,Gerald's Game,2017,TV-MA,"Horror Movies, Thrillers",103.0,0,2,13.0
Movie,Long Shot,2017,TV-14,Documentaries,40.0,0,2,12.0
TV Show,Mak Cun,2015,TV-PG,"International TV Shows, TV Comedies, TV Dramas",0.0,1,3,0.0
Movie,Our Souls at Night,2017,TV-14,"Dramas, Romantic Movies",103.0,0,2,15.0
Movie,Out of Thin Air,2017,TV-MA,"Documentaries, International Movies",85.0,0,2,17.0
TV Show,Paul Hollywood's Big Continental Road Trip,2017,TV-14,"British TV Shows, Docuseries, International TV Shows",0.0,1,3,6.0
TV Show,Real Rob,2017,TV-MA,TV Comedies,0.0,2,3,15.0
TV Show,Satu Hari,2014,TV-PG,"International TV Shows, TV Dramas",0.0,1,3,0.0
Movie,Much Loved,2015,TV-MA,"Dramas, Independent Movies, International Movies",104.0,0,2,7.0
Movie,Def Comedy Jam 25,2017,TV-MA,Stand-Up Comedy,82.0,0,2,5.0
TV Show,Terrace House: Aloha State,2017,TV-14,"International TV Shows, Reality TV",0.0,4,0,0.0
TV Show,Dark Matter,2017,TV-14,"TV Sci-Fi & Fantasy, TV Thrillers",0.0,3,3,8.0
Movie,Swearnet: The Movie,2014,NC-17,"Comedies, International Movies",112.0,0,2,6.0
Movie,The Bar,2017,TV-MA,"Comedies, Horror Movies, International Movies",102.0,0,2,6.0
Movie,Gaga: Five Foot Two,2017,TV-MA,"Documentaries, Music & Musicals",101.0,0,2,17.0
Movie,The Bad Batch,2016,R,"Dramas, Independent Movies, Thrillers",119.0,0,2,10.0
Movie,Jerry Before Seinfeld,2017,TV-14,Stand-Up Comedy,62.0,0,2,5.0
Movie,Barbie Dolphin Magic,2017,TV-Y,Children & Family Movies,64.0,0,2,16.0
Movie,First They Killed My Father,2017,TV-MA,Dramas,137.0,0,2,3.0
Movie,Strong Island,2017,TV-MA,Documentaries,108.0,0,2,17.0
TV Show,VeggieTales in the City,2017,TV-Y,Kids' TV,0.0,2,3,4.0
Movie,Ghost of the Mountains,2017,G,"Children & Family Movies, Documentaries",78.0,0,2,18.0
TV Show,Offspring,2017,TV-MA,"TV Comedies, TV Dramas",0.0,7,0,1.0
Movie,Heroin(e),2017,TV-14,Documentaries,40.0,0,2,12.0
Movie,Jeff Dunham: Relative Disaster,2017,TV-MA,Stand-Up Comedy,71.0,0,2,5.0
Movie,#realityhigh,2017,TV-14,Comedies,99.0,0,2,4.0
TV Show,Apaches,2016,TV-MA,"Crime TV Shows, International TV Shows, Spanish-Language TV Shows",0.0,1,3,11.0
Movie,Fabrizio Copano: Solo pienso en mi,2017,TV-MA,Stand-Up Comedy,60.0,0,2,5.0
TV Show,Fire Chasers,2017,TV-MA,"Docuseries, Science & Nature TV",0.0,1,3,14.0
Movie,Joaquín Reyes: Una y no más,2017,TV-MA,Stand-Up Comedy,78.0,0,2,5.0
Movie,Carrie Pilby,2016,TV-MA,"Comedies, Dramas",98.0,0,2,3.0
Movie,Marc Maron: Too Real,2017,TV-MA,Stand-Up Comedy,70.0,0,2,5.0
TV Show,No Tomorrow,2016,TV-PG,"Romantic TV Shows, TV Comedies, TV Dramas",0.0,1,3,0.0
TV Show,Reign,2017,TV-14,TV Dramas,0.0,4,0,0.0
TV Show,Frequency,2016,TV-14,"Crime TV Shows, TV Dramas, TV Mysteries",0.0,1,3,10.0
TV Show,The Vampire Diaries,2016,TV-14,"TV Dramas, TV Mysteries, TV Sci-Fi & Fantasy",0.0,8,0,1.0
TV Show,A Boy Name Flora A,2017,TV-MA,"International TV Shows, TV Comedies, TV Dramas",0.0,1,3,2.0
TV Show,A House of Blocks,2017,TV-PG,"International TV Shows, TV Dramas, TV Horror",0.0,1,3,0.0
Movie,Aakhri Adaalat,1988,TV-14,"Action & Adventure, International Movies",148.0,0,1,1.0
Movie,"Alias JJ, la celebridad del mal",2017,TV-MA,"Documentaries, International Movies",54.0,0,2,17.0
Movie,Berserk: The Golden Age Arc II - The Battle for Doldrey,2012,TV-MA,"Action & Adventure, Anime Features, International Movies",92.0,0,2,13.0
Movie,Berserk: The Golden Age Arc III - The Advent,2013,TV-MA,"Action & Adventure, Anime Features, International Movies",107.0,0,2,13.0
Movie,Brother's Shadow,2006,TV-MA,"Dramas, Independent Movies",90.0,0,2,3.0
Movie,Chadi Jawani Budhe Nu,1976,TV-PG,"Comedies, International Movies, Romantic Movies",135.0,0,1,0.0
Movie,Ek Jaan Hain Hum,1983,TV-14,"Dramas, International Movies, Music & Musicals",151.0,0,1,0.0
TV Show,FINAL FANTASY XIV Dad of Light,2017,TV-PG,"International TV Shows, TV Dramas",0.0,1,3,0.0
TV Show,Gurren Lagann,2007,TV-14,"Anime Series, International TV Shows",0.0,1,3,9.0
TV Show,High Risk,1988,TV-PG,"Docuseries, Reality TV",0.0,1,1,1.0
Movie,Khoon Khoon,1973,TV-14,"Action & Adventure, International Movies",132.0,0,1,0.0
TV Show,LEGO Elves: Secrets of Elvendale,2017,TV-Y7,Kids' TV,0.0,1,3,13.0
Movie,Little Evil,2017,TV-MA,"Comedies, Horror Movies",95.0,0,2,6.0
Movie,Manoranjan,1974,TV-14,"Comedies, International Movies, Music & Musicals",162.0,0,1,0.0
Movie,Mujrim,1989,TV-14,"Action & Adventure, Dramas, International Movies",163.0,0,1,1.0
TV Show,Narcos,2017,TV-MA,"Crime TV Shows, TV Action & Adventure, TV Dramas",0.0,3,3,16.0
Movie,Offline - Das leben ist kein bonuslevel,2016,TV-MA,"Action & Adventure, Comedies, International Movies",89.0,0,2,6.0
Movie,Resurface,2017,TV-MA,"Documentaries, Sports Movies",28.0,0,2,17.0
Movie,Rocco,2016,TV-MA,"Documentaries, International Movies",103.0,0,2,17.0
Movie,Sohni Mahiwal,1984,TV-14,"Dramas, International Movies, Romantic Movies",160.0,0,1,0.0
Movie,The Distinguished Citizen,2016,TV-MA,"Comedies, Dramas, International Movies",113.0,0,2,7.0
Movie,The Guardian Brothers,2016,TV-G,"Children & Family Movies, Comedies",86.0,0,2,2.0
Movie,The Last Shaman,2016,TV-14,"Documentaries, International Movies",83.0,0,2,12.0
Movie,The Lost Brother,2017,TV-MA,"Dramas, International Movies",113.0,0,2,7.0
Movie,Todo Sobre El Asado,2016,TV-MA,"Documentaries, International Movies",86.0,0,2,17.0
Movie,Ryan Hamilton: Happy Face,2017,TV-14,Stand-Up Comedy,57.0,0,2,5.0
Movie,Buster's Mal Heart,2016,TV-MA,"Independent Movies, Thrillers",98.0,0,2,3.0
Movie,Berlin Syndrome,2017,R,"International Movies, Thrillers",116.0,0,2,11.0
Movie,Death Note,2017,TV-MA,"Horror Movies, Thrillers",100.0,0,2,13.0
Movie,Lynne Koplitz: Hormonal Beast,2017,TV-MA,Stand-Up Comedy,51.0,0,2,5.0
TV Show,Dinotrux,2017,TV-Y7,Kids' TV,0.0,5,0,0.0
TV Show,Marvel's The Defenders,2017,TV-MA,"Crime TV Shows, TV Action & Adventure, TV Dramas",0.0,1,3,2.0
Movie,Undefeated,2011,PG-13,"Documentaries, Sports Movies",113.0,0,2,18.0
Movie,What Happened to Monday,2017,TV-MA,"Action & Adventure, Sci-Fi & Fantasy",124.0,0,2,13.0
TV Show,20 Minutes,2013,TV-MA,"Crime TV Shows, International TV Shows, TV Dramas",0.0,1,3,2.0
Movie,Brad Paisley's Comedy Rodeo,2017,TV-MA,"Music & Musicals, Stand-Up Comedy",63.0,0,2,5.0
Movie,Colin Quinn: Unconstitutional,2015,TV-MA,Stand-Up Comedy,56.0,0,2,5.0
TV Show,Million Yen Women,2017,TV-MA,"Crime TV Shows, International TV Shows, TV Dramas",0.0,1,3,2.0
Movie,The Outcasts,2017,TV-14,Comedies,94.0,0,2,4.0
Movie,Chocolate City: Vegas Strip,2017,TV-MA,Dramas,90.0,0,2,3.0
Movie,Los Herederos,2015,TV-MA,"Dramas, International Movies",71.0,0,2,7.0
Movie,Naked,2017,TV-14,"Comedies, Romantic Movies",97.0,0,2,4.0
Movie,Demonic,2015,R,"Horror Movies, Independent Movies",83.0,0,2,11.0
Movie,The Saint,2017,TV-14,Action & Adventure,92.0,0,2,0.0
Movie,Baahubali 2: The Conclusion (Hindi Version),2017,TV-MA,"Action & Adventure, Dramas, International Movies",165.0,0,2,7.0
Movie,Baahubali 2: The Conclusion (Malayalam Version),2017,TV-14,"Action & Adventure, Dramas, International Movies",166.0,0,2,15.0
Movie,Baahubali 2: The Conclusion (Tamil Version),2017,TV-MA,"Action & Adventure, Dramas, International Movies",166.0,0,2,7.0
Movie,Baahubali: The Beginning (Hindi Version),2015,TV-14,"Action & Adventure, Dramas, International Movies",159.0,0,2,15.0
Movie,Baahubali: The Beginning (Malayalam Version),2015,TV-14,"Action & Adventure, Dramas, International Movies",160.0,0,2,15.0
Movie,Baahubali: The Beginning (Tamil Version),2015,TV-14,"Action & Adventure, Dramas, International Movies",159.0,0,2,15.0
Movie,LEGO Marvel Super Heroes: Avengers Reassembled!,2015,TV-Y7,Children & Family Movies,22.0,0,2,16.0
Movie,Enter the Warriors Gate,2016,PG-13,"Action & Adventure, International Movies, Sci-Fi & Fantasy",105.0,0,2,14.0
Movie,Alan Saldaña: Mi vida de pobre,2017,TV-MA,Stand-Up Comedy,54.0,0,2,5.0
Movie,Icarus,2017,TV-MA,"Documentaries, Sports Movies",121.0,0,2,17.0
Movie,Message from the King,2017,R,"Independent Movies, Thrillers",103.0,0,2,11.0
TV Show,Wet Hot American Summer: Ten Years Later,2017,TV-MA,TV Comedies,0.0,1,3,15.0
Movie,The Invisible Guardian,2017,TV-MA,"International Movies, Thrillers",129.0,0,2,13.0
TV Show,Bountiful Blessings,2011,TV-14,"International TV Shows, TV Dramas, TV Sci-Fi & Fantasy",0.0,1,3,10.0
TV Show,Close Your Eyes Before It’s Dark,2016,TV-14,"Crime TV Shows, International TV Shows, TV Dramas",0.0,1,3,10.0
TV Show,Entangled,2014,TV-14,"International TV Shows, TV Dramas",0.0,1,3,10.0
TV Show,Fartsa,2015,TV-14,"Crime TV Shows, International TV Shows, TV Dramas",0.0,1,3,10.0
Movie,Handsome Devil,2016,TV-MA,"Comedies, Dramas, International Movies",95.0,0,2,7.0
TV Show,"Have You Ever Fallen in Love, Miss Jiang?",2016,TV-14,"Crime TV Shows, International TV Shows, TV Dramas",0.0,1,3,10.0
Movie,Jessica Darling's It List,2016,TV-Y,"Children & Family Movies, Comedies",80.0,0,2,16.0
TV Show,Life Plan A and B,2016,TV-PG,"International TV Shows, Romantic TV Shows, TV Dramas",0.0,1,3,0.0
TV Show,Locust,2014,TV-MA,"Crime TV Shows, International TV Shows, Romantic TV Shows",0.0,1,3,11.0
TV Show,Love Storm,2016,TV-14,"International TV Shows, Romantic TV Shows, TV Comedies",0.0,1,3,17.0
Movie,Maz Jobrani: Immigrant,2017,TV-14,Stand-Up Comedy,67.0,0,2,5.0
Movie,Opening Night,2016,TV-MA,"Comedies, Independent Movies, Music & Musicals",84.0,0,2,3.0
Movie,Raising the Bar,2016,TV-Y,"Children & Family Movies, Dramas, Sports Movies",97.0,0,2,16.0
TV Show,Surviving Escobar - Alias JJ,2017,TV-MA,"Crime TV Shows, International TV Shows, Spanish-Language TV Shows",0.0,1,3,11.0
Movie,The Blind Christ,2016,TV-MA,"Dramas, Independent Movies, International Movies",86.0,0,2,7.0
TV Show,The In-Laws,2011,TV-14,"International TV Shows, TV Dramas",0.0,1,3,10.0
TV Show,The IT Crowd,2013,TV-MA,"British TV Shows, Classic & Cult TV, International TV Shows",0.0,5,0,0.0
Movie,Un plus une,2015,TV-MA,"Comedies, Dramas, International Movies",114.0,0,2,7.0
TV Show,Vexed,2012,TV-MA,"British TV Shows, Crime TV Shows, International TV Shows",0.0,2,3,11.0
TV Show,World War II in Colour,2009,TV-MA,"British TV Shows, Docuseries, International TV Shows",0.0,1,3,14.0
TV Show,Daughters of Destiny,2017,TV-14,Docuseries,0.0,1,3,6.0
Movie,The Incredible Jessica James,2017,TV-MA,"Comedies, Independent Movies, Romantic Movies",84.0,0,2,6.0
Movie,Joe Mande’s Award-Winning Comedy Special,2017,TV-MA,Stand-Up Comedy,67.0,0,2,5.0
Movie,I Called Him Morgan,2016,TV-14,"Documentaries, Music & Musicals",91.0,0,2,12.0
Movie,Aditi Mittal: Things They Wouldn't Let Me Say,2017,TV-MA,Stand-Up Comedy,63.0,0,2,5.0
TV Show,Ari Shaffir: Double Negative,2017,TV-MA,Stand-Up Comedy & Talk Shows,0.0,1,3,15.0
Movie,Uncertain Glory,2017,TV-MA,"Dramas, International Movies",116.0,0,2,7.0
Movie,Amar,2017,TV-MA,"Dramas, International Movies, Romantic Movies",104.0,0,2,7.0
Movie,Buddy Thunderstruck: The Maybe Pile,2017,TV-Y7,"Children & Family Movies, Comedies",14.0,0,2,16.0
Movie,Chasing Coral,2017,TV-PG,Documentaries,89.0,0,2,8.0
Movie,To the Bone,2017,TV-MA,"Dramas, Independent Movies",108.0,0,2,3.0
Movie,D.L. Hughley: Clear,2014,TV-MA,Stand-Up Comedy,59.0,0,2,5.0
Movie,Tom Segura: Completely Normal,2014,TV-MA,Stand-Up Comedy,74.0,0,2,5.0
TV Show,Dawn of the Croods,2017,TV-Y7,Kids' TV,0.0,4,0,0.0
TV Show,Degrassi: Next Class,2017,TV-14,"International TV Shows, TV Dramas, Teen TV Shows",0.0,4,0,0.0
TV Show,Diamond Lover,2015,TV-PG,"International TV Shows, Romantic TV Shows, TV Dramas",0.0,1,3,0.0
TV Show,King’s War,2012,TV-14,"International TV Shows, TV Dramas",0.0,1,3,10.0
TV Show,Qin Empire: Alliance,2012,TV-14,"International TV Shows, TV Dramas",0.0,1,3,10.0
Movie,Take Me,2017,TV-MA,"Comedies, Independent Movies",84.0,0,2,3.0
TV Show,The Legend of Bruce Lee,2008,TV-14,"International TV Shows, TV Action & Adventure, TV Dramas",0.0,1,3,10.0
Movie,10 jours en or,2012,TV-14,"Comedies, Dramas, International Movies",97.0,0,2,4.0
TV Show,46,2016,TV-MA,"International TV Shows, TV Dramas, TV Mysteries",0.0,1,3,1.0
Movie,A 2nd Chance,2011,PG,"Children & Family Movies, Dramas, Sports Movies",95.0,0,2,2.0
TV Show,Against the Tide,2014,TV-14,"Crime TV Shows, International TV Shows, TV Dramas",0.0,1,3,10.0
Movie,Amrapali,1966,TV-PG,"Dramas, International Movies, Music & Musicals",116.0,0,1,0.0
TV Show,Barbie Life in the Dreamhouse,2012,TV-Y,"Kids' TV, TV Comedies",0.0,1,3,4.0
TV Show,Breakout,2010,TV-14,"International TV Shows, TV Dramas",0.0,1,3,10.0
Movie,Hans Teeuwen: Real Rancour,2018,TV-MA,Stand-Up Comedy,86.0,0,2,5.0
TV Show,Intersection,2016,TV-MA,"International TV Shows, Romantic TV Shows, TV Dramas",0.0,3,3,16.0
Movie,Lal Patthar,1971,TV-14,"Classic Movies, Dramas, International Movies",153.0,0,1,0.0
TV Show,Learning Songs by Little Baby Bum: Nursery Rhyme Friends,2015,TV-Y,"British TV Shows, Kids' TV",0.0,1,3,4.0
Movie,Liar's Dice,2013,TV-MA,"Dramas, Independent Movies, International Movies",104.0,0,2,7.0
TV Show,Mystic Whispers,2014,TV-14,"International TV Shows, TV Dramas, TV Horror",0.0,1,3,10.0
Movie,Professor,1962,TV-PG,"Comedies, Dramas, International Movies",163.0,0,1,0.0
TV Show,Spice Up,2014,TV-14,"International TV Shows, Romantic TV Shows, TV Dramas",0.0,1,3,10.0
Movie,The Invisible Guest,2016,TV-14,"International Movies, Thrillers",106.0,0,2,0.0
TV Show,The Oath,2011,TV-14,"International TV Shows, Romantic TV Shows, TV Dramas",0.0,1,3,10.0
TV Show,The Truth Seekers,2016,TV-MA,"Crime TV Shows, International TV Shows, TV Dramas",0.0,1,3,2.0
TV Show,The Ultimatum,2009,TV-14,"International TV Shows, TV Dramas",0.0,1,3,10.0
TV Show,Unriddle,2012,TV-14,"Crime TV Shows, International TV Shows, TV Dramas",0.0,2,3,10.0
TV Show,World at Your Feet,2014,TV-14,"International TV Shows, TV Dramas",0.0,1,3,10.0
Movie,Yaar Gaddar,1994,TV-14,"Dramas, International Movies",148.0,0,1,1.0
TV Show,Yes We Can!,2014,TV-14,"International TV Shows, TV Dramas",0.0,1,3,10.0
TV Show,Yours Fatefully,2012,TV-14,"International TV Shows, Romantic TV Shows, TV Comedies",0.0,1,3,17.0
Movie,Zipi & Zape y la Isla del Capitan,2016,TV-PG,"Children & Family Movies, Comedies",105.0,0,2,2.0
TV Show,Criminal Minds,2017,TV-14,"Crime TV Shows, TV Dramas, TV Mysteries",0.0,12,0,1.0
TV Show,Gypsy,2017,TV-MA,TV Dramas,0.0,1,3,2.0
TV Show,Little Witch Academia,2017,TV-Y7,"Anime Series, International TV Shows",0.0,2,3,9.0
Movie,Okja,2017,TV-MA,"Action & Adventure, Comedies, Dramas",121.0,0,2,3.0
Movie,Chris D'Elia: Man on Fire,2017,TV-MA,Stand-Up Comedy,66.0,0,2,5.0
Movie,I Am Michael,2015,TV-MA,"Dramas, LGBTQ Movies",102.0,0,2,3.0
Movie,Nobody Speak: Trials of the Free Press,2017,TV-14,Documentaries,96.0,0,2,12.0
Movie,You Get Me,2017,TV-MA,"Dramas, Thrillers",89.0,0,2,3.0
Movie,Dangal,2016,TV-PG,"Dramas, International Movies, Sports Movies",161.0,0,2,1.0
TV Show,Young & Hungry,2017,TV-14,TV Comedies,0.0,5,0,0.0
TV Show,Pac-Man and the Ghostly Adventures,2014,TV-Y7,"Kids' TV, TV Comedies",0.0,2,3,13.0
Movie,Puss in Book: Trapped in an Epic Tale,2017,TV-Y7,"Children & Family Movies, Comedies",24.0,0,2,16.0
Movie,Rory Scovel Tries Stand-Up for the First Time,2017,TV-MA,Stand-Up Comedy,66.0,0,2,5.0
TV Show,Aquarius,2016,TV-MA,"Crime TV Shows, TV Dramas",0.0,2,3,16.0
Movie,Counterpunch,2017,TV-MA,"Documentaries, Sports Movies",91.0,0,2,17.0
Movie,What the Health,2017,TV-PG,Documentaries,92.0,0,2,8.0
TV Show,World of Winx,2017,TV-Y7,Kids' TV,0.0,2,3,13.0
Movie,Kanavu Variyam,2017,TV-PG,"Comedies, Dramas, International Movies",104.0,0,2,1.0
Movie,Marco Luque: Tamo Junto,2017,TV-MA,Stand-Up Comedy,73.0,0,2,5.0
Movie,The Russian Revolution,2017,TV-PG,Documentaries,47.0,0,2,8.0
Movie,"Oh, Hello On Broadway",2017,TV-MA,Stand-Up Comedy,102.0,0,2,5.0
TV Show,28 Moons,2016,TV-PG,"International TV Shows, Korean TV Shows, Romantic TV Shows",0.0,1,3,12.0
TV Show,Magic Phone,2016,TV-PG,"International TV Shows, Korean TV Shows, Romantic TV Shows",0.0,1,3,12.0
TV Show,Man to Man,2017,TV-14,"Crime TV Shows, International TV Shows, Korean TV Shows",0.0,1,3,12.0
TV Show,My Little Baby,2016,TV-PG,"Crime TV Shows, International TV Shows, Korean TV Shows",0.0,1,3,0.0
TV Show,Singles Villa,2015,TV-14,"International TV Shows, Romantic TV Shows, TV Dramas",0.0,1,3,10.0
TV Show,Under the Black Moonlight,2016,TV-14,"International TV Shows, Korean TV Shows, TV Dramas",0.0,1,3,10.0
TV Show,My Only Love Song,2017,TV-MA,"International TV Shows, Korean TV Shows, Romantic TV Shows",0.0,1,3,12.0
Movie,Shimmer Lake,2017,TV-MA,"Dramas, Independent Movies, Thrillers",87.0,0,2,3.0
Movie,The Wishing Tree,2017,TV-14,"Children & Family Movies, Dramas, Music & Musicals",117.0,0,2,15.0
Movie,Headshot,2016,TV-MA,"Action & Adventure, International Movies",119.0,0,2,13.0
Movie,1898: Our Last Men in the Philippines,2016,R,"Dramas, International Movies",130.0,0,2,10.0
TV Show,Crashing,2016,TV-MA,"British TV Shows, International TV Shows, Romantic TV Shows",0.0,1,3,11.0
TV Show,Flaked,2017,TV-MA,"TV Comedies, TV Dramas",0.0,2,3,16.0
Movie,Lucid Dream,2017,TV-MA,"International Movies, Sci-Fi & Fantasy, Thrillers",102.0,0,2,13.0
Movie,Aashik Awara,1993,TV-14,"Dramas, International Movies, Music & Musicals",154.0,0,1,1.0
Movie,Amelia: A Tale of Two Sisters,2017,TV-PG,Documentaries,44.0,0,2,8.0
Movie,Catfight,2016,TV-MA,"Comedies, Independent Movies",96.0,0,2,3.0
Movie,How to Stage a Coup,2017,TV-14,Documentaries,47.0,0,2,12.0
Movie,Jackie: A Tale of Two Sisters,2017,TV-PG,Documentaries,44.0,0,2,8.0
Movie,Lens,2015,TV-MA,"Dramas, Independent Movies, International Movies",109.0,0,2,7.0
Movie,Little Boxes,2016,TV-MA,"Comedies, Dramas, Independent Movies",89.0,0,2,3.0
Movie,Love.com,2017,TV-MA,"Comedies, International Movies, Romantic Movies",92.0,0,2,6.0
Movie,Maya Memsaab,1993,TV-14,"Dramas, International Movies, Music & Musicals",122.0,0,1,1.0
Movie,Michael Lost and Found,2017,TV-PG,"Documentaries, International Movies, LGBTQ Movies",19.0,0,2,8.0
TV Show,Mind Game,2015,TV-14,"Crime TV Shows, International TV Shows, TV Dramas",0.0,1,3,10.0
TV Show,Miniforce,2016,TV-Y7,"Kids' TV, Korean TV Shows",0.0,1,3,13.0
TV Show,Off Camera,2015,TV-MA,Stand-Up Comedy & Talk Shows,0.0,3,3,16.0
Movie,Oh Darling Yeh Hai India,1995,TV-14,"Action & Adventure, Comedies, International Movies",154.0,0,1,1.0
Movie,Prince,1969,TV-PG,"Dramas, International Movies, Romantic Movies",152.0,0,1,0.0
Movie,Qila,1998,TV-14,"Dramas, International Movies",161.0,0,1,1.0
Movie,Smoke & Mirrors,2016,TV-14,"Dramas, International Movies, Thrillers",123.0,0,2,15.0
TV Show,The Day Will Come,2016,TV-14,"International TV Shows, TV Dramas",0.0,1,3,10.0
TV Show,The Dream Job,2016,TV-14,"International TV Shows, TV Dramas",0.0,1,3,10.0
Movie,The Mitfords: A Tale of Two Sisters,2017,TV-PG,Documentaries,44.0,0,2,8.0
Movie,Without Gorky,2011,TV-14,Documentaries,80.0,0,2,12.0
Movie,Sarah Silverman A Speck of Dust,2017,TV-MA,Stand-Up Comedy,71.0,0,2,5.0
Movie,Rangoon,2017,TV-14,"Action & Adventure, Dramas, International Movies",153.0,0,2,15.0
TV Show,Bloodline,2017,TV-MA,"TV Dramas, TV Mysteries, TV Thrillers",0.0,3,3,16.0
Movie,Joshua: Teenager vs. Superpower,2017,TV-14,Documentaries,79.0,0,2,12.0
Movie,Raees,2017,TV-14,"Action & Adventure, Dramas, International Movies",143.0,0,2,15.0
Movie,War Machine,2017,TV-MA,"Comedies, Dramas",123.0,0,2,3.0
Movie,Arès,2016,TV-MA,"Action & Adventure, International Movies, Sci-Fi & Fantasy",80.0,0,2,13.0
Movie,Hasan Minhaj: Homecoming King,2017,TV-MA,Stand-Up Comedy,73.0,0,2,5.0
Movie,BLAME!,2017,TV-14,"Action & Adventure, Anime Features, International Movies",106.0,0,2,0.0
TV Show,Highland: Thailand's Marijuana Awakening,2017,TV-MA,"Docuseries, International TV Shows",0.0,1,3,14.0
Movie,Laerte-se,2017,TV-MA,"Documentaries, International Movies, LGBTQ Movies",101.0,0,2,17.0
TV Show,The Keepers,2017,TV-MA,"Crime TV Shows, Docuseries, TV Mysteries",0.0,1,3,14.0
Movie,Tracy Morgan: Staying Alive,2017,TV-MA,Stand-Up Comedy,59.0,0,2,5.0
Movie,Chamatkar,1992,TV-14,"Comedies, International Movies, Sci-Fi & Fantasy",164.0,0,1,1.0
Movie,Kabhi Haan Kabhi Naa,1994,TV-14,"Comedies, Dramas, International Movies",151.0,0,1,1.0
Movie,Lovesong,2016,TV-MA,"Dramas, Independent Movies, Romantic Movies",84.0,0,2,3.0
Movie,Natascha Kampusch: The Whole Story,2010,TV-14,Movies,51.0,0,2,12.0
Movie,Ram Jaane,1995,TV-14,"Dramas, International Movies, Music & Musicals",142.0,0,1,1.0
Movie,The Devil's Mistress,2016,TV-MA,"Dramas, International Movies",110.0,0,2,7.0
Movie,Wild Oats,2016,PG-13,Comedies,86.0,0,2,14.0
TV Show,All Hail King Julien: Exiled,2017,TV-Y7,"Kids' TV, TV Action & Adventure, TV Comedies",0.0,1,3,13.0
Movie,Get Me Roger Stone,2017,TV-MA,Documentaries,101.0,0,2,17.0
Movie,Mindhorn,2017,TV-MA,"Comedies, Cult Movies, Independent Movies",88.0,0,2,3.0
Movie,Sahara,2017,TV-Y7,Children & Family Movies,86.0,0,2,16.0
Movie,"Norm Macdonald: Hitler's Dog, Gossip & Trickery",2017,TV-MA,Stand-Up Comedy,61.0,0,2,5.0
Movie,Handsome: A Netflix Mystery Movie,2017,TV-MA,Comedies,81.0,0,2,6.0
TV Show,Kazoops!,2017,TV-Y,Kids' TV,0.0,3,3,4.0
Movie,Simplemente Manu NNa,2017,TV-MA,Stand-Up Comedy,72.0,0,2,5.0
Movie,The Mars Generation,2017,TV-PG,"Children & Family Movies, Documentaries",98.0,0,2,8.0
Movie,Maria Bamford: Old Baby,2017,TV-MA,Stand-Up Comedy,64.0,0,2,5.0
Movie,A Yellow Bird,2016,TV-MA,"Dramas, Independent Movies, International Movies",111.0,0,2,7.0
Movie,Chaahat,1996,TV-14,"Dramas, International Movies, Romantic Movies",148.0,0,1,1.0
Movie,English Babu Desi Mem,1996,TV-14,"Comedies, Dramas, International Movies",163.0,0,1,1.0
Movie,He Even Has Your Eyes,2016,TV-MA,"Comedies, International Movies",95.0,0,2,6.0
Movie,In the Shadow of Iris,2016,TV-MA,"Dramas, International Movies, Thrillers",99.0,0,2,7.0
Movie,JFK: The Making of a President,2017,TV-PG,Documentaries,44.0,0,2,8.0
Movie,Kiss & Cry,2017,TV-MA,"Dramas, International Movies, Romantic Movies",93.0,0,2,7.0
Movie,Loev,2015,TV-MA,"Dramas, Independent Movies, International Movies",89.0,0,2,7.0
Movie,Mostly Sunny,2016,TV-MA,"Documentaries, International Movies",83.0,0,2,17.0
Movie,The Next Skin,2016,TV-MA,"Dramas, International Movies",104.0,0,2,7.0
Movie,Casting JonBenet,2017,TV-14,Documentaries,81.0,0,2,12.0
TV Show,Jumping Girl,2015,TV-14,"International TV Shows, Korean TV Shows, Romantic TV Shows",0.0,1,3,12.0
TV Show,President,2010,TV-14,"International TV Shows, Korean TV Shows, TV Dramas",0.0,1,3,10.0
Movie,Rodney King,2017,TV-MA,Dramas,53.0,0,2,3.0
Movie,Small Crimes,2017,TV-MA,"Dramas, Thrillers",95.0,0,2,3.0
TV Show,What in the World Happened?,2015,TV-14,"International TV Shows, Korean TV Shows, Romantic TV Shows",0.0,1,3,12.0
TV Show,Mar de Plástico,2017,TV-MA,"Crime TV Shows, International TV Shows, Spanish-Language TV Shows",0.0,2,3,11.0
Movie,Dear Zindagi,2016,TV-14,"Comedies, Dramas, International Movies",149.0,0,2,4.0
Movie,Shepherds and Butchers,2016,R,"Dramas, International Movies",106.0,0,2,10.0
Movie,The 101-Year-Old Man Who Skipped Out on the Bill and Disappeared,2016,TV-MA,"Comedies, International Movies",108.0,0,2,6.0
Movie,Vir Das: Abroad Understanding,2017,TV-MA,Stand-Up Comedy,66.0,0,2,5.0
TV Show,Fangbone,2016,TV-Y7,"Kids' TV, TV Comedies",0.0,1,3,13.0
TV Show,Girlboss,2017,TV-MA,TV Comedies,0.0,1,3,15.0
TV Show,Hot Girls Wanted: Turned On,2017,TV-MA,Docuseries,0.0,1,3,14.0
Movie,Sand Castle,2017,TV-MA,"Action & Adventure, Dramas, Independent Movies",113.0,0,2,3.0
TV Show,The Mr. Peabody and Sherman Show,2017,TV-Y7,"Kids' TV, TV Comedies",0.0,4,0,0.0
Movie,Tramps,2017,TV-MA,"Dramas, Independent Movies, Romantic Movies",83.0,0,2,3.0
Movie,Lucas Brothers: On Drugs,2017,TV-MA,Stand-Up Comedy,50.0,0,2,5.0
Movie,Bibi & Tina,2014,TV-PG,"Children & Family Movies, Music & Musicals",97.0,0,2,2.0
Movie,Bibi & Tina II,2014,TV-14,"Children & Family Movies, Music & Musicals",105.0,0,2,0.0
Movie,Bibi & Tina: Girls Versus Boys,2016,TV-14,"Children & Family Movies, Music & Musicals",107.0,0,2,0.0
Movie,Slam,2017,TV-MA,"Comedies, Dramas, International Movies",99.0,0,2,7.0
Movie,The Wedding Party,2016,TV-14,"Comedies, Dramas, International Movies",101.0,0,2,4.0
Movie,Arctic Heart,2016,TV-14,"Dramas, International Movies, Romantic Movies",81.0,0,2,15.0
Movie,Our Lovers,2016,TV-MA,"Comedies, Dramas, International Movies",92.0,0,2,7.0
Movie,Sandy Wexler,2017,TV-14,Comedies,131.0,0,2,4.0
Movie,Macho,2016,TV-MA,"Comedies, International Movies, LGBTQ Movies",101.0,0,2,6.0
Movie,Kevin Hart: What Now?,2016,R,Stand-Up Comedy,96.0,0,2,11.0
Movie,Frat Star,2017,TV-MA,Comedies,85.0,0,2,6.0
TV Show,The Miracle,2016,TV-14,"International TV Shows, Korean TV Shows, TV Dramas",0.0,1,3,10.0
TV Show,The Get Down,2017,TV-MA,TV Dramas,0.0,2,3,16.0
Movie,The Lighthouse of the Orcas,2016,TV-MA,"Dramas, International Movies, Romantic Movies",110.0,0,2,7.0
Movie,Win It All,2017,TV-MA,"Comedies, Independent Movies, Romantic Movies",89.0,0,2,6.0
Movie,Louis C.K. 2017,2017,74 min,Movies,88.0,0,2,18.0
TV Show,Burned Cocoon,2005,TV-MA,"International TV Shows, TV Dramas",0.0,1,3,2.0
Movie,Couples Counseling,2016,TV-MA,"Comedies, Dramas, International Movies",88.0,0,2,7.0
Movie,Deuces,2016,TV-MA,Dramas,88.0,0,2,3.0
Movie,Elaan,1971,TV-14,"Action & Adventure, Cult Movies, International Movies",143.0,0,1,0.0
Movie,Five Nights in Maine,2015,TV-MA,"Dramas, Independent Movies",83.0,0,2,3.0
Movie,Killa,2014,TV-14,"Dramas, International Movies",107.0,0,2,15.0
Movie,Life 2.0,2010,TV-MA,Documentaries,99.0,0,2,17.0
Movie,Salaakhen,1975,TV-14,"Action & Adventure, International Movies, Music & Musicals",134.0,0,1,0.0
Movie,Skins,2017,TV-MA,"Dramas, International Movies",78.0,0,2,7.0
Movie,The Tenth Man,2016,TV-MA,"Dramas, International Movies",81.0,0,2,7.0
Movie,Toro,2016,TV-MA,"Dramas, International Movies, Thrillers",106.0,0,2,7.0
Movie,Bridget Christie: Stand Up for Her,2016,TV-MA,Stand-Up Comedy,51.0,0,2,5.0
TV Show,Five Came Back,2017,TV-MA,Docuseries,0.0,1,3,14.0
TV Show,Hoff the Record,2016,TV-MA,"British TV Shows, TV Comedies",0.0,2,3,15.0
Movie,The Discovery,2017,TV-MA,"Dramas, Independent Movies, Romantic Movies",102.0,0,2,3.0
Movie,Jo Koy: Live from Seattle,2017,TV-MA,Stand-Up Comedy,63.0,0,2,5.0
TV Show,Bottersnikes & Gumbles,2017,TV-Y7,"British TV Shows, Kids' TV",0.0,2,3,13.0
Movie,Felipe Neto: My Life Makes No Sense,2017,TV-MA,Stand-Up Comedy,91.0,0,2,5.0
Movie,The C Word,2016,TV-14,Documentaries,93.0,0,2,12.0
Movie,The Most Hated Woman in America,2017,TV-MA,Dramas,93.0,0,2,3.0
TV Show,Dave Chappelle,2017,TV-MA,"Stand-Up Comedy & Talk Shows, TV Comedies",0.0,1,3,15.0
TV Show,One-Punch Man,2015,TV-14,"Anime Series, Crime TV Shows, International TV Shows",0.0,1,3,9.0
Movie,Best Worst Thing That Ever Could Have Happened,2016,TV-MA,Documentaries,97.0,0,2,17.0
Movie,Deidra & Laney Rob a Train,2017,TV-14,"Comedies, Dramas, Independent Movies",92.0,0,2,4.0
TV Show,Julie's Greenroom,2017,TV-Y,Kids' TV,0.0,1,3,4.0
TV Show,Outback Truckers,2015,TV-MA,Reality TV,0.0,3,3,16.0
Movie,Pandora,2016,TV-MA,"Dramas, International Movies, Thrillers",137.0,0,2,7.0
TV Show,Samurai Gourmet,2017,TV-PG,"International TV Shows, TV Dramas",0.0,1,3,0.0
Movie,Howards End,1992,PG,"Classic Movies, Dramas, Independent Movies",143.0,0,1,1.0
Movie,Asoka,2001,R,"Action & Adventure, Dramas, International Movies",168.0,0,1,1.0
Movie,"Bon Cop, Bad Cop",2006,TV-MA,"Action & Adventure, Comedies, International Movies",117.0,0,2,6.0
Movie,Notes on Blindness,2016,TV-PG,"Documentaries, Dramas, International Movies",87.0,0,2,8.0
Movie,One 2 Ka 4,2001,TV-14,"Action & Adventure, Comedies, Dramas",160.0,0,1,1.0
TV Show,Cheer Squad,2016,TV-PG,"Reality TV, Teen TV Shows",0.0,1,3,5.0
Movie,Jim Norton: Mouthful of Shame,2017,TV-MA,Stand-Up Comedy,62.0,0,2,5.0
Movie,100 Meters,2016,TV-MA,"Dramas, International Movies, Sports Movies",109.0,0,2,7.0
TV Show,Buddy Thunderstruck,2017,TV-Y7,"Kids' TV, TV Comedies",0.0,1,3,13.0
Movie,Burning Sands,2017,TV-MA,"Dramas, Independent Movies",102.0,0,2,3.0
TV Show,One More Time,2016,TV-14,"International TV Shows, Korean TV Shows, Romantic TV Shows",0.0,1,3,12.0
Movie,The Butterfly's Dream,2013,TV-PG,"Dramas, International Movies, Romantic Movies",118.0,0,2,1.0
Movie,Amy Schumer: The Leather Special,2017,TV-MA,Stand-Up Comedy,57.0,0,2,5.0
TV Show,Love Is in the Air,2010,TV-14,"International TV Shows, TV Dramas",0.0,1,3,10.0
Movie,Nila,2016,TV-MA,"Dramas, International Movies, Romantic Movies",94.0,0,2,7.0
TV Show,Tong: Memories,2016,TV-MA,"International TV Shows, Korean TV Shows, TV Action & Adventure",0.0,1,3,11.0
Movie,Mike Birbiglia: Thank God for Jokes,2017,TV-MA,Stand-Up Comedy,71.0,0,2,5.0
Movie,Force 2,2016,TV-14,"Action & Adventure, International Movies",123.0,0,2,0.0
Movie,Jonas,2015,TV-MA,"Dramas, International Movies",97.0,0,2,7.0
Movie,Operações Especiais,2015,TV-MA,"Action & Adventure, International Movies",99.0,0,2,13.0
Movie,I Don't Feel at Home in This World Anymore,2017,TV-MA,"Dramas, Independent Movies, Thrillers",97.0,0,2,3.0
TV Show,Legend Quest,2017,TV-Y7,Kids' TV,0.0,1,3,13.0
TV Show,The Sound of Your Heart,2016,TV-14,"International TV Shows, Korean TV Shows, TV Comedies",0.0,1,3,17.0
TV Show,Love Me As I Am,2015,TV-PG,"International TV Shows, Romantic TV Shows, TV Comedies",0.0,3,3,8.0
Movie,Trevor Noah: Afraid of the Dark,2017,TV-14,Stand-Up Comedy,67.0,0,2,5.0
Movie,Boy Missing,2016,TV-MA,"International Movies, Thrillers",105.0,0,2,13.0
Movie,Growing Up Wild,2016,G,"Children & Family Movies, Documentaries",78.0,0,2,18.0
Movie,Tini: The New Life of Violetta,2016,G,"Children & Family Movies, Music & Musicals",99.0,0,2,2.0
TV Show,Love for Ten: Generation of Youth,2013,TV-14,"International TV Shows, Korean TV Shows, Romantic TV Shows",0.0,1,3,12.0
Movie,Rocky Handsome,2016,TV-MA,"Action & Adventure, International Movies",119.0,0,2,13.0
Movie,A Heavy Heart,2015,TV-MA,"Dramas, Independent Movies, International Movies",109.0,0,2,7.0
TV Show,Nightmare High,2016,TV-14,"International TV Shows, Korean TV Shows, TV Dramas",0.0,1,3,10.0
Movie,Rush: Beyond the Lighted Stage,2010,TV-MA,"Documentaries, Music & Musicals",107.0,0,2,17.0
TV Show,Spark,2016,TV-PG,"International TV Shows, Korean TV Shows, Romantic TV Shows",0.0,1,3,12.0
Movie,The Fury of a Patient Man,2016,TV-MA,"International Movies, Thrillers",92.0,0,2,13.0
Movie,The Memory of Water,2015,TV-MA,"Dramas, International Movies",88.0,0,2,7.0
Movie,Girlfriend's Day,2017,TV-MA,"Comedies, Independent Movies",71.0,0,2,3.0
Movie,Katherine Ryan: In Trouble,2017,TV-MA,Stand-Up Comedy,64.0,0,2,5.0
TV Show,White Nights,2016,TV-14,"International TV Shows, Korean TV Shows, TV Dramas",0.0,1,3,10.0
TV Show,Cyborg 009: Call of Justice,2017,TV-14,"Anime Series, International TV Shows",0.0,1,3,9.0
Movie,David Brent: Life on the Road,2016,TV-MA,"Comedies, International Movies, Music & Musicals",97.0,0,2,6.0
Movie,Grillo vs Grillo,2017,TV-MA,Stand-Up Comedy,96.0,0,2,5.0
Movie,Hitler - A Career,1977,TV-MA,"Documentaries, International Movies",150.0,0,1,0.0
Movie,"Michael Bolton's Big, Sexy Valentine's Day Special",2017,TV-MA,"Comedies, Music & Musicals, Romantic Movies",54.0,0,2,6.0
Movie,Daniel Sosa: Sosafado,2017,TV-MA,Stand-Up Comedy,78.0,0,2,5.0
Movie,Imperial Dreams,2014,TV-MA,Dramas,86.0,0,2,3.0
Movie,Dilwale,2015,TV-PG,"Action & Adventure, Dramas, International Movies",154.0,0,2,1.0
Movie,Happy New Year,2014,TV-14,"Action & Adventure, Comedies, Dramas",179.0,0,2,4.0
Movie,Haraamkhor,2015,TV-14,"Dramas, Independent Movies, International Movies",93.0,0,2,15.0
Movie,Heroes Wanted,2016,TV-MA,"Action & Adventure, Comedies, International Movies",97.0,0,2,6.0
Movie,The Reconquest,2016,TV-MA,"Dramas, International Movies, Romantic Movies",108.0,0,2,7.0
Movie,Zapped,2014,TV-Y,"Children & Family Movies, Comedies",92.0,0,2,2.0
Movie,Bill Burr: Walk Your Way Out,2017,TV-MA,Stand-Up Comedy,78.0,0,2,5.0
Movie,Semana Santa,2015,TV-MA,"Dramas, International Movies",87.0,0,2,7.0
Movie,Journey to Greenland,2016,TV-14,"Comedies, International Movies",99.0,0,2,4.0
Movie,IBOY,2017,TV-MA,"International Movies, Sci-Fi & Fantasy, Thrillers",91.0,0,2,13.0
Movie,O Silêncio do Céu,2016,TV-MA,"Dramas, International Movies",102.0,0,2,7.0
Movie,Cristela Alonzo: Lower Classy,2017,TV-MA,Stand-Up Comedy,67.0,0,2,5.0
Movie,Gad Gone Wild,2017,TV-MA,Stand-Up Comedy,57.0,0,2,5.0
Movie,Pink,2016,TV-14,"Dramas, International Movies",130.0,0,2,15.0
Movie,Take the 10,2017,TV-MA,Comedies,80.0,0,2,6.0
Movie,Neal Brennan: 3 Mics,2017,TV-MA,Stand-Up Comedy,66.0,0,2,5.0
Movie,Berlin Calling,2008,TV-MA,"Dramas, International Movies, Music & Musicals",105.0,0,2,7.0
Movie,Sarajevo,2014,TV-PG,"Dramas, International Movies",98.0,0,2,1.0
Movie,Stereo,2014,TV-MA,"International Movies, Thrillers",91.0,0,2,13.0
Movie,We Are Young. We Are Strong.,2014,TV-MA,"Dramas, International Movies",123.0,0,2,7.0
Movie,Casablancas: The Man Who Loved Women,2016,TV-14,"Documentaries, International Movies",82.0,0,2,12.0
Movie,Clinical,2017,TV-MA,"Horror Movies, Thrillers",104.0,0,2,13.0
Movie,Very Big Shot,2015,TV-MA,"Comedies, Dramas, International Movies",109.0,0,2,7.0
Movie,Jim Gaffigan: Cinco,2017,TV-14,Stand-Up Comedy,74.0,0,2,5.0
TV Show,We're Lalaloopsy,2017,TV-Y,"Kids' TV, TV Comedies",0.0,1,3,4.0
Movie,Under the Shadow,2016,PG-13,"Horror Movies, International Movies, Thrillers",84.0,0,2,13.0
Movie,Coin Heist,2017,TV-14,"Children & Family Movies, Dramas",98.0,0,2,15.0
Movie,LEGO: Marvel Super Heroes: Maximum Overload,2013,TV-Y7,Children & Family Movies,22.0,0,2,16.0
Movie,Rampage: President Down,2016,TV-MA,"Action & Adventure, International Movies",100.0,0,2,13.0
Movie,Marvel's Hulk: Where Monsters Dwell,2016,PG,"Children & Family Movies, Sci-Fi & Fantasy",75.0,0,2,2.0
Movie,Jen Kirkman: Just Keep Livin’?,2017,TV-MA,Stand-Up Comedy,69.0,0,2,5.0
Movie,Autohead,2016,TV-MA,"Dramas, International Movies, Thrillers",97.0,0,2,7.0
Movie,Bee Movie,2007,PG,"Children & Family Movies, Comedies",92.0,0,2,2.0
Movie,Headwinds,2011,TV-MA,"Dramas, Independent Movies, International Movies",92.0,0,2,7.0
TV Show,Star Trek: Deep Space Nine,1999,TV-14,"TV Action & Adventure, TV Sci-Fi & Fantasy",0.0,7,0,1.0
Movie,Udta Punjab,2016,TV-MA,"Dramas, International Movies",146.0,0,2,7.0
Movie,Mr. Pig,2016,TV-MA,"Dramas, Independent Movies, International Movies",97.0,0,2,7.0
TV Show,My Runway,2016,TV-14,"International TV Shows, Korean TV Shows, Romantic TV Shows",0.0,1,3,12.0
TV Show,AJIN: Demi-Human,2016,TV-MA,"Anime Series, International TV Shows",0.0,2,3,9.0
TV Show,Chasing Cameron,2016,TV-14,"Reality TV, Teen TV Shows",0.0,1,3,5.0
Movie,7:19,2016,TV-MA,"Dramas, International Movies",93.0,0,2,7.0
Movie,Garfunkel and Oates: Trying to be Special,2016,TV-MA,"Music & Musicals, Stand-Up Comedy",62.0,0,2,5.0
TV Show,Sense8,2018,TV-MA,"Crime TV Shows, TV Dramas, TV Mysteries",0.0,2,3,1.0
Movie,A Christmas Special: Miraculous: Tales of Ladybug & Cat Noir,2016,TV-Y7,Movies,22.0,0,2,16.0
Movie,Gabriel lglesias: I’m Sorry For What I Said When I Was Hungry,2016,TV-14,Stand-Up Comedy,88.0,0,2,5.0
Movie,Barry,2016,TV-MA,Dramas,105.0,0,2,3.0
TV Show,Crazyhead,2016,TV-MA,"British TV Shows, International TV Shows, TV Comedies",0.0,1,3,15.0
Movie,Sister Cities,2016,TV-MA,Dramas,88.0,0,2,3.0
Movie,3 Türken & ein Baby,2015,TV-MA,"Comedies, International Movies",93.0,0,2,6.0
TV Show,Color of Woman,2012,TV-PG,"International TV Shows, Korean TV Shows, Romantic TV Shows",0.0,1,3,12.0
Movie,Eddie - Strongman,2015,TV-MA,"Documentaries, Sports Movies",98.0,0,2,17.0
TV Show,Goodbye My Wife,2012,TV-14,"International TV Shows, Korean TV Shows, Romantic TV Shows",0.0,1,3,12.0
TV Show,Happy And,2012,TV-14,"International TV Shows, Korean TV Shows, TV Dramas",0.0,1,3,10.0
TV Show,Heaven's Garden,2011,TV-MA,"International TV Shows, Korean TV Shows, TV Dramas",0.0,1,3,2.0
TV Show,Ice Fantasy,2016,TV-14,"International TV Shows, TV Action & Adventure, TV Sci-Fi & Fantasy",0.0,1,3,9.0
TV Show,Immortal Classic,2012,TV-14,"International TV Shows, Korean TV Shows, TV Dramas",0.0,1,3,10.0
TV Show,InuYasha,2001,TV-14,"Anime Series, International TV Shows",0.0,2,3,18.0
TV Show,K-POP Extreme Survival,2012,TV-14,"International TV Shows, Korean TV Shows, Romantic TV Shows",0.0,1,3,12.0
TV Show,Merlin,2012,TV-PG,"British TV Shows, International TV Shows, TV Action & Adventure",0.0,5,0,0.0
TV Show,Miss Panda & Mr. Hedgehog,2012,TV-PG,"International TV Shows, Korean TV Shows, Romantic TV Shows",0.0,1,3,12.0
Movie,Sand Storm,2016,TV-PG,"Dramas, Independent Movies, International Movies",88.0,0,2,1.0
TV Show,Tokyo Trial,2017,TV-MA,"International TV Shows, TV Dramas",0.0,1,3,2.0
Movie,Ricardo O'Farrill: Abrazo navideño,2016,TV-MA,Stand-Up Comedy,31.0,0,2,5.0
Movie,Asperger's Are Us,2016,TV-MA,Documentaries,83.0,0,2,17.0
TV Show,Captive,2016,TV-MA,"Crime TV Shows, Docuseries",0.0,1,3,14.0
Movie,Mariah Carey's Merriest Christmas,2015,TV-G,"Children & Family Movies, Music & Musicals",38.0,0,2,16.0
Movie,Spectral,2016,TV-14,"Action & Adventure, Sci-Fi & Fantasy",108.0,0,2,0.0
TV Show,White Rabbit Project,2016,TV-14,"Docuseries, International TV Shows, Reality TV",0.0,1,3,6.0
TV Show,Miss in Kiss,2016,TV-14,"International TV Shows, Romantic TV Shows, TV Comedies",0.0,1,3,17.0
Movie,Other People,2016,TV-MA,"Comedies, Dramas, Independent Movies",97.0,0,2,3.0
TV Show,The Cuba Libre Story,2015,TV-14,"Docuseries, International TV Shows",0.0,1,3,6.0
Movie,Blue Jay,2016,TV-MA,"Dramas, Independent Movies, Romantic Movies",81.0,0,2,3.0
Movie,One in a Billion,2016,TV-14,"Documentaries, Sports Movies",70.0,0,2,12.0
Movie,Reggie Watts: Spatial,2016,TV-MA,"Music & Musicals, Stand-Up Comedy",62.0,0,2,5.0
TV Show,From Dusk Till Dawn,2016,TV-MA,"Classic & Cult TV, TV Action & Adventure, TV Horror",0.0,3,3,16.0
Movie,Mercenary,2016,TV-MA,"Dramas, International Movies, Sports Movies",99.0,0,2,7.0
TV Show,Lost & Found Music Studios,2016,TV-G,"Kids' TV, TV Comedies, TV Dramas",0.0,2,3,13.0
Movie,For the Love of Spock,2016,TV-14,Documentaries,112.0,0,2,12.0
Movie,White Girl,2016,TV-MA,"Dramas, Independent Movies",90.0,0,2,3.0
Movie,#Rucker50,2016,TV-PG,"Documentaries, Sports Movies",56.0,0,2,8.0
Movie,1000 Rupee Note,2014,TV-14,"Dramas, International Movies",89.0,0,2,15.0
Movie,Across Grace Alley,2013,TV-PG,Dramas,24.0,0,2,8.0
Movie,Asu Mare 2,2015,TV-14,"Comedies, International Movies",100.0,0,2,4.0
TV Show,Back to 1989,2016,TV-PG,"International TV Shows, Romantic TV Shows, TV Comedies",0.0,1,3,0.0
TV Show,Bromance,2015,TV-PG,"International TV Shows, Romantic TV Shows, TV Comedies",0.0,1,3,0.0
Movie,Interrogation,2015,TV-MA,"Dramas, International Movies, Thrillers",116.0,0,2,7.0
Movie,Rainbow Time,2016,TV-MA,"Comedies, Dramas, Independent Movies",92.0,0,2,3.0
TV Show,Refresh Man,2016,TV-14,"International TV Shows, Romantic TV Shows, TV Comedies",0.0,1,3,17.0
Movie,Richard Pryor: Live in Concert,1979,TV-MA,Stand-Up Comedy,79.0,0,1,0.0
Movie,The Violin Player,2016,TV-14,"Dramas, Independent Movies, International Movies",72.0,0,2,15.0
Movie,Beauties of the Night,2016,TV-MA,"Documentaries, International Movies",92.0,0,2,17.0
TV Show,Gilmore Girls: A Year in the Life,2016,TV-14,"TV Comedies, TV Dramas, Teen TV Shows",0.0,1,3,17.0
Movie,Michael Che Matters,2016,TV-MA,Stand-Up Comedy,61.0,0,2,5.0
Movie,Mercy,2016,TV-MA,"Dramas, Thrillers",88.0,0,2,3.0
Movie,The Land of Cards,2012,TV-14,"Dramas, Independent Movies, International Movies",113.0,0,2,15.0
Movie,Carlos Ballarta: El amor es de putos,2016,TV-MA,Stand-Up Comedy,67.0,0,2,5.0
Movie,Donald Glover: Weirdo,2012,TV-MA,Stand-Up Comedy,65.0,0,2,5.0
Movie,Colin Quinn: The New York Story,2016,TV-MA,Stand-Up Comedy,62.0,0,2,5.0
Movie,Divines,2016,TV-MA,"Dramas, Independent Movies, International Movies",107.0,0,2,7.0
TV Show,La Niña,2016,TV-MA,"Crime TV Shows, International TV Shows, Spanish-Language TV Shows",0.0,1,3,11.0
TV Show,Paranoid,2016,TV-MA,"British TV Shows, Crime TV Shows, International TV Shows",0.0,1,3,11.0
Movie,Dieter Nuhr: Nuhr in Berlin,2016,TV-MA,Stand-Up Comedy,69.0,0,2,5.0
Movie,Mumbai Cha Raja,2012,TV-MA,"Dramas, Independent Movies, International Movies",77.0,0,2,7.0
Movie,True Memoirs of an International Assassin,2016,TV-14,"Action & Adventure, Comedies",98.0,0,2,4.0
TV Show,Einsatzgruppen: The Nazi Death Squads,2009,TV-MA,"Docuseries, International TV Shows",0.0,1,3,14.0
Movie,Kathleen Madigan: Bothering Jesus,2016,TV-MA,Stand-Up Comedy,71.0,0,2,5.0
TV Show,Case,2015,TV-MA,"Crime TV Shows, International TV Shows, TV Dramas",0.0,1,3,2.0
TV Show,Danger Mouse,2016,TV-Y7,"British TV Shows, Kids' TV",0.0,2,3,13.0
Movie,"Dana Carvey: Straight White Male, 60",2016,TV-MA,Stand-Up Comedy,64.0,0,2,5.0
Movie,The Ivory Game,2016,TV-14,Documentaries,112.0,0,2,12.0
Movie,A Grand Night In: The Story of Aardman,2015,TV-PG,Documentaries,59.0,0,2,8.0
TV Show,Inborn Pair,2011,TV-14,"International TV Shows, Romantic TV Shows, TV Comedies",0.0,1,3,17.0
TV Show,Just You,2013,TV-14,"International TV Shows, Romantic TV Shows, TV Comedies",0.0,1,3,17.0
TV Show,Love Around,2013,TV-14,"International TV Shows, Romantic TV Shows, TV Comedies",0.0,1,3,17.0
TV Show,Love Family,2013,TV-MA,"International TV Shows, Romantic TV Shows, TV Comedies",0.0,1,3,15.0
TV Show,Love Me or Leave Me,2012,TV-14,"International TV Shows, Romantic TV Shows, TV Comedies",0.0,1,3,17.0
TV Show,Love Now,2012,TV-14,"International TV Shows, Romantic TV Shows, TV Comedies",0.0,1,3,17.0
Movie,Norman Lear: Just Another Version of You,2016,TV-MA,Documentaries,91.0,0,2,17.0
Movie,Santa Pac's Merry Berry Day,2016,TV-Y,Movies,44.0,0,2,16.0
Movie,Spanish Affair 2,2015,TV-MA,"Comedies, International Movies, Romantic Movies",107.0,0,2,6.0
Movie,Pup Star,2016,G,"Children & Family Movies, Comedies",92.0,0,2,2.0
Movie,I Am the Pretty Thing That Lives in the House,2016,TV-14,"Horror Movies, International Movies, Thrillers",89.0,0,2,0.0
Movie,Into the Inferno,2016,TV-PG,Documentaries,107.0,0,2,8.0
Movie,The African Doctor,2016,TV-14,"Comedies, Dramas, International Movies",94.0,0,2,4.0
Movie,They Are Everywhere,2016,TV-MA,"Comedies, International Movies",110.0,0,2,6.0
TV Show,Trailer Park Boys: Out of the Park: Europe,2016,TV-MA,"International TV Shows, TV Comedies",0.0,1,3,15.0
Movie,West Coast,2016,TV-MA,"Comedies, Dramas, International Movies",81.0,0,2,7.0
Movie,7 años,2016,TV-MA,"Dramas, International Movies",77.0,0,2,7.0
TV Show,Containment,2016,TV-MA,"TV Dramas, TV Thrillers",0.0,1,3,2.0
Movie,Joe Rogan: Triggered,2016,TV-MA,Stand-Up Comedy,64.0,0,2,5.0
Movie,A Mighty Team,2016,TV-MA,"Comedies, International Movies, Sports Movies",97.0,0,2,6.0
Movie,Berserk: The Golden Age Arc I - The Egg of the King,2012,TV-MA,"Action & Adventure, Anime Features, International Movies",77.0,0,2,13.0
Movie,Bleach The Movie: Fade to Black,2008,TV-PG,"Action & Adventure, Anime Features, Sci-Fi & Fantasy",94.0,0,2,14.0
Movie,Bleach the Movie: Hell Verse,2010,TV-14,"Action & Adventure, Anime Features, Sci-Fi & Fantasy",94.0,0,2,0.0
Movie,Blind Date,2015,TV-14,"Comedies, International Movies, Music & Musicals",91.0,0,2,4.0
TV Show,DEATH NOTE,2006,TV-14,"Anime Series, Crime TV Shows, International TV Shows",0.0,1,3,9.0
TV Show,Spotless,2015,TV-MA,"Crime TV Shows, International TV Shows, TV Dramas",0.0,1,3,2.0
TV Show,Vampire Knight,2008,TV-14,"Anime Series, International TV Shows, Romantic TV Shows",0.0,2,3,9.0
Movie,Sky Ladder: The Art of Cai Guo-Qiang,2016,TV-MA,Documentaries,80.0,0,2,17.0
Movie,Mascots,2016,TV-MA,Comedies,95.0,0,2,6.0
Movie,Justin Timberlake + the Tennessee Kids,2016,TV-MA,Music & Musicals,90.0,0,2,17.0
Movie,13TH,2016,TV-MA,Documentaries,101.0,0,2,17.0
Movie,Russell Peters: Almost Famous,2016,TV-MA,Stand-Up Comedy,73.0,0,2,5.0
TV Show,StoryBots Super Songs,2016,TV-Y,Kids' TV,0.0,1,3,4.0
Movie,The Siege of Jadotville,2016,TV-MA,"Action & Adventure, Dramas, International Movies",108.0,0,2,7.0
Movie,LEGO Jurassic World: The Indominus Escape,2016,TV-Y7,"Children & Family Movies, Comedies",25.0,0,2,16.0
TV Show,Be with Me,2015,TV-PG,"International TV Shows, Romantic TV Shows, TV Dramas",0.0,1,3,0.0
TV Show,Be with You,2015,TV-14,"International TV Shows, Romantic TV Shows, TV Dramas",0.0,1,3,10.0
Movie,Bombshell,2016,TV-MA,Dramas,86.0,0,2,3.0
Movie,Chatô: The King of Brazil,2015,TV-MA,"Dramas, International Movies",105.0,0,2,7.0
TV Show,Fall in Love with Me,2014,TV-14,"International TV Shows, Romantic TV Shows, TV Comedies",0.0,1,3,17.0
Movie,Harud,2010,TV-MA,"Dramas, International Movies",100.0,0,2,7.0
TV Show,Love Cheque Charge,2014,TV-14,"International TV Shows, Romantic TV Shows, TV Comedies",0.0,1,3,17.0
TV Show,Masha's Spooky Stories,2012,TV-Y,Kids' TV,0.0,1,3,4.0
Movie,Much Ado About Nothing,2016,TV-MA,"Dramas, Independent Movies, International Movies",96.0,0,2,7.0
TV Show,Murphy's Law of Love,2015,TV-PG,"International TV Shows, Romantic TV Shows, TV Comedies",0.0,1,3,0.0
Movie,My Big Night,2015,TV-MA,"Comedies, International Movies, Music & Musicals",97.0,0,2,6.0
Movie,My Little Pony Equestria Girls: Legend of Everfree,2016,TV-Y7,"Children & Family Movies, Comedies",73.0,0,2,16.0
TV Show,Old Money,2015,TV-MA,"International TV Shows, TV Comedies, TV Dramas",0.0,1,3,2.0
Movie,Pac's Scary Halloween,2016,TV-Y7,Movies,44.0,0,2,16.0
Movie,Riphagen - The Untouchable,2016,TV-14,"Dramas, International Movies",132.0,0,2,15.0
TV Show,Someone Like You,2015,TV-14,"International TV Shows, Romantic TV Shows, TV Dramas",0.0,1,3,10.0
Movie,Umrika,2015,TV-MA,"Dramas, Independent Movies, International Movies",96.0,0,2,7.0
Movie,Unchained: The Untold Story of Freestyle Motocross,2016,TV-MA,"Documentaries, Sports Movies",92.0,0,2,17.0
Movie,Welcome Mr. President,2013,TV-MA,"Comedies, International Movies",99.0,0,2,6.0
TV Show,When I See You Again,2015,TV-14,"International TV Shows, Romantic TV Shows, TV Comedies",0.0,1,3,17.0
Movie,Amanda Knox,2016,TV-MA,Documentaries,92.0,0,2,17.0
Movie,Audrie & Daisy,2016,TV-MA,Documentaries,99.0,0,2,17.0
Movie,Iliza Shlesinger: Confirmed Kills,2016,TV-MA,Stand-Up Comedy,78.0,0,2,5.0
TV Show,VeggieTales in the House,2016,TV-Y,Kids' TV,0.0,4,0,0.0
Movie,"Karol Modzelewski, Łukasz „Lotek” Lodkowski No Offense",2016,TV-MA,Stand-Up Comedy,65.0,0,2,5.0
Movie,"Katarzyna Piasecka, Rafał Pacześ Seriously Funny",2016,TV-MA,Stand-Up Comedy,65.0,0,2,5.0
Movie,"Mariusz Kałamaga, Karol Kopiec, Wiolka Walaszczyk Hilarious Trio",2016,TV-MA,Stand-Up Comedy,69.0,0,2,5.0
Movie,"Rafał Banaś, Michał Leja Laugh out Loud",2016,TV-MA,Stand-Up Comedy,64.0,0,2,5.0
Movie,The Best of Rafał Rutkowski Olka Szczęśniak,2016,TV-MA,Stand-Up Comedy,63.0,0,2,5.0
Movie,"Tomasz Jachimek, Jacek Stramik Laugh at Live",2016,TV-MA,Stand-Up Comedy,63.0,0,2,5.0
Movie,ARQ,2016,TV-MA,"International Movies, Sci-Fi & Fantasy, Thrillers",89.0,0,2,13.0
Movie,Cedric the Entertainer: Live from the Ville,2016,TV-MA,Stand-Up Comedy,60.0,0,2,5.0
Movie,Louis C.K.: Hilarious,2010,84 min,Movies,88.0,0,2,18.0
Movie,The White Helmets,2016,TV-PG,Documentaries,41.0,0,2,8.0
Movie,Sample This,2012,TV-14,"Documentaries, Music & Musicals",83.0,0,2,12.0
Movie,Extremis,2016,TV-PG,Documentaries,25.0,0,2,8.0
Movie,Jandino: Whatever it Takes,2016,TV-MA,Stand-Up Comedy,94.0,0,2,5.0
TV Show,Chef's Table: France,2016,TV-14,Docuseries,0.0,1,3,6.0
TV Show,Kulipari: An Army of Frogs,2016,TV-Y7,Kids' TV,0.0,1,3,13.0
TV Show,Conspiracy,2015,TV-14,"British TV Shows, Docuseries",0.0,1,3,6.0
TV Show,Dead Set,2008,TV-MA,"British TV Shows, TV Horror, TV Thrillers",0.0,1,3,18.0
TV Show,Forensic Files,2011,TV-MA,"Crime TV Shows, Docuseries, Science & Nature TV",0.0,9,0,1.0
Movie,Saudi Arabia Uncovered,2016,TV-14,Documentaries,52.0,0,2,12.0
TV Show,The Fierce Wife,2010,TV-MA,"International TV Shows, Romantic TV Shows, TV Dramas",0.0,1,3,2.0
TV Show,Witches: A Century of Murder,2015,TV-14,"British TV Shows, Crime TV Shows, Docuseries",0.0,1,3,6.0
TV Show,Glitter Force,2016,TV-Y7,"Anime Series, Kids' TV",0.0,2,3,13.0
Movie,Jeff Foxworthy and Larry the Cable Guy: We’ve Been Thinking...,2016,TV-14,Stand-Up Comedy,75.0,0,2,5.0
Movie,XOXO,2016,TV-MA,"Dramas, Music & Musicals",92.0,0,2,3.0
Movie,I'll Sleep When I'm Dead,2016,TV-MA,"Documentaries, Music & Musicals",80.0,0,2,17.0
TV Show,Behind Enemy Lines,2001,TV-14,"British TV Shows, Docuseries",0.0,1,3,18.0
TV Show,Caught on Camera,2015,TV-MA,"British TV Shows, Crime TV Shows, Docuseries",0.0,3,3,16.0
Movie,Louis C.K.: Live at the Comedy Store,2015,66 min,Movies,88.0,0,2,18.0
Movie,Real Crime: Supermarket Heist (Tesco Bomber),2010,TV-14,Documentaries,46.0,0,2,12.0
Movie,Jim Gaffigan: Beyond the Pale,2005,TV-14,Stand-Up Comedy,72.0,0,2,5.0
Movie,Jim Gaffigan: King Baby,2009,TV-PG,Stand-Up Comedy,71.0,0,2,5.0
Movie,Jim Gaffigan: Mr. Universe,2012,TV-14,Stand-Up Comedy,77.0,0,2,5.0
Movie,Jim Gaffigan: Obsessed,2014,TV-14,Stand-Up Comedy,70.0,0,2,5.0
Movie,David Cross: Making America Great Again!,2016,TV-MA,Stand-Up Comedy,73.0,0,2,5.0
Movie,Lavell Crawford: Can a Brother Get Some Love?,2011,TV-MA,Stand-Up Comedy,81.0,0,2,5.0
Movie,Children of God,1994,TV-MA,Documentaries,63.0,0,1,1.0
TV Show,Cocaine,2005,TV-14,"British TV Shows, Crime TV Shows, Docuseries",0.0,1,3,6.0
TV Show,Edge of the Universe,2008,TV-G,"British TV Shows, Docuseries, Science & Nature TV",0.0,1,3,3.0
Movie,Interview with a Serial Killer,2008,TV-MA,Documentaries,45.0,0,2,17.0
TV Show,La Esclava Blanca,2016,TV-MA,"International TV Shows, Spanish-Language TV Shows, TV Dramas",0.0,1,3,2.0
Movie,Real Crime: Diamond Geezers,2008,TV-14,Documentaries,46.0,0,2,12.0
TV Show,LEGO Bionicle: The Journey to One,2016,TV-Y7,Kids' TV,0.0,2,3,13.0
Movie,Tallulah,2016,TV-MA,"Dramas, Independent Movies",112.0,0,2,3.0
TV Show,Popples,2016,TV-Y,Kids' TV,0.0,3,3,4.0
Movie,Rebirth,2016,TV-MA,"Dramas, Thrillers",101.0,0,2,3.0
Movie,Tony Robbins: I Am Not Your Guru,2016,TV-MA,Documentaries,117.0,0,2,17.0
Movie,Gridlocked,2015,R,Action & Adventure,114.0,0,2,11.0
Movie,Brahman Naman,2016,TV-MA,"Comedies, Independent Movies, International Movies",96.0,0,2,6.0
TV Show,Kuromukuro,2016,TV-14,"Anime Series, International TV Shows",0.0,2,3,9.0
Movie,Jim Jefferies: Freedumb,2016,TV-MA,Stand-Up Comedy,87.0,0,2,5.0
TV Show,Marco Polo,2016,TV-MA,"TV Action & Adventure, TV Dramas",0.0,2,3,16.0
Movie,X: Past Is Present,2015,TV-MA,"Dramas, Independent Movies, International Movies",105.0,0,2,7.0
TV Show,Justin Time GO!,2016,TV-Y,Kids' TV,0.0,1,3,4.0
Movie,Sofía Niño de Rivera: Exposed,2016,TV-MA,Stand-Up Comedy,80.0,0,2,5.0
Movie,The Fundamentals of Caring,2016,TV-MA,"Comedies, Dramas, Independent Movies",97.0,0,2,3.0
Movie,Ip Man 3,2015,PG-13,"Action & Adventure, Dramas, International Movies",105.0,0,2,9.0
Movie,Bo Burnham: Make Happy,2016,TV-MA,"Music & Musicals, Stand-Up Comedy",60.0,0,2,5.0
TV Show,Hibana: Spark,2016,TV-MA,"International TV Shows, TV Dramas",0.0,1,3,2.0
TV Show,72 Cutest Animals,2016,TV-PG,"Docuseries, International TV Shows, Science & Nature TV",0.0,1,3,3.0
TV Show,72 Dangerous Places to Live,2016,TV-PG,"Docuseries, International TV Shows, Science & Nature TV",0.0,1,3,3.0
Movie,The Do-Over,2016,TV-MA,"Action & Adventure, Comedies",109.0,0,2,6.0
Movie,Ali Wong: Baby Cobra,2016,TV-MA,Stand-Up Comedy,60.0,0,2,5.0
Movie,Special Correspondents,2016,TV-MA,Comedies,101.0,0,2,6.0
Movie,Team Foxcatcher,2016,TV-MA,"Documentaries, Sports Movies",91.0,0,2,17.0
Movie,Patton Oswalt: Talking for Clapping,2016,TV-MA,Stand-Up Comedy,66.0,0,2,5.0
Movie,Belgica,2016,TV-MA,"Dramas, International Movies",127.0,0,2,7.0
Movie,Hush,2016,R,"Horror Movies, Thrillers",82.0,0,2,11.0
TV Show,Cyborg 009 VS Devilman,2015,TV-MA,"Anime Series, International TV Shows",0.0,1,3,9.0
Movie,Frank and Cindy,2007,TV-MA,"Documentaries, Music & Musicals",70.0,0,2,17.0
TV Show,Justin Time,2012,TV-Y,Kids' TV,0.0,2,3,4.0
TV Show,Terrace House: Boys & Girls in the City,2016,TV-14,"International TV Shows, Reality TV",0.0,2,3,5.0
Movie,Kung Fu Panda: Secrets of the Scroll,2016,TV-PG,"Children & Family Movies, Comedies",23.0,0,2,16.0
Movie,He Never Died,2015,R,"Comedies, Horror Movies",97.0,0,2,11.0
Movie,Jimmy Carr: Funny Business,2016,TV-MA,Stand-Up Comedy,62.0,0,2,5.0
Movie,My Beautiful Broken Brain,2016,TV-14,"Documentaries, International Movies",84.0,0,2,12.0
Movie,Pee-wee's Big Holiday,2016,TV-PG,"Children & Family Movies, Comedies, Cult Movies",90.0,0,2,2.0
TV Show,Netflix Presents: The Characters,2016,TV-MA,TV Comedies,0.0,1,3,15.0
TV Show,Your lie in April,2014,TV-14,"Anime Series, International TV Shows, Romantic TV Shows",0.0,1,3,9.0
Movie,"Crouching Tiger, Hidden Dragon: Sword of Destiny",2016,PG-13,"Action & Adventure, Romantic Movies",101.0,0,2,14.0
Movie,Marvel Super Hero Adventures: Frost Fight!,2015,PG,"Children & Family Movies, Sci-Fi & Fantasy",74.0,0,2,2.0
TV Show,Cooked,2016,TV-14,Docuseries,0.0,1,3,6.0
TV Show,Care Bears & Cousins,2016,TV-Y,Kids' TV,0.0,2,3,4.0
Movie,Hannibal Buress: Comedy Camisado,2016,TV-MA,Stand-Up Comedy,68.0,0,2,5.0
TV Show,Turbo FAST,2016,TV-Y7,Kids' TV,0.0,3,3,13.0
TV Show,Masha's Tales,2012,TV-Y,Kids' TV,0.0,1,3,4.0
TV Show,Chelsea Does,2016,TV-MA,"Docuseries, Science & Nature TV",0.0,1,3,14.0
Movie,Ricardo O'Farrill Abrazo Genial,2016,TV-MA,Stand-Up Comedy,92.0,0,2,5.0
Movie,Ip Man,2008,R,"Action & Adventure, Dramas, International Movies",107.0,0,2,10.0
Movie,Ip Man 2,2010,R,"Action & Adventure, International Movies",108.0,0,2,11.0
Movie,Tom Segura: Mostly Stories,2016,TV-MA,Stand-Up Comedy,74.0,0,2,5.0
Movie,Marco Polo: One Hundred Eyes,2015,TV-MA,Movies,29.0,0,2,5.0
TV Show,Sammy & Co,2014,TV-Y,"Kids' TV, TV Comedies",0.0,1,3,4.0
Movie,Mike Epps: Don't Take It Personal,2015,TV-MA,Stand-Up Comedy,60.0,0,2,5.0
Movie,The Ridiculous 6,2015,TV-14,"Action & Adventure, Comedies",120.0,0,2,4.0
Movie,"Trailer Park Boys: Drunk, High and Unemployed: Live in Austin",2015,TV-MA,"Comedies, International Movies",74.0,0,2,6.0
Movie,A Very Murray Christmas,2015,TV-14,"Comedies, Music & Musicals",57.0,0,2,12.0
TV Show,Atelier,2015,TV-PG,"International TV Shows, TV Dramas",0.0,1,3,0.0
Movie,Naomi and Ely's No Kiss List,2015,TV-MA,"Comedies, Dramas, LGBTQ Movies",91.0,0,2,3.0
Movie,John Mulaney: The Comeback Kid,2015,TV-MA,Stand-Up Comedy,62.0,0,2,5.0
TV Show,W/ Bob & David,2015,TV-MA,TV Comedies,0.0,1,3,15.0
Movie,Manson Family Vacation,2015,TV-MA,"Comedies, Dramas, Independent Movies",85.0,0,2,3.0
Movie,Walt Disney Animation Studios Short Films Collection,2015,TV-Y,Children & Family Movies,90.0,0,2,16.0
TV Show,Hemlock Grove,2015,TV-MA,"TV Horror, TV Mysteries, TV Thrillers",0.0,3,3,16.0
Movie,Results,2015,R,"Comedies, Independent Movies",105.0,0,2,11.0
Movie,Anthony Jeselnik: Thoughts and Prayers,2015,TV-MA,Stand-Up Comedy,59.0,0,2,5.0
Movie,Beasts of No Nation,2015,TV-MA,"Dramas, Independent Movies",137.0,0,2,3.0
Movie,Circle,2015,TV-MA,"Dramas, Independent Movies, Sci-Fi & Fantasy",86.0,0,2,3.0
Movie,Winter on Fire: Ukraine's Fight for Freedom,2015,TV-MA,"Documentaries, International Movies",99.0,0,2,17.0
Movie,Anjelah Johnson: Not Fancy,2015,TV-14,Stand-Up Comedy,64.0,0,2,5.0
TV Show,Wakfu: The Quest for the Six Eliatrope Dofus,2014,TV-PG,Kids' TV,0.0,1,3,0.0
Movie,Keith Richards: Under the Influence,2015,TV-14,"Documentaries, Music & Musicals",82.0,0,2,12.0
Movie,Cowspiracy: The Sustainability Secret,2014,TV-PG,Documentaries,90.0,0,2,8.0
Movie,6 Years,2015,TV-MA,"Dramas, Independent Movies, Romantic Movies",80.0,0,2,3.0
Movie,Demetri Martin: Live (At the Time),2015,TV-MA,Stand-Up Comedy,62.0,0,2,5.0
TV Show,Wet Hot American Summer,2015,TV-MA,TV Comedies,0.0,1,3,15.0
Movie,Tig,2015,TV-14,"Documentaries, Stand-Up Comedy",92.0,0,2,12.0
TV Show,H2O: Mermaid Adventures,2015,TV-Y7,Kids' TV,0.0,2,3,13.0
Movie,Creep,2014,R,"Horror Movies, Independent Movies, Thrillers",78.0,0,2,11.0
Movie,Chris Tucker Live,2015,TV-MA,Stand-Up Comedy,92.0,0,2,5.0
Movie,Ralphie May: Imperfectly Yours,2015,TV-MA,Stand-Up Comedy,69.0,0,2,5.0
Movie,"What Happened, Miss Simone?",2015,TV-14,"Documentaries, Music & Musicals",103.0,0,2,12.0
Movie,Advantageous,2015,TV-MA,"Dramas, Independent Movies, Sci-Fi & Fantasy",92.0,0,2,3.0
TV Show,Danger Mouse: Classic Collection,1992,TV-Y,"British TV Shows, Kids' TV, TV Comedies",0.0,10,0,1.0
Movie,The Perfect Dictatorship,2014,TV-MA,"Comedies, Dramas, International Movies",143.0,0,2,7.0
Movie,Hot Girls Wanted,2015,TV-MA,Documentaries,83.0,0,2,17.0
Movie,Jen Kirkman: I'm Gonna Die Alone (And I Feel Fine),2015,TV-MA,Stand-Up Comedy,78.0,0,2,5.0
Movie,The Other One: The Long Strange Trip of Bob Weir,2015,TV-14,"Documentaries, Music & Musicals",84.0,0,2,12.0
Movie,Chris D'Elia: Incorrigible,2015,TV-MA,Stand-Up Comedy,84.0,0,2,5.0
TV Show,Oscar's Oasis,2011,TV-Y,Kids' TV,0.0,1,3,4.0
Movie,Aziz Ansari Live at Madison Square Garden,2015,TV-MA,Stand-Up Comedy,58.0,0,2,5.0
Movie,My Own Man,2015,TV-MA,Documentaries,82.0,0,2,17.0
Movie,Ralphie May: Unruly,2015,TV-MA,Stand-Up Comedy,83.0,0,2,5.0
Movie,Virunga: Gorillas in Peril,2015,TV-14,Documentaries,29.0,0,2,12.0
Movie,Iliza Shlesinger: Freezing Hot,2015,TV-MA,Stand-Up Comedy,72.0,0,2,5.0
Movie,BoJack Horseman Christmas Special: Sabrina's Christmas Wish,2014,TV-MA,Movies,26.0,0,2,5.0
Movie,Bill Burr: I'm Sorry You Feel That Way,2014,TV-MA,Stand-Up Comedy,81.0,0,2,5.0
TV Show,Lilyhammer,2014,TV-MA,"Crime TV Shows, TV Comedies, TV Dramas",0.0,3,3,16.0
TV Show,Goosebumps,1998,TV-G,"Kids' TV, TV Thrillers",0.0,5,0,0.0
Movie,Chelsea Peretti: One of the Greats,2014,TV-MA,Stand-Up Comedy,75.0,0,2,5.0
Movie,Virunga,2014,TV-MA,"Documentaries, International Movies",100.0,0,2,17.0
Movie,E-Team,2014,TV-MA,Documentaries,90.0,0,2,17.0
Movie,Wyatt Cenac: Brooklyn,2014,TV-MA,Stand-Up Comedy,68.0,0,2,5.0
Movie,Chelsea Handler: Uganda Be Kidding Me Live,2014,TV-MA,Stand-Up Comedy,71.0,0,2,5.0
Movie,Print the Legend,2014,TV-14,Documentaries,100.0,0,2,12.0
Movie,Mission Blue,2014,TV-PG,Documentaries,94.0,0,2,8.0
Movie,The Battered Bastards of Baseball,2014,TV-MA,"Documentaries, Sports Movies",80.0,0,2,17.0
Movie,From One Second to the Next,2013,TV-14,Documentaries,35.0,0,2,12.0
TV Show,The Borgias,2013,TV-MA,TV Dramas,0.0,3,3,16.0
Movie,Mitt,2014,TV-PG,Documentaries,93.0,0,2,8.0
Movie,The Square,2013,TV-MA,"Documentaries, International Movies",105.0,0,2,17.0
Movie,Shrek the Musical,2013,TV-G,"Children & Family Movies, Comedies, Music & Musicals",130.0,0,2,2.0
Movie,The Short Game,2013,PG,"Children & Family Movies, Documentaries, Sports Movies",100.0,0,2,2.0
Movie,Aziz Ansari: Buried Alive,2013,TV-MA,Stand-Up Comedy,80.0,0,2,5.0
TV Show,The 4400,2007,TV-14,"TV Dramas, TV Mysteries, TV Sci-Fi & Fantasy",0.0,4,0,0.0
TV Show,Breaking Bad,2013,TV-MA,"Crime TV Shows, TV Dramas, TV Thrillers",0.0,5,0,0.0
Movie,Being Elmo: A Puppeteer's Journey,2011,PG,Documentaries,76.0,0,2,18.0
Movie,A Stoning in Fulham County,1988,TV-14,Dramas,95.0,0,1,1.0
Movie,Adam: His Song Continues,1986,TV-MA,Dramas,96.0,0,1,1.0
Movie,Hard Lessons,1986,TV-14,Dramas,94.0,0,1,1.0
Movie,In Defense of a Married Man,1990,TV-14,Dramas,94.0,0,1,1.0
Movie,Quiet Victory: The Charlie Wedemeyer Story,1988,TV-PG,"Dramas, Sports Movies",93.0,0,1,1.0
Movie,Strange Voices,1987,TV-PG,Dramas,96.0,0,1,1.0
Movie,The Ryan White Story,1989,TV-PG,Dramas,94.0,0,1,1.0
Movie,Too Young the Hero,1988,TV-MA,Dramas,94.0,0,1,1.0
Movie,Triumph of the Heart,1991,TV-PG,"Dramas, Sports Movies",93.0,0,1,1.0
Movie,Unspeakable Acts,1990,TV-14,Dramas,95.0,0,1,1.0
Movie,Victim of Beauty,1991,TV-14,"Dramas, Thrillers",93.0,0,1,1.0
Movie,Joseph: King of Dreams,2000,TV-PG,"Children & Family Movies, Dramas, Faith & Spirituality",75.0,0,1,1.0
Movie,Even the Rain,2010,TV-MA,"Dramas, International Movies",103.0,0,2,7.0
Movie,Splatter,2009,TV-MA,Horror Movies,29.0,0,2,5.0
Movie,Just Another Love Story,2007,TV-MA,"Dramas, International Movies",104.0,0,2,7.0
Movie,To and From New York,2006,TV-MA,"Dramas, Independent Movies, Thrillers",81.0,0,2,3.0
Movie,9,2009,PG-13,"Action & Adventure, Independent Movies, Sci-Fi & Fantasy",80.0,0,2,14.0
Movie,21,2008,PG-13,Dramas,123.0,0,2,9.0
Movie,187,1997,R,Dramas,119.0,0,1,1.0
Movie,706,2019,TV-14,"Horror Movies, International Movies",118.0,0,2,0.0
Movie,1920,2008,TV-MA,"Horror Movies, International Movies, Thrillers",143.0,0,2,13.0
Movie,Oct-01,2014,TV-14,"Dramas, International Movies, Thrillers",149.0,0,2,15.0
TV Show,Feb-09,2018,TV-14,"International TV Shows, TV Dramas",0.0,1,3,10.0
Movie,22-Jul,2018,R,"Dramas, Thrillers",144.0,0,2,10.0
Movie,15-Aug,2019,TV-14,"Comedies, Dramas, Independent Movies",124.0,0,2,4.0
Movie,'89,2017,TV-PG,Sports Movies,87.0,0,2,8.0
Movie,​Goli Soda 2,2018,TV-14,"Action & Adventure, Dramas, International Movies",128.0,0,2,15.0
Movie,​Maj Rati ​​Keteki,2017,TV-14,"Dramas, International Movies",117.0,0,2,15.0
Movie,​Mayurakshi,2017,TV-14,"Dramas, International Movies",100.0,0,2,15.0
Movie,(T)ERROR,2015,NR,Documentaries,84.0,0,2,18.0
Movie,#cats_the_mewvie,2020,TV-14,"Documentaries, International Movies",90.0,0,2,12.0
Movie,#Roxy,2018,TV-14,"Comedies, Romantic Movies",105.0,0,2,4.0
TV Show,แผนร้ายนายเจ้าเล่ห์,2016,TV-14,"International TV Shows, Romantic TV Shows, TV Comedies",0.0,1,3,17.0
Movie,Ég man þig,2017,TV-MA,"Horror Movies, International Movies",106.0,0,2,13.0
Movie,Çok Filim Hareketler Bunlar,2010,TV-MA,"Comedies, International Movies",99.0,0,2,6.0
Movie,Æon Flux,2005,PG-13,"Action & Adventure, Sci-Fi & Fantasy",93.0,0,2,14.0
TV Show,Şubat,2013,TV-MA,"Crime TV Shows, International TV Shows, TV Dramas",0.0,1,3,2.0
Movie,1 Chance 2 Dance,2014,TV-PG,"Dramas, Romantic Movies",89.0,0,2,1.0
Movie,1 Mile to You,2017,TV-14,"Dramas, Romantic Movies, Sports Movies",105.0,0,2,15.0
Movie,"10,000 B.C.",2008,PG-13,Action & Adventure,109.0,0,2,14.0
Movie,100 Days Of Solitude,2018,TV-MA,"Documentaries, International Movies",93.0,0,2,17.0
Movie,100 Years: One Woman's Fight for Justice,2016,TV-14,Documentaries,75.0,0,2,12.0
TV Show,100% Hotter,2017,TV-14,"British TV Shows, International TV Shows, Reality TV",0.0,1,3,5.0
Movie,12 ROUND GUN,2017,TV-MA,"Dramas, Independent Movies, Sports Movies",90.0,0,2,3.0
TV Show,12 Years Promise,2014,TV-14,"International TV Shows, Korean TV Shows, Romantic TV Shows",0.0,1,3,12.0
Movie,13 Cameras,2015,NR,"Horror Movies, Independent Movies, Thrillers",90.0,0,2,13.0
Movie,13 Sins,2014,R,"Horror Movies, Thrillers",93.0,0,2,11.0
Movie,13TH: A Conversation with Oprah Winfrey & Ava DuVernay,2017,TV-MA,Movies,37.0,0,2,5.0
Movie,14 Blades,2010,R,"Action & Adventure, International Movies",113.0,0,2,11.0
Movie,14 Cameras,2018,TV-MA,"Horror Movies, Thrillers",89.0,0,2,13.0
Movie,16 Blocks,2006,PG-13,Action & Adventure,102.0,0,2,14.0
Movie,17 Again,2009,PG-13,Comedies,102.0,0,2,14.0
Movie,1BR,2019,TV-MA,"Horror Movies, Independent Movies, Thrillers",90.0,0,2,13.0
Movie,1st Summoning,2018,TV-MA,"Horror Movies, Independent Movies",94.0,0,2,13.0
Movie,20 Feet From Stardom,2013,PG-13,"Documentaries, Music & Musicals",91.0,0,2,18.0
Movie,2015 Dream Concert,2015,TV-PG,"International Movies, Music & Musicals",107.0,0,2,1.0
Movie,2036 Origin Unknown,2018,TV-14,Sci-Fi & Fantasy,95.0,0,2,0.0
Movie,20th Century Women,2016,R,"Dramas, Independent Movies",119.0,0,2,10.0
Movie,21 & Over,2013,R,Comedies,93.0,0,2,11.0
TV Show,21 Sarfarosh: Saragarhi 1897,2018,TV-14,"International TV Shows, TV Dramas",0.0,1,3,10.0
Movie,2307: Winter's Dream,2016,TV-MA,"Action & Adventure, Independent Movies, Sci-Fi & Fantasy",101.0,0,2,3.0
Movie,24 Hours to Live,2017,R,Action & Adventure,93.0,0,2,11.0
Movie,"27, el club de los malditos",2018,TV-MA,"Action & Adventure, Comedies, International Movies",82.0,0,2,6.0
Movie,27: Gone Too Soon,2017,TV-MA,Documentaries,70.0,0,2,17.0
Movie,28 Days,2000,PG-13,"Comedies, Dramas",104.0,0,1,1.0
Movie,3 Deewarein,2003,TV-MA,"Dramas, International Movies, Thrillers",121.0,0,2,7.0
Movie,3 Generations,2015,PG-13,"Dramas, LGBTQ Movies",92.0,0,2,9.0
Movie,3 Heroines,2016,TV-PG,"Dramas, International Movies, Sports Movies",124.0,0,2,1.0
Movie,3 Seconds Divorce,2018,TV-PG,"Documentaries, Faith & Spirituality",53.0,0,2,8.0
Movie,30 Days of Luxury,2016,TV-14,"Comedies, International Movies",91.0,0,2,4.0
Movie,30 Minutes or Less,2011,R,"Action & Adventure, Comedies",83.0,0,2,11.0
Movie,300 Miles to Heaven,1989,TV-14,"Dramas, International Movies",93.0,0,1,1.0
Movie,42 Grams,2017,TV-MA,Documentaries,81.0,0,2,17.0
Movie,4th Man Out,2015,NR,"Comedies, LGBTQ Movies",86.0,0,2,2.0
Movie,5 Cowok Jagoan,2017,TV-MA,"Action & Adventure, Comedies, International Movies",106.0,0,2,6.0
Movie,5 to 7,2014,R,"Comedies, Dramas, Romantic Movies",97.0,0,2,10.0
Movie,50 First Dates,2004,PG-13,"Comedies, Romantic Movies",99.0,0,2,14.0
Movie,50/50,2011,R,"Comedies, Dramas, Independent Movies",100.0,0,2,10.0
Movie,5CM,2012,TV-14,"Dramas, International Movies",126.0,0,2,15.0
Movie,6 Days,2017,R,"Action & Adventure, Dramas, International Movies",94.0,0,2,10.0
Movie,6-5=2,2014,TV-MA,"Horror Movies, International Movies, Thrillers",103.0,0,2,13.0
Movie,68 Kill,2017,R,"Comedies, Independent Movies, Thrillers",96.0,0,2,11.0
TV Show,7 (Seven),2019,TV-14,TV Shows,0.0,1,3,6.0
Movie,7 Din Mohabbat In,2018,TV-PG,"Comedies, International Movies, Music & Musicals",137.0,0,2,1.0
TV Show,9 Months That Made You,2016,TV-PG,"British TV Shows, Docuseries, Science & Nature TV",0.0,1,3,3.0
Movie,A Bad Moms Christmas,2017,R,Comedies,104.0,0,2,11.0
Movie,A Billion Colour Story,2016,TV-14,"Dramas, Independent Movies, International Movies",104.0,0,2,15.0
Movie,A Boy Called Po,2016,PG,"Dramas, Sci-Fi & Fantasy",94.0,0,2,9.0
Movie,A Bridge Too Far,1977,PG,"Action & Adventure, Classic Movies, Dramas",176.0,0,1,0.0
Movie,A Clockwork Orange,1971,R,"Classic Movies, Cult Movies, Dramas",137.0,0,1,0.0
Movie,A Dangerous Woman,1993,R,"Dramas, Romantic Movies",101.0,0,1,1.0
Movie,A Family Affair,2015,TV-PG,"Documentaries, International Movies",111.0,0,2,8.0
Movie,A Family Man,2016,R,Dramas,110.0,0,2,10.0
Movie,A Flying Jatt,2016,TV-14,"Action & Adventure, International Movies, Sci-Fi & Fantasy",142.0,0,2,0.0
Movie,A Glimpse Inside the Mind of Charles Swan III,2012,R,"Comedies, Independent Movies",86.0,0,2,11.0
TV Show,A Good Wife,2013,TV-14,"International TV Shows, Romantic TV Shows, TV Dramas",0.0,1,3,10.0
Movie,A Gray State,2017,TV-MA,Documentaries,93.0,0,2,17.0
Movie,A Haunted House,2013,R,"Comedies, Horror Movies",86.0,0,2,11.0
Movie,A Haunting at Silver Falls: The Return,2019,TV-14,"Horror Movies, Independent Movies",80.0,0,2,0.0
Movie,A Holiday Engagement,2011,TV-G,"Children & Family Movies, Comedies, Romantic Movies",92.0,0,2,2.0
Movie,A Kind of Murder,2016,R,Thrillers,96.0,0,2,11.0
Movie,A Leaf of Faith,2018,TV-MA,Documentaries,87.0,0,2,17.0
TV Show,A Man Called God,2010,TV-14,"Crime TV Shows, International TV Shows, Korean TV Shows",0.0,1,3,12.0
Movie,A Mission in an Old Movie,2012,TV-MA,"Comedies, International Movies",98.0,0,2,6.0
Movie,A Most Violent Year,2014,R,"Dramas, Thrillers",125.0,0,2,10.0
Movie,A Murder in the Park,2014,PG-13,Documentaries,91.0,0,2,18.0
Movie,A new Capitalism,2017,TV-14,"Documentaries, International Movies",76.0,0,2,12.0
Movie,A Night at the Roxbury,1998,PG-13,"Comedies, Cult Movies",82.0,0,1,1.0
Movie,A Noble Intention,2015,TV-MA,"Dramas, International Movies",111.0,0,2,7.0
Movie,A Patch of Fog,2015,TV-MA,"Dramas, Thrillers",92.0,0,2,3.0
Movie,A Perfect Man,2013,R,"Dramas, Independent Movies, Romantic Movies",94.0,0,2,10.0
Movie,A Princess for Christmas,2011,TV-PG,"Children & Family Movies, Dramas, Romantic Movies",91.0,0,2,1.0
Movie,A Russell Peters Christmas,2011,NR,Stand-Up Comedy,44.0,0,2,5.0
Movie,A Scandall,2016,TV-MA,"International Movies, Thrillers",108.0,0,2,13.0
Movie,A Separation,2011,PG-13,"Dramas, International Movies",123.0,0,2,9.0
Movie,A Serious Man,2009,R,"Comedies, Independent Movies",106.0,0,2,11.0
Movie,A Sort of Homecoming,2015,TV-PG,"Dramas, Independent Movies",89.0,0,2,1.0
Movie,A Tale of Love and Darkness,2015,PG-13,"Dramas, International Movies",98.0,0,2,9.0
Movie,A Thin Line Between Love & Hate,1996,R,"Comedies, Romantic Movies",108.0,0,1,1.0
Movie,A Thousand Words,2012,PG-13,Comedies,92.0,0,2,14.0
Movie,A Walk to Remember,2002,PG,"Dramas, Romantic Movies",102.0,0,1,1.0
Movie,A Wednesday,2008,TV-MA,"Action & Adventure, Dramas, International Movies",103.0,0,2,7.0
Movie,A Week in Watts,2017,TV-14,Documentaries,91.0,0,2,12.0
Movie,A Wrinkle in Time,2018,PG,Children & Family Movies,110.0,0,2,2.0
TV Show,A Young Doctor's Notebook and Other Stories,2013,TV-MA,"British TV Shows, TV Comedies, TV Dramas",0.0,2,3,16.0
TV Show,A.D. Kingdom and Empire,2015,TV-14,TV Dramas,0.0,1,3,10.0
Movie,A.M.I.,2019,TV-MA,Horror Movies,77.0,0,2,13.0
Movie,A.X.L.,2018,PG,"Action & Adventure, Children & Family Movies, Independent Movies",99.0,0,2,2.0
Movie,Aşk Tesadüfleri Sever,2011,TV-MA,"Dramas, International Movies, Romantic Movies",122.0,0,2,7.0
Movie,Aadu 2,2017,TV-MA,"Comedies, International Movies",150.0,0,2,6.0
Movie,Aajcha Divas Majha,2013,TV-PG,"Comedies, Dramas, International Movies",126.0,0,2,1.0
Movie,Aarakshan,2011,TV-14,"Dramas, International Movies",164.0,0,2,15.0
Movie,Aashayein,2010,TV-14,"Dramas, International Movies",115.0,0,2,15.0
Movie,Aata Pita,2010,TV-14,"Comedies, Dramas, International Movies",133.0,0,2,4.0
Movie,Abby Sen,2015,TV-PG,"Comedies, Dramas, International Movies",127.0,0,2,1.0
Movie,Abdo Mota,2012,TV-MA,"Action & Adventure, Dramas, International Movies",100.0,0,2,7.0
Movie,Abhinetri,2016,TV-14,"Comedies, International Movies, Sci-Fi & Fantasy",131.0,0,2,4.0
TV Show,Abnormal Summit,2017,TV-PG,"International TV Shows, Korean TV Shows, Stand-Up Comedy & Talk Shows",0.0,2,3,0.0
Movie,Abominable Christmas,2012,TV-Y7,"Children & Family Movies, Comedies",44.0,0,2,16.0
Movie,About a Boy,2002,PG-13,"Comedies, Dramas, International Movies",101.0,0,1,1.0
Movie,Abzurdah,2015,TV-MA,"Dramas, International Movies",90.0,0,2,7.0
Movie,Acapulco La vida va,2016,TV-MA,"Comedies, Dramas, International Movies",89.0,0,2,7.0
Movie,Across The Line,2015,TV-MA,"Dramas, Sports Movies",88.0,0,2,3.0
Movie,Across the Universe,2007,PG-13,"Dramas, Music & Musicals, Romantic Movies",133.0,0,2,9.0
Movie,Act of Valor,2012,R,Action & Adventure,110.0,0,2,11.0
Movie,Act of Vengeance,2010,NR,"Action & Adventure, International Movies",112.0,0,2,0.0
Movie,Acts of Violence,2018,R,Action & Adventure,87.0,0,2,11.0
TV Show,Adam Ruins Everything,2018,TV-14,TV Comedies,0.0,1,3,17.0
Movie,Addicted to Life,2014,TV-14,"Action & Adventure, Documentaries, International Movies",91.0,0,2,12.0
Movie,Adore,2013,R,"Dramas, Independent Movies, International Movies",111.0,0,2,10.0
Movie,Adrishya,2017,TV-14,"Horror Movies, Independent Movies, International Movies",99.0,0,2,0.0
Movie,Adventures in Public School,2018,NR,Comedies,86.0,0,2,2.0
TV Show,Africa,2013,TV-PG,"British TV Shows, Docuseries, International TV Shows",0.0,1,3,7.0
Movie,After Porn Ends,2012,NR,Documentaries,93.0,0,2,18.0
Movie,After Porn Ends 3,2018,TV-MA,Documentaries,87.0,0,2,17.0
Movie,Afterschool,2008,TV-MA,"Dramas, Independent Movies",107.0,0,2,3.0
Movie,Aftershock,2012,R,"Action & Adventure, Horror Movies",89.0,0,2,11.0
Movie,Agatha and the Truth of Murder,2018,TV-MA,Dramas,92.0,0,2,3.0
TV Show,Age Gap Love,2017,TV-MA,"British TV Shows, Reality TV, Romantic TV Shows",0.0,1,3,5.0
TV Show,Age of Glory,2010,TV-MA,"International TV Shows, Romantic TV Shows, TV Dramas",0.0,2,3,2.0
TV Show,Agent Raghav,2015,TV-14,"Crime TV Shows, International TV Shows, TV Action & Adventure",0.0,1,3,9.0
Movie,Ahista Ahista,2006,TV-14,"Dramas, International Movies, Romantic Movies",122.0,0,2,15.0
Movie,Ai Weiwei: Never Sorry,2012,R,Documentaries,91.0,0,2,18.0
TV Show,Ainsley Eats the Streets,2014,TV-PG,"British TV Shows, Docuseries, International TV Shows",0.0,1,3,7.0
Movie,Aisa Yeh Jahaan,2015,TV-14,"Dramas, Independent Movies, International Movies",127.0,0,2,15.0
Movie,Aitraaz,2004,TV-14,"International Movies, Music & Musicals, Romantic Movies",153.0,0,2,0.0
Movie,Alarmoty in the Land of Fire,2017,TV-MA,"Comedies, International Movies",94.0,0,2,6.0
Movie,Albion: The Enchanted Stallion,2016,TV-PG,Children & Family Movies,106.0,0,2,2.0
Movie,Alejandro Sanz: What I Was Is What I Am,2018,TV-MA,"Documentaries, International Movies, Music & Musicals",102.0,0,2,17.0
Movie,Alice Doesn't Live Here Anymore,1974,PG,"Classic Movies, Comedies, Dramas",112.0,0,1,0.0
Movie,Alien Contact: Outer Space,2017,TV-PG,Documentaries,63.0,0,2,8.0
Movie,Aliens Ate My Homework,2018,PG,"Children & Family Movies, Comedies, Sci-Fi & Fantasy",90.0,0,2,2.0
Movie,Alive and Kicking,2016,TV-14,Documentaries,89.0,0,2,12.0
Movie,All About Nina,2018,R,"Comedies, Dramas, Independent Movies",101.0,0,2,10.0
Movie,All Dogs Go to Heaven,1989,G,Children & Family Movies,85.0,0,1,1.0
Movie,All Good Ones Get Away,2019,TV-MA,"International Movies, Thrillers",83.0,0,2,13.0
Movie,All Hallows' Eve,2016,TV-G,"Children & Family Movies, Independent Movies",92.0,0,2,2.0
Movie,All Light Will End,2018,TV-MA,"Horror Movies, Thrillers",84.0,0,2,13.0
Movie,All the Boys Love Mandy Lane,2006,R,Horror Movies,91.0,0,2,11.0
Movie,All the Devil's Men,2018,R,Action & Adventure,100.0,0,2,11.0
Movie,Alone in Berlin,2016,R,Dramas,103.0,0,2,10.0
Movie,Along Came a Spider,2001,R,Thrillers,103.0,0,1,1.0
Movie,Alpha and Omega 2: A Howl-iday Adventure,2013,TV-G,Children & Family Movies,45.0,0,2,16.0
Movie,Alpha and Omega: The Legend of the Saw Tooth Cave,2014,TV-Y7,Children & Family Movies,45.0,0,2,16.0
TV Show,Alphablocks,2014,TV-Y,Kids' TV,0.0,5,0,0.0
Movie,AlphaGo,2017,TV-G,Documentaries,90.0,0,2,18.0
Movie,Always a Bridesmaid,2019,TV-14,"Comedies, Romantic Movies",98.0,0,2,4.0
Movie,Amar Akbar & Tony,2015,TV-MA,"Comedies, Dramas, International Movies",92.0,0,2,7.0
Movie,Amar Akbar Anthony,1977,TV-14,"Action & Adventure, Classic Movies, Comedies",172.0,0,1,0.0
Movie,Amar's Hands,2011,TV-14,"Dramas, International Movies",125.0,0,2,15.0
TV Show,America's Book of Secrets,2014,TV-14,Docuseries,0.0,1,3,6.0
Movie,American Anarchist,2016,TV-MA,Documentaries,81.0,0,2,17.0
Movie,American Assassin,2017,R,Action & Adventure,112.0,0,2,11.0
Movie,American Beauty,1999,R,Dramas,122.0,0,1,1.0
Movie,American Circumcision,2017,TV-14,Documentaries,101.0,0,2,12.0
TV Show,American Crime,2017,TV-MA,"Crime TV Shows, TV Dramas",0.0,3,3,16.0
Movie,American Experience: Ruby Ridge,2017,TV-MA,Documentaries,53.0,0,2,17.0
TV Show,American Experience: The Circus,2018,TV-PG,Docuseries,0.0,1,3,7.0
Movie,American Experience: The Island Murder,2018,TV-14,Documentaries,53.0,0,2,12.0
Movie,American Hangman,2019,TV-MA,Thrillers,99.0,0,2,13.0
Movie,American Heist,2014,R,"Action & Adventure, Dramas",95.0,0,2,10.0
Movie,American History X,1998,R,Dramas,119.0,0,1,1.0
Movie,American Honey,2016,R,"Dramas, Independent Movies",163.0,0,2,10.0
Movie,American Masters: Ted Williams,2018,TV-MA,"Documentaries, Sports Movies",55.0,0,2,17.0
TV Show,American Odyssey,2015,TV-14,"TV Dramas, TV Thrillers",0.0,1,3,10.0
Movie,American Psycho,2000,R,"Comedies, Cult Movies, Dramas",102.0,0,1,1.0
Movie,American Warfighter,2019,TV-MA,Dramas,106.0,0,2,3.0
Movie,Amy,2015,R,"Documentaries, International Movies, Music & Musicals",128.0,0,2,18.0
Movie,An American in Madras,2013,TV-PG,"Documentaries, International Movies",80.0,0,2,8.0
Movie,An American Tail,1986,G,Children & Family Movies,80.0,0,1,1.0
Movie,An American Tail: Fievel Goes West,1991,G,Children & Family Movies,75.0,0,1,1.0
Movie,An American Tail: The Mystery of the Night Monster,1999,G,Children & Family Movies,75.0,0,1,1.0
Movie,An American Tail: The Treasures of Manhattan Island,2000,G,Children & Family Movies,79.0,0,1,1.0
Movie,An Hour and a Half,2012,TV-14,"Dramas, International Movies",87.0,0,2,15.0
TV Show,An Innocent Mistake,2012,TV-14,"International TV Shows, Romantic TV Shows, TV Dramas",0.0,1,3,10.0
Movie,An Interview with God,2018,TV-PG,"Dramas, Faith & Spirituality",97.0,0,2,1.0
Movie,An Upper Egyptian,2014,TV-MA,"Comedies, Dramas, International Movies",85.0,0,2,7.0
Movie,Anarkali of Aarah,2017,TV-MA,"Dramas, Independent Movies, International Movies",111.0,0,2,7.0
Movie,Anchor and Hope,2017,TV-MA,"Comedies, Dramas, LGBTQ Movies",113.0,0,2,3.0
TV Show,Ancient Aliens,2018,TV-14,"Docuseries, Science & Nature TV",0.0,1,3,6.0
Movie,Anesthesia,2015,R,"Dramas, Independent Movies",90.0,0,2,10.0
Movie,Angel Eyes,2001,R,"Dramas, Romantic Movies",103.0,0,1,1.0
Movie,Anger Management,2003,PG-13,Comedies,105.0,0,2,14.0
Movie,Angry Indian Goddesses,2015,TV-MA,"Dramas, Independent Movies, International Movies",104.0,0,2,7.0
TV Show,Anjaan: Rural Myths,2018,TV-14,"International TV Shows, TV Horror, TV Thrillers",0.0,1,3,9.0
TV Show,Anjaan: Special Crimes Unit,2018,TV-14,"International TV Shows, TV Horror, TV Mysteries",0.0,1,3,9.0
Movie,Ankur Arora Murder Case,2013,TV-14,"Dramas, International Movies, Thrillers",127.0,0,2,15.0
Movie,Annabelle Hooper and the Ghosts of Nantucket,2016,TV-PG,Children & Family Movies,92.0,0,2,2.0
Movie,Another Forever,2016,TV-PG,"Dramas, Independent Movies, International Movies",72.0,0,2,1.0
Movie,Ant-Man and the Wasp,2018,PG-13,"Action & Adventure, Comedies, Sci-Fi & Fantasy",118.0,0,2,14.0
Movie,Antar: Son of Shadad,2017,TV-MA,"Comedies, International Movies",110.0,0,2,6.0
Movie,Antariksha Ke Rakhwale,2018,TV-Y7,Children & Family Movies,65.0,0,2,16.0
TV Show,Anthony Bourdain: Parts Unknown,2018,TV-PG,Docuseries,0.0,5,0,0.0
Movie,Antidote,2018,TV-MA,"Action & Adventure, Horror Movies",90.0,0,2,13.0
Movie,Anwar,2007,TV-14,"Dramas, Independent Movies, International Movies",134.0,0,2,15.0
TV Show,忍者ハットリくん,2012,TV-Y7,"Anime Series, Kids' TV",0.0,2,3,13.0
Movie,Apache Warrior,2017,TV-MA,Documentaries,89.0,0,2,17.0
Movie,APEX: The Story of the Hypercar,2016,NR,Documentaries,86.0,0,2,18.0
Movie,Apollo 18,2011,PG-13,"Horror Movies, Sci-Fi & Fantasy, Thrillers",87.0,0,2,14.0
Movie,April and the Extraordinary World,2015,PG,"Action & Adventure, Comedies, International Movies",107.0,0,2,6.0
Movie,"Aram, Aram",2015,TV-14,"Dramas, Independent Movies",79.0,0,2,15.0
Movie,Are We Done Yet?,2018,TV-14,"Comedies, Dramas, International Movies",87.0,0,2,4.0
Movie,Arisan 2,2011,TV-14,"Comedies, Dramas, International Movies",113.0,0,2,4.0
Movie,Arthur,2011,PG-13,"Comedies, Romantic Movies",110.0,0,2,14.0
Movie,Arthur Christmas,2011,PG,"Children & Family Movies, Comedies",98.0,0,2,2.0
Movie,"As Above, So Below",2014,R,"Horror Movies, Thrillers",93.0,0,2,11.0
Movie,As Good as It Gets,1997,PG-13,"Comedies, Romantic Movies",139.0,0,1,1.0
Movie,Assimilate,2019,TV-MA,"Horror Movies, Sci-Fi & Fantasy, Thrillers",94.0,0,2,13.0
Movie,Asura: The City of Madness,2016,NR,"Action & Adventure, Dramas, International Movies",133.0,0,2,15.0
Movie,At All Costs,2016,TV-MA,"Documentaries, Sports Movies",81.0,0,2,17.0
Movie,At First Light,2018,TV-14,"Dramas, Sci-Fi & Fantasy",91.0,0,2,15.0
Movie,ATM,2012,TV-14,"Comedies, International Movies, Romantic Movies",122.0,0,2,4.0
TV Show,Atomic Puppet,2016,TV-Y7,"Crime TV Shows, Kids' TV, TV Comedies",0.0,1,3,13.0
Movie,Attacking the Devil: Harold Evans and the Last Nazi War Crime,2014,TV-14,"Documentaries, International Movies",102.0,0,2,12.0
Movie,Attitude Test,2016,TV-14,"Comedies, Independent Movies, International Movies",88.0,0,2,4.0
Movie,Auschwitz: Blueprints of Genocide,1994,TV-PG,Documentaries,49.0,0,1,1.0
TV Show,Aussie Gold Hunters,2016,TV-MA,"Docuseries, International TV Shows, Reality TV",0.0,1,3,14.0
Movie,Automata,2014,R,"International Movies, Sci-Fi & Fantasy, Thrillers",110.0,0,2,11.0
Movie,Avengers: Infinity War,2018,PG-13,"Action & Adventure, Sci-Fi & Fantasy",150.0,0,2,14.0
Movie,Avicii: True Stories,2017,TV-MA,"Documentaries, International Movies, Music & Musicals",97.0,0,2,17.0
Movie,Azhar,2016,TV-14,"Dramas, International Movies, Sports Movies",129.0,0,2,15.0
Movie,B.A. Pass,2013,TV-14,"Dramas, Independent Movies, International Movies",99.0,0,2,15.0
Movie,Babam ve Oğlum,2005,TV-14,"Dramas, International Movies",112.0,0,2,15.0
Movie,Babel,2006,R,"Dramas, Independent Movies",143.0,0,2,10.0
Movie,Bachelor Girls,2016,TV-MA,"Documentaries, International Movies",61.0,0,2,17.0
Movie,Back and Forth,2016,NR,"Comedies, Dramas, International Movies",95.0,0,2,4.0
Movie,Backcountry,2014,NR,"Horror Movies, Independent Movies, Thrillers",92.0,0,2,13.0
Movie,Backfire,2019,TV-MA,"Dramas, Independent Movies, Thrillers",97.0,0,2,3.0
Movie,Backtrack,2015,R,"Dramas, Thrillers",90.0,0,2,10.0
Movie,Bad Boys,1995,R,"Action & Adventure, Comedies",119.0,0,1,1.0
Movie,Bad Boys II,2003,R,"Action & Adventure, Comedies",147.0,0,1,1.0
TV Show,Bad Education,2014,TV-MA,"British TV Shows, TV Comedies",0.0,3,3,16.0
Movie,Bad Match,2017,TV-MA,Thrillers,83.0,0,2,13.0
Movie,Bad Rap,2016,TV-MA,"Documentaries, Music & Musicals",83.0,0,2,17.0
TV Show,Badalte Rishton Ki Dastaan,2013,TV-14,"International TV Shows, TV Dramas",0.0,1,3,10.0
Movie,Badha,2006,TV-14,"Dramas, International Movies",91.0,0,2,15.0
Movie,Badland,2019,TV-14,Dramas,117.0,0,2,15.0
TV Show,Bala Loca,2016,TV-MA,"International TV Shows, Spanish-Language TV Shows, TV Dramas",0.0,1,3,2.0
Movie,Balto,1995,G,"Children & Family Movies, Dramas",78.0,0,1,1.0
Movie,Balto 2: Wolf Quest,2001,G,Children & Family Movies,75.0,0,1,1.0
Movie,Balto 3: Wings of Change,2004,G,Children & Family Movies,78.0,0,2,2.0
Movie,Balu Mahi,2017,TV-MA,"International Movies, Romantic Movies",149.0,0,2,13.0
Movie,Bana Masal Anlatma,2015,TV-14,"Comedies, International Movies, Romantic Movies",103.0,0,2,4.0
Movie,Band Aid,2017,R,"Comedies, Dramas, Independent Movies",94.0,0,2,10.0
Movie,Band of Robbers,2015,NR,"Action & Adventure, Comedies, Independent Movies",95.0,0,2,11.0
Movie,Bang Rajan 2,2010,TV-MA,"Action & Adventure, International Movies",122.0,0,2,13.0
TV Show,Bangkok Bachelors,2016,TV-MA,"International TV Shows, Romantic TV Shows, TV Comedies",0.0,1,3,15.0
Movie,Bangkok Hell,2002,TV-MA,"Dramas, International Movies",107.0,0,2,7.0
Movie,Bangkok Traffic (Love) Story,2009,TV-14,"Comedies, International Movies, Romantic Movies",126.0,0,2,4.0
Movie,Barça Dreams,2015,TV-MA,"Documentaries, International Movies, Sports Movies",122.0,0,2,17.0
Movie,Barah Aana,2009,TV-14,"Dramas, International Movies",95.0,0,2,15.0
Movie,Barbecue,2017,TV-MA,"Documentaries, International Movies",101.0,0,2,17.0
Movie,Barbie & Her Sisters in a Pony Tale,2013,TV-Y,Children & Family Movies,74.0,0,2,16.0
Movie,Barbie in A Mermaid Tale,2010,TV-Y,Children & Family Movies,74.0,0,2,16.0
Movie,Barbie in Princess Power,2015,TV-Y,Children & Family Movies,74.0,0,2,16.0
Movie,Barbie in Rock 'N Royals,2015,TV-Y,Children & Family Movies,83.0,0,2,16.0
Movie,Barbie Star Light Adventure,2016,TV-Y,Children & Family Movies,79.0,0,2,16.0
Movie,Barbie: A Fairy Secret,2010,TV-Y7,Children & Family Movies,72.0,0,2,16.0
Movie,Barbie: Princess Charm School,2011,TV-Y,Children & Family Movies,80.0,0,2,16.0
Movie,Barbie: Spy Squad,2016,TV-Y,Children & Family Movies,75.0,0,2,16.0
Movie,Barbie: The Princess & the Popstar,2012,TV-Y,Children & Family Movies,75.0,0,2,16.0
Movie,Barbie: Video Game Hero,2017,TV-Y,Children & Family Movies,72.0,0,2,16.0
Movie,Barely Lethal,2015,PG-13,"Action & Adventure, Comedies",99.0,0,2,14.0
Movie,Barrio Universitario,2013,TV-14,"Comedies, International Movies",91.0,0,2,4.0
Movie,Barsaat,1995,TV-PG,"Action & Adventure, International Movies, Music & Musicals",166.0,0,1,1.0
Movie,BASEketball,1998,R,"Comedies, Sports Movies",103.0,0,1,1.0
Movie,Basic Instinct,1992,R,"Classic Movies, Thrillers",128.0,0,1,1.0
TV Show,Bat Pat,2016,TV-Y,Kids' TV,0.0,1,3,4.0
TV Show,Bates Motel,2017,TV-MA,"Crime TV Shows, TV Dramas, TV Horror",0.0,5,0,0.0
Movie,Bathtubs Over Broadway,2018,PG-13,"Documentaries, Music & Musicals",87.0,0,2,18.0
TV Show,Battle Creek,2015,TV-14,"Crime TV Shows, TV Comedies, TV Dramas",0.0,1,3,17.0
TV Show,Battlefield Recovery,2016,TV-PG,"British TV Shows, Docuseries, Reality TV",0.0,1,3,7.0
Movie,Bawarchi,1972,TV-PG,"Classic Movies, Comedies, Dramas",125.0,0,1,0.0
Movie,Bazaar,1982,TV-14,"Dramas, Independent Movies, International Movies",121.0,0,1,0.0
Movie,Be Here Now,2015,TV-MA,Documentaries,110.0,0,2,17.0
Movie,Be Somebody,2016,PG,"Comedies, Dramas, Romantic Movies",88.0,0,2,2.0
TV Show,Be-Be-Bears,2018,TV-Y,Kids' TV,0.0,1,3,4.0
Movie,Beak & Brain: Genius Birds From Down Under,2013,TV-G,"Documentaries, International Movies",52.0,0,2,18.0
Movie,Bean: The Ultimate Disaster Movie,1997,PG-13,"Comedies, International Movies",89.0,0,1,1.0
Movie,Beary Tales,2013,TV-G,"Children & Family Movies, Documentaries, International Movies",52.0,0,2,18.0
TV Show,Beast Legends,2010,TV-PG,Docuseries,0.0,1,3,7.0
TV Show,Beating Again,2015,TV-14,"International TV Shows, Korean TV Shows, Romantic TV Shows",0.0,1,3,12.0
TV Show,Beauty & the Beast,2016,TV-14,"Crime TV Shows, Romantic TV Shows, TV Dramas",0.0,4,0,0.0
TV Show,Beauty and the Bitches,2016,TV-MA,"International TV Shows, Romantic TV Shows, TV Comedies",0.0,2,3,15.0
Movie,Beavis and Butt-head Do America,1996,PG-13,"Comedies, Cult Movies",81.0,0,1,1.0
Movie,Bebe's Kids,1992,PG-13,Comedies,73.0,0,1,1.0
Movie,Because of Soccer,2008,TV-14,"Comedies, Dramas, International Movies",75.0,0,2,4.0
Movie,Because We're Heading Out,2016,TV-14,"Comedies, International Movies",99.0,0,2,4.0
Movie,Becoming Jane,2007,PG-13,"Dramas, Romantic Movies",121.0,0,2,9.0
Movie,Bedtime Stories,2008,PG,"Children & Family Movies, Comedies",100.0,0,2,2.0
Movie,Before the Flood,2016,PG,Documentaries,97.0,0,2,18.0
Movie,"Behind ""The Cove"": The Quiet Japanese Speak Out",2015,TV-14,"Documentaries, International Movies",105.0,0,2,12.0
Movie,Behind the Curtain: Todrick Hall,2017,TV-MA,"Documentaries, LGBTQ Movies, Music & Musicals",100.0,0,2,17.0
TV Show,Behind the Newsroom,2015,TV-MA,"International TV Shows, Romantic TV Shows, TV Dramas",0.0,1,3,2.0
TV Show,Behzat Ç.,2010,TV-MA,"Crime TV Shows, International TV Shows, TV Dramas",0.0,1,3,2.0
Movie,Beiimaan Love,2016,TV-MA,"Dramas, International Movies, Romantic Movies",115.0,0,2,7.0
Movie,Being AP,2015,TV-14,"Documentaries, International Movies, Sports Movies",99.0,0,2,12.0
TV Show,Being Mary Jane: The Series,2016,TV-14,"Romantic TV Shows, TV Dramas",0.0,4,0,0.0
Movie,Below Her Mouth,2016,TV-MA,"Dramas, Independent Movies, International Movies",91.0,0,2,7.0
TV Show,Ben 10,2016,TV-Y7,Kids' TV,0.0,1,3,13.0
Movie,Beneath the Leaves,2019,TV-MA,"Independent Movies, Thrillers",90.0,0,2,3.0
Movie,Benji: Off the Leash,2004,PG,"Children & Family Movies, Dramas",100.0,0,2,2.0
Movie,Benji's Very Own Christmas Story,1978,TV-G,Children & Family Movies,25.0,0,1,0.0
Movie,Berlin Kaplani,2012,TV-14,"Comedies, International Movies, Sports Movies",99.0,0,2,4.0
Movie,"Berlin, I Love You",2019,R,"Dramas, International Movies, Romantic Movies",120.0,0,2,10.0
Movie,Best Neighbors,2014,TV-14,"Comedies, International Movies",98.0,0,2,4.0
Movie,Betting on Zero,2017,TV-PG,Documentaries,104.0,0,2,8.0
Movie,Bewafaa,2005,TV-PG,"Dramas, International Movies, Romantic Movies",149.0,0,2,1.0
Movie,Bewildered Bolbol,2010,TV-14,"Comedies, International Movies, Romantic Movies",112.0,0,2,4.0
TV Show,Beyblade: Metal Fusion,2009,TV-Y7,"Anime Series, Kids' TV",0.0,1,3,13.0
Movie,Beyond All Boundaries,2013,TV-14,"Documentaries, International Movies, Sports Movies",98.0,0,2,12.0
Movie,Beyond the Clouds,2018,TV-14,"Dramas, Independent Movies, International Movies",120.0,0,2,15.0
TV Show,Bh Se Bhade,2013,TV-PG,"International TV Shows, TV Comedies",0.0,1,3,0.0
TV Show,Bhaage Re Mann,2015,TV-14,"International TV Shows, Romantic TV Shows, TV Dramas",0.0,1,3,10.0
Movie,Bhagam Bhag,2006,TV-14,"Comedies, International Movies, Romantic Movies",151.0,0,2,4.0
Movie,Bheemayan,2018,TV-Y,Children & Family Movies,63.0,0,2,16.0
Movie,Bhool Bhulaiyaa,2007,TV-14,"Dramas, International Movies, Thrillers",148.0,0,2,15.0
Movie,Bhoot,2003,TV-MA,"Horror Movies, International Movies, Thrillers",114.0,0,2,13.0
Movie,Bhouri,2017,TV-14,"Dramas, Independent Movies, International Movies",123.0,0,2,15.0
TV Show,Big Bad Beetleborgs,1997,TV-G,"Kids' TV, TV Comedies",0.0,2,3,18.0
Movie,Big Bear,2017,TV-MA,Comedies,87.0,0,2,6.0
Movie,Big Daddy,1999,PG-13,Comedies,93.0,0,1,1.0
TV Show,"Big Dreams, Small Spaces",2017,TV-G,"British TV Shows, International TV Shows, Reality TV",0.0,3,3,8.0
Movie,Big Fat Liar,2002,PG,"Children & Family Movies, Comedies",88.0,0,1,1.0
Movie,Big Kill,2018,R,Action & Adventure,126.0,0,2,11.0
Movie,Big Time,2017,TV-MA,Documentaries,90.0,0,2,17.0
Movie,Bigger Fatter Liar,2017,PG,"Children & Family Movies, Comedies",95.0,0,2,2.0
Movie,Biggie & Tupac,2002,R,"Documentaries, Music & Musicals",108.0,0,1,1.0
Movie,Bill Burr: Let It Go,2010,NR,Stand-Up Comedy,65.0,0,2,5.0
Movie,Billy Elliot,2000,R,"Dramas, Independent Movies, International Movies",110.0,0,1,1.0
Movie,Billy Graham: An Extraordinary Journey,2018,TV-PG,"Documentaries, Faith & Spirituality",66.0,0,2,8.0
Movie,Bilu Rakkhosh,2017,TV-MA,"Dramas, International Movies",127.0,0,2,7.0
Movie,Bioscope,2015,TV-14,"Dramas, International Movies, LGBTQ Movies",131.0,0,2,15.0
Movie,Birthmarked,2018,TV-MA,"Comedies, Independent Movies, International Movies",88.0,0,2,6.0
Movie,Bitch,2017,R,"Comedies, Dramas, Independent Movies",97.0,0,2,10.0
Movie,Bitcoin Heist,2016,TV-14,"Action & Adventure, Comedies, International Movies",116.0,0,2,4.0
TV Show,Bitten,2016,TV-MA,"International TV Shows, TV Dramas, TV Horror",0.0,3,3,16.0
TV Show,Bitter Daisies,2018,TV-MA,"Crime TV Shows, International TV Shows, TV Dramas",0.0,1,3,2.0
Movie,Bittoo Boss,2012,TV-14,"Comedies, Dramas, International Movies",117.0,0,2,4.0
Movie,Black & Privileged: Volume 1,2019,TV-MA,Dramas,79.0,0,2,3.0
Movie,Black Hawk Down,2001,R,"Action & Adventure, Dramas",144.0,0,1,1.0
TV Show,Black Heart,2014,TV-14,"Crime TV Shows, International TV Shows, TV Dramas",0.0,1,3,10.0
Movie,Black Man White Skin,2015,TV-PG,"Documentaries, International Movies",79.0,0,2,8.0
Movie,Black Panther,2018,PG-13,"Action & Adventure, Sci-Fi & Fantasy",135.0,0,2,14.0
Movie,Black Site Delta,2017,TV-MA,Action & Adventure,88.0,0,2,13.0
Movie,Black Snake Moan,2007,R,"Dramas, Independent Movies",116.0,0,2,10.0
Movie,Black Snow,2017,TV-MA,"Dramas, International Movies, Thrillers",91.0,0,2,7.0
Movie,Blackfish,2013,PG-13,Documentaries,83.0,0,2,18.0
Movie,Blackway,2015,PG-13,Thrillers,90.0,0,2,14.0
Movie,Blaze,2018,R,"Dramas, Independent Movies, Music & Musicals",129.0,0,2,10.0
Movie,Bleed for This,2016,R,"Dramas, Sports Movies",120.0,0,2,10.0
Movie,Blinky Bill: The Movie,2015,PG,Children & Family Movies,91.0,0,2,2.0
Movie,Blockbuster,2017,TV-MA,"Comedies, Independent Movies, International Movies",85.0,0,2,6.0
TV Show,Blood & Treasures,2016,TV-14,"International TV Shows, TV Dramas, TV Sci-Fi & Fantasy",0.0,1,3,10.0
Movie,Blood Father,2016,R,"Action & Adventure, International Movies",88.0,0,2,11.0
Movie,Blow,2001,R,Dramas,123.0,0,1,1.0
Movie,Blue Is the Warmest Color,2013,NC-17,"Dramas, Independent Movies, International Movies",180.0,0,2,15.0
Movie,Blue Jasmine,2013,PG-13,"Comedies, Dramas, Independent Movies",98.0,0,2,9.0
Movie,Blue Mountain State: The Rise of Thadland,2016,R,Comedies,90.0,0,2,11.0
TV Show,Blue Planet II,2017,TV-G,"British TV Shows, Docuseries, Science & Nature TV",0.0,1,3,3.0
Movie,Blue Ruin,2013,R,"Independent Movies, Thrillers",90.0,0,2,11.0
Movie,Blue Streak,1999,PG-13,"Action & Adventure, Comedies",94.0,0,1,1.0
Movie,Blue Valentine,2010,R,"Dramas, Independent Movies, Romantic Movies",112.0,0,2,10.0
Movie,Blurred Lines: Inside the Art World,2017,TV-MA,Documentaries,85.0,0,2,17.0
Movie,Bob Lazar: Area 51 & Flying Saucers,2018,TV-MA,Documentaries,97.0,0,2,17.0
TV Show,Bob Ross: Beauty Is Everywhere,1991,TV-G,TV Shows,0.0,1,1,1.0
Movie,Bob's Broken Sleigh,2015,TV-G,Children & Family Movies,47.0,0,2,16.0
Movie,Bobbi Jene,2017,TV-MA,Documentaries,99.0,0,2,17.0
Movie,Bobby,1973,TV-14,"Classic Movies, Dramas, International Movies",168.0,0,1,0.0
Movie,Bobby Robson: More Than a Manager,2018,TV-14,"Documentaries, International Movies, Sports Movies",99.0,0,2,12.0
Movie,Bobby Sands: 66 Days,2016,TV-14,Documentaries,106.0,0,2,12.0
Movie,Bokeh,2017,TV-14,"Dramas, Independent Movies, Sci-Fi & Fantasy",92.0,0,2,15.0
Movie,Bolt,2008,PG,"Children & Family Movies, Comedies",99.0,0,2,2.0
Movie,Bombshell: The Hedy Lamarr Story,2017,TV-14,Documentaries,89.0,0,2,12.0
Movie,Bon Bini Holland,2015,TV-MA,"Comedies, International Movies",88.0,0,2,6.0
TV Show,Bondi Rescue,2016,TV-PG,Reality TV,0.0,1,3,5.0
Movie,Bonnie and Clyde,1967,R,"Action & Adventure, Classic Movies, Dramas",111.0,0,1,0.0
Movie,Boom,2003,TV-MA,"Action & Adventure, Dramas, International Movies",79.0,0,2,7.0
TV Show,Border Patrol,2016,TV-PG,Reality TV,0.0,1,3,5.0
TV Show,Borderline,2017,TV-14,"British TV Shows, TV Comedies",0.0,2,3,17.0
Movie,Born Strong,2017,TV-MA,"Documentaries, Sports Movies",86.0,0,2,17.0
Movie,Born to Be Free,2016,TV-14,"Documentaries, International Movies",74.0,0,2,12.0
TV Show,Botched Up Bodies,2013,TV-MA,"British TV Shows, Docuseries, International TV Shows",0.0,1,3,14.0
Movie,Bottom of the World,2017,TV-MA,"Dramas, Independent Movies, Thrillers",84.0,0,2,3.0
Movie,Boy and the World,2013,PG,Children & Family Movies,80.0,0,2,2.0
Movie,Boy Bye,2016,TV-MA,"Comedies, Romantic Movies",86.0,0,2,6.0
TV Show,Brain Games,2016,TV-G,"Docuseries, Science & Nature TV",0.0,3,3,8.0
Movie,Brampton's Own,2018,TV-MA,"Dramas, Romantic Movies, Sports Movies",90.0,0,2,3.0
Movie,Bratz: The Movie,2007,PG,"Children & Family Movies, Comedies",102.0,0,2,2.0
TV Show,Brave Miss World,2013,TV-14,"Crime TV Shows, Docuseries",0.0,1,3,6.0
Movie,Brave New Jersey,2016,TV-MA,"Comedies, Independent Movies",92.0,0,2,3.0
TV Show,Braxton Family Values,2014,TV-PG,Reality TV,0.0,2,3,5.0
Movie,Breaking Free,2015,TV-MA,"Documentaries, International Movies, LGBTQ Movies",81.0,0,2,17.0
Movie,Breath,2018,TV-MA,"Dramas, Sports Movies",116.0,0,2,3.0
Movie,Brick,2005,R,"Independent Movies, Thrillers",110.0,0,2,11.0
Movie,Bring It On: Worldwide Showdown,2017,PG-13,Comedies,95.0,0,2,14.0
TV Show,Bringing Sexy Back,2015,TV-14,"International TV Shows, Reality TV",0.0,1,3,5.0
Movie,Brooklyn's Finest,2009,R,"Dramas, Thrillers",133.0,0,2,10.0
Movie,Brotherhood of Blades II: The Infernal Battlefield,2017,TV-MA,"Action & Adventure, International Movies",120.0,0,2,13.0
TV Show,Brown Nation,2016,TV-14,TV Comedies,0.0,1,3,17.0
Movie,Bruno and Boots: Go Jump in the Pool,2016,TV-PG,"Children & Family Movies, Comedies",91.0,0,2,2.0
Movie,Bruno and Boots: The Wizzle War,2017,TV-PG,"Children & Family Movies, Comedies",90.0,0,2,2.0
Movie,Bruno and Boots: This Can't Be Happening at Macdonald Hall,2017,TV-PG,"Children & Family Movies, Comedies",90.0,0,2,2.0
TV Show,Buddha,2013,TV-PG,"International TV Shows, TV Dramas",0.0,1,3,0.0
Movie,Buffalo Boys,2018,TV-MA,"Action & Adventure, International Movies",103.0,0,2,13.0
Movie,Bugs,2016,TV-G,"Documentaries, International Movies",73.0,0,2,18.0
Movie,Bullitt County,2018,TV-MA,"Independent Movies, Thrillers",98.0,0,2,3.0
TV Show,"Bure Kaam Bura Natija, Kyun Bhai Chacha Haan Bhatija",2017,TV-PG,Kids' TV,0.0,1,3,0.0
Movie,Burlesque,2010,PG-13,"Dramas, Romantic Movies",119.0,0,2,9.0
Movie,Burlesque: Heart of the Glitter Tribe,2017,TV-MA,Documentaries,76.0,0,2,17.0
Movie,Burning,2018,TV-MA,"Dramas, Independent Movies, International Movies",148.0,0,2,7.0
TV Show,Burnistoun,2012,TV-MA,"British TV Shows, TV Comedies",0.0,2,3,15.0
Movie,Bushwick,2017,TV-MA,"Action & Adventure, Independent Movies",94.0,0,2,3.0
Movie,Butterfield 8,1960,TV-14,"Classic Movies, Dramas, Romantic Movies",108.0,0,1,0.0
Movie,Cézanne et moi,2016,R,"Dramas, Independent Movies, International Movies",114.0,0,2,10.0
Movie,Cabin Fever,2016,R,"Horror Movies, Thrillers",98.0,0,2,11.0
TV Show,Cabins in the Wild with Dick Strawbridge,2017,TV-PG,"British TV Shows, International TV Shows, Reality TV",0.0,1,3,5.0
Movie,Cahaya Dari Timur Beta Maluku,2014,TV-14,"Dramas, International Movies, Sports Movies",151.0,0,2,15.0
Movie,Caida del Cielo,2016,TV-MA,"Comedies, International Movies, Romantic Movies",78.0,0,2,6.0
TV Show,Cain and Abel,2009,TV-MA,"International TV Shows, Korean TV Shows, Romantic TV Shows",0.0,1,3,12.0
Movie,Cake,2018,TV-MA,"Comedies, Dramas, International Movies",125.0,0,2,7.0
Movie,Calendar Girls,2015,TV-14,"Dramas, International Movies",126.0,0,2,15.0
TV Show,Calico Critters,2018,TV-Y,Kids' TV,0.0,1,3,4.0
Movie,Calico Critters: A Town of Dreams,2017,TV-Y,Children & Family Movies,11.0,0,2,16.0
Movie,Calico Critters: The Treasure of Calico Village,2017,TV-Y,Children & Family Movies,22.0,0,2,16.0
TV Show,Call Me Francis,2016,TV-14,"International TV Shows, Spanish-Language TV Shows, TV Dramas",0.0,1,3,10.0
TV Show,Camelia la Texana,2014,TV-14,"Crime TV Shows, Romantic TV Shows, Spanish-Language TV Shows",0.0,1,3,6.0
Movie,Camera Store,2016,TV-MA,"Comedies, Dramas",104.0,0,2,3.0
Movie,Camp Cool Kids,2017,TV-G,"Children & Family Movies, Comedies, Dramas",104.0,0,2,2.0
TV Show,Camp X,2014,TV-MA,Docuseries,0.0,1,3,14.0
Movie,Camp X-Ray,2014,R,"Dramas, Independent Movies",117.0,0,2,10.0
TV Show,Can We Get Married?,2012,TV-14,"International TV Shows, Korean TV Shows, Romantic TV Shows",0.0,1,3,12.0
Movie,Can't Hardly Wait,1998,PG-13,"Comedies, Romantic Movies",101.0,0,1,1.0
Movie,Candyman,1992,R,"Cult Movies, Horror Movies",99.0,0,1,1.0
TV Show,Cannabis,2016,TV-MA,"Crime TV Shows, International TV Shows, TV Dramas",0.0,1,3,2.0
Movie,Capital in the Twenty-First Century,2019,TV-14,Documentaries,103.0,0,2,12.0
Movie,Cappuccino,2017,TV-PG,"Comedies, Dramas, International Movies",126.0,0,2,1.0
Movie,Cardboard Gangsters,2016,TV-MA,"Dramas, International Movies",92.0,0,2,7.0
TV Show,Care Bears: Welcome to Care-a-Lot,2012,TV-Y,Kids' TV,0.0,1,3,4.0
Movie,Caregiver,2008,TV-14,"Dramas, International Movies",131.0,0,2,15.0
Movie,Carol,2015,R,"Dramas, LGBTQ Movies, Romantic Movies",119.0,0,2,10.0
Movie,Carrie,1976,R,"Classic Movies, Cult Movies, Horror Movies",98.0,0,1,0.0
Movie,Carriers,2009,PG-13,"Horror Movies, Sci-Fi & Fantasy, Thrillers",85.0,0,2,14.0
Movie,Casa de mi Padre,2012,R,Comedies,84.0,0,2,11.0
TV Show,Case Closed,2015,TV-14,"Anime Series, Crime TV Shows, TV Thrillers",0.0,1,3,9.0
Movie,Casino Royale,2006,PG-13,Action & Adventure,145.0,0,2,14.0
Movie,Casino Tycoon,1992,TV-MA,"Action & Adventure, Dramas, International Movies",125.0,0,1,1.0
Movie,Casino Tycoon 2,1992,TV-MA,"Action & Adventure, Dramas, International Movies",108.0,0,1,1.0
TV Show,Castle of Stars,2015,TV-MA,"International TV Shows, Romantic TV Shows, TV Comedies",0.0,1,3,15.0
Movie,Cat on a Hot Tin Roof,1958,NR,"Classic Movies, Dramas",108.0,0,1,0.0
Movie,Catching the Sun,2015,TV-14,Documentaries,74.0,0,2,12.0
Movie,Cats & Dogs: The Revenge of Kitty Galore,2010,PG,"Children & Family Movies, Comedies",82.0,0,2,2.0
Movie,Catwalk: Tales from the Cat Show Circuit,2018,TV-PG,"Documentaries, International Movies",75.0,0,2,8.0
Movie,Cave,2016,TV-MA,"Action & Adventure, International Movies, Thrillers",77.0,0,2,13.0
Movie,Celluloid Man,2012,TV-PG,"Documentaries, International Movies",156.0,0,2,1.0
Movie,Center Stage,2000,PG-13,Dramas,116.0,0,1,1.0
Movie,Chaar Sahibzaade,2014,TV-PG,"Dramas, Faith & Spirituality, International Movies",126.0,0,2,1.0
Movie,Chal Dhar Pakad,2010,TV-14,"Comedies, Dramas, International Movies",129.0,0,2,4.0
Movie,Chal Mere Bhai,2000,TV-14,"Comedies, International Movies, Romantic Movies",132.0,0,1,1.0
Movie,Chalay Thay Saath,2017,TV-14,"Comedies, Dramas, International Movies",118.0,0,2,4.0
Movie,Chandani: The Daughter of the Elephant Whisperer,2010,TV-G,"Documentaries, International Movies",87.0,0,2,18.0
Movie,Change in the Air,2018,PG,Dramas,95.0,0,2,9.0
Movie,Chaotic Love Poems,2016,TV-14,"Dramas, International Movies, Romantic Movies",86.0,0,2,15.0
Movie,Chappaquiddick,2017,PG-13,Dramas,106.0,0,2,9.0
Movie,Charlie and the Chocolate Factory,2005,PG,"Children & Family Movies, Comedies",115.0,0,2,2.0
Movie,Charlie's Angels: Full Throttle,2003,PG-13,"Action & Adventure, Comedies",106.0,0,1,1.0
Movie,Charlotte's Web,1973,G,"Children & Family Movies, Classic Movies",94.0,0,1,0.0
Movie,Chashme Buddoor,2013,TV-PG,"Comedies, International Movies, Music & Musicals",121.0,0,2,1.0
Movie,Chasing Amy,1997,R,"Comedies, Cult Movies, Dramas",113.0,0,1,1.0
TV Show,Chasing Monsters,2016,TV-PG,"Docuseries, Reality TV, Science & Nature TV",0.0,2,3,3.0
Movie,Chasing the Dragon,2017,TV-MA,"Action & Adventure, Dramas, International Movies",129.0,0,2,7.0
Movie,Chasing Trane,2016,TV-PG,"Documentaries, Music & Musicals",99.0,0,2,8.0
Movie,Chauthi Koot,2015,TV-14,"Dramas, Independent Movies, International Movies",116.0,0,2,15.0
TV Show,Cheapest Weddings,2016,TV-14,"International TV Shows, Reality TV",0.0,1,3,5.0
TV Show,Cheers,1992,TV-PG,"Classic & Cult TV, TV Comedies",0.0,11,0,1.0
TV Show,Chef & My Fridge,2017,TV-PG,"International TV Shows, Korean TV Shows, Reality TV",0.0,2,3,5.0
Movie,Chernobyl Diaries,2012,R,"Horror Movies, Thrillers",88.0,0,2,11.0
TV Show,Chewin' the Fat,1999,TV-14,"British TV Shows, TV Comedies",0.0,1,3,18.0
TV Show,Chewing Gum,2017,TV-MA,"British TV Shows, International TV Shows, Romantic TV Shows",0.0,2,3,11.0
Movie,Chhota Bheem Aur Kaala Yodha,2018,TV-Y7,Movies,63.0,0,2,16.0
Movie,Chhota Bheem Ka Romani Adventure,2018,TV-Y7,Children & Family Movies,62.0,0,2,16.0
Movie,Chhota Bheem Ka Troll Se Takkar,2018,TV-Y7,Movies,62.0,0,2,16.0
Movie,Chhota Bheem Kungfu Dhamaka,2019,TV-Y7,Children & Family Movies,112.0,0,2,16.0
Movie,Chicken Kokkachi,2017,TV-14,"Comedies, International Movies",113.0,0,2,4.0
Movie,Chicken Little,2005,G,"Children & Family Movies, Comedies",82.0,0,2,2.0
Movie,Chief Daddy,2018,TV-MA,"Comedies, Dramas, International Movies",98.0,0,2,7.0
Movie,Child's Play,1988,R,"Cult Movies, Horror Movies",87.0,0,1,1.0
TV Show,Chill with Bob Ross,1994,TV-G,TV Shows,0.0,1,3,18.0
Movie,China Salesman,2017,TV-MA,"Action & Adventure, International Movies",111.0,0,2,13.0
Movie,Chingo Bling: They Can't Deport Us All,2017,TV-MA,Stand-Up Comedy,63.0,0,2,5.0
Movie,Chittagong,2012,NR,"Dramas, Independent Movies, International Movies",105.0,0,2,7.0
Movie,Chitty Chitty Bang Bang,1968,G,"Children & Family Movies, Classic Movies, Comedies",146.0,0,1,0.0
Movie,Chloe,2009,R,"Independent Movies, Thrillers",96.0,0,2,11.0
Movie,Chris Brown: Welcome to My Life,2017,TV-MA,"Documentaries, Music & Musicals",80.0,0,2,17.0
Movie,Christian Mingle,2014,PG,"Comedies, Faith & Spirituality, Romantic Movies",99.0,0,2,2.0
TV Show,Christiane Amanpour: Sex & Love Around the World,2018,TV-MA,Docuseries,0.0,1,3,14.0
Movie,Christmas Crush,2012,TV-PG,"Comedies, Romantic Movies",87.0,0,2,1.0
Movie,Christmas in the Smokies,2015,TV-G,"Children & Family Movies, Dramas, Romantic Movies",88.0,0,2,2.0
Movie,Christmas with the Kranks,2004,PG,"Children & Family Movies, Comedies",99.0,0,2,2.0
Movie,Christopher Robin,2018,PG,"Children & Family Movies, Comedies, Dramas",104.0,0,2,2.0
Movie,Chronicle of an Escape,2006,R,"Dramas, International Movies, Thrillers",104.0,0,2,10.0
TV Show,Chuck Chicken,2017,TV-Y7,Kids' TV,0.0,1,3,13.0
Movie,Chupan Chupai,2017,TV-14,"Comedies, International Movies",118.0,0,2,4.0
Movie,Chupke Chupke,1975,TV-PG,"Classic Movies, Comedies, International Movies",127.0,0,1,0.0
Movie,Cirque du Freak: The Vampire's Assistant,2009,PG-13,"Action & Adventure, Horror Movies, Sci-Fi & Fantasy",109.0,0,2,14.0
TV Show,City in the Sky,2016,TV-PG,"British TV Shows, Docuseries, Science & Nature TV",0.0,1,3,3.0
Movie,City of God,2002,R,"Dramas, Independent Movies, International Movies",130.0,0,1,1.0
Movie,City of Tiny Lights,2016,TV-MA,"Dramas, International Movies, Thrillers",110.0,0,2,7.0
TV Show,Civilizations,2018,TV-14,"British TV Shows, Docuseries",0.0,1,3,6.0
Movie,Clarence Clemons: Who Do I Think I Am?,2019,TV-MA,"Documentaries, Music & Musicals",88.0,0,2,17.0
Movie,Clash of the Titans,2010,PG-13,"Action & Adventure, Sci-Fi & Fantasy",106.0,0,2,14.0
Movie,Class of '61,1993,TV-PG,Dramas,91.0,0,1,1.0
Movie,Class Rank,2018,TV-MA,Comedies,103.0,0,2,6.0
TV Show,Classic Legends,2012,TV-PG,"Docuseries, International TV Shows",0.0,1,3,7.0
Movie,Cleopatra Jones,1973,PG,"Action & Adventure, Classic Movies",89.0,0,1,0.0
Movie,Click,2006,PG-13,"Comedies, Sci-Fi & Fantasy",108.0,0,2,14.0
TV Show,Click for Murder,2017,TV-14,"British TV Shows, Crime TV Shows, Docuseries",0.0,1,3,6.0
Movie,Clive Davis: The Soundtrack of Our Lives,2017,TV-MA,"Documentaries, Music & Musicals",124.0,0,2,17.0
Movie,Closed Circuit,2013,R,"Dramas, Thrillers",96.0,0,2,10.0
Movie,Cloud Atlas,2012,R,"Action & Adventure, Cult Movies, Dramas",172.0,0,2,10.0
Movie,Clouds of Sils Maria,2014,R,"Dramas, International Movies",124.0,0,2,10.0
Movie,Cloverfield,2008,PG-13,"Action & Adventure, Horror Movies, Sci-Fi & Fantasy",85.0,0,2,14.0
TV Show,Club Friday The Series 6,2015,TV-MA,"International TV Shows, Romantic TV Shows, TV Dramas",0.0,9,0,1.0
TV Show,Club Friday The Series 7,2016,TV-MA,"International TV Shows, Romantic TV Shows, TV Dramas",0.0,7,0,1.0
TV Show,Club Friday The Series 8,2017,TV-MA,"International TV Shows, Romantic TV Shows, TV Comedies",0.0,8,0,1.0
TV Show,Club Friday To Be Continued - Friend & Enemy,2016,TV-MA,"International TV Shows, Romantic TV Shows, TV Dramas",0.0,1,3,2.0
TV Show,Club Friday To Be Continued - My Beautiful Tomboy,2016,TV-MA,"International TV Shows, Romantic TV Shows, TV Comedies",0.0,1,3,15.0
TV Show,Club Friday To Be Continued - The Promise,2016,TV-MA,"International TV Shows, Romantic TV Shows, TV Dramas",0.0,1,3,2.0
Movie,Coach Carter,2005,PG-13,"Dramas, Sports Movies",137.0,0,2,9.0
Movie,Code Name: The Cleaner,2007,PG-13,"Action & Adventure, Comedies",91.0,0,2,14.0
Movie,Coffee with D,2017,TV-PG,"Comedies, Independent Movies, International Movies",120.0,0,2,1.0
TV Show,Cold Case Files,2017,TV-14,"Crime TV Shows, Docuseries",0.0,1,3,6.0
TV Show,Cold Case Files Classic,1999,TV-MA,"Crime TV Shows, Docuseries",0.0,1,3,18.0
Movie,Colkatay Columbus,2016,TV-14,"Comedies, Dramas, Independent Movies",118.0,0,2,4.0
Movie,Colonia,2015,R,"Dramas, Independent Movies, International Movies",110.0,0,2,10.0
Movie,Colours of Passion,2008,TV-14,"Dramas, International Movies",114.0,0,2,15.0
Movie,Come and Find Me,2016,R,"Dramas, Thrillers",112.0,0,2,10.0
TV Show,Comedy Bang! Bang!,2016,TV-14,"Stand-Up Comedy & Talk Shows, TV Comedies",0.0,5,0,0.0
TV Show,Comedy High School,2018,TV-14,"International TV Shows, TV Comedies",0.0,1,3,17.0
Movie,Command and Control,2017,TV-PG,Documentaries,92.0,0,2,8.0
Movie,Company,2002,TV-MA,"Action & Adventure, Dramas, International Movies",137.0,0,1,1.0
Movie,Compulsion,2016,TV-MA,"Dramas, Thrillers",84.0,0,2,3.0
TV Show,Conan Without Borders,2018,TV-14,"Docuseries, TV Comedies",0.0,1,3,6.0
Movie,Concrete Football,2016,TV-MA,"Documentaries, International Movies, Sports Movies",52.0,0,2,17.0
Movie,Concussion,2013,R,"Dramas, Independent Movies, LGBTQ Movies",96.0,0,2,10.0
Movie,Conjuring Spirit,2014,TV-MA,"Horror Movies, International Movies, Thrillers",112.0,0,2,13.0
Movie,Conor McGregor: Notorious,2017,R,"Documentaries, Sports Movies",90.0,0,2,18.0
Movie,Consequences ,2014,TV-MA,"Dramas, International Movies, Thrillers",106.0,0,2,7.0
Movie,Contract,2008,TV-14,"Action & Adventure, Dramas, Independent Movies",116.0,0,2,15.0
Movie,Convict,2014,TV-14,"Dramas, International Movies",97.0,0,2,15.0
TV Show,Cooking on High,2018,TV-MA,Reality TV,0.0,1,3,5.0
Movie,Cool Hand Luke,1967,TV-14,"Classic Movies, Dramas",127.0,0,1,0.0
Movie,Cop and a Half: New Recruit,2017,PG,"Children & Family Movies, Comedies",96.0,0,2,2.0
Movie,Cop Watchers,2016,TV-MA,"Documentaries, International Movies",45.0,0,2,17.0
Movie,Coraline,2009,PG,Children & Family Movies,101.0,0,2,2.0
Movie,Counterfeiting in Suburbia,2018,TV-14,"Dramas, Thrillers",88.0,0,2,15.0
TV Show,Court Justice,2017,TV-MA,"Crime TV Shows, Docuseries, International TV Shows",0.0,1,3,14.0
Movie,Covered: Alive in Asia,2016,TV-G,"Documentaries, Faith & Spirituality, Music & Musicals",75.0,0,2,18.0
Movie,Crash,2004,R,"Dramas, Independent Movies",112.0,0,2,10.0
Movie,CRD,2016,TV-MA,"Comedies, Dramas, Independent Movies",110.0,0,2,3.0
TV Show,Crime Time,2017,TV-MA,"Crime TV Shows, International TV Shows, TV Action & Adventure",0.0,1,3,11.0
Movie,"Crouching Tiger, Hidden Dragon",2000,PG-13,"Action & Adventure, International Movies, Romantic Movies",120.0,0,1,1.0
Movie,Cult of Chucky,2017,R,Horror Movies,90.0,0,2,11.0
Movie,Cutie and the Boxer,2013,R,Documentaries,82.0,0,2,18.0
Movie,Daagdi Chaawl,2015,TV-14,"Action & Adventure, Dramas, International Movies",118.0,0,2,15.0
Movie,Dabbe 6: The Return,2015,TV-MA,"Horror Movies, International Movies",153.0,0,2,13.0
Movie,Dad,1989,PG,Dramas,117.0,0,1,1.0
TV Show,Dad's Army,1977,TV-PG,"British TV Shows, Classic & Cult TV, TV Comedies",0.0,10,0,1.0
Movie,Daddy Day Care,2003,PG,"Children & Family Movies, Comedies",93.0,0,2,2.0
Movie,Daddy Issues,2019,TV-MA,"Dramas, Independent Movies, LGBTQ Movies",82.0,0,2,3.0
Movie,Daemonium,2015,NR,"Action & Adventure, Horror Movies, International Movies",115.0,0,2,13.0
Movie,Daffedar,2017,TV-14,"Dramas, International Movies",151.0,0,2,15.0
Movie,Dagh Ujala,2015,TV-MA,"Dramas, Independent Movies, International Movies",103.0,0,2,7.0
Movie,Dallas Buyers Club,2013,R,"Dramas, Independent Movies, LGBTQ Movies",117.0,0,2,10.0
TV Show,Dance Academy,2013,TV-PG,"International TV Shows, Romantic TV Shows, TV Dramas",0.0,1,3,0.0
Movie,Dance Academy: The Comeback,2017,TV-PG,"Dramas, International Movies",100.0,0,2,1.0
Movie,Dancing Quietly,2016,TV-MA,"Dramas, Independent Movies, International Movies",70.0,0,2,7.0
TV Show,Dandy,2016,TV-MA,"Crime TV Shows, International TV Shows, Spanish-Language TV Shows",0.0,1,3,11.0
TV Show,Dangerous Roads,2012,TV-MA,"British TV Shows, Docuseries",0.0,2,3,14.0
Movie,Danny Says,2015,TV-MA,"Documentaries, Music & Musicals",103.0,0,2,17.0
Movie,Dante's Peak,1997,PG-13,Action & Adventure,108.0,0,1,1.0
Movie,Dare to Be Wild,2015,TV-PG,"Dramas, Independent Movies, Romantic Movies",100.0,0,2,1.0
Movie,Dark Chocolate (Bengali Version),2016,TV-MA,"Dramas, International Movies, Thrillers",91.0,0,2,7.0
Movie,Dark Crimes,2016,R,"Dramas, Thrillers",93.0,0,2,10.0
Movie,Dark Places,2015,R,"Dramas, International Movies, Thrillers",113.0,0,2,10.0
Movie,Darna Mana Hai,2003,TV-MA,"Horror Movies, International Movies, Thrillers",116.0,0,2,13.0
TV Show,Darr Sabko Lagta Hai,2015,TV-MA,"International TV Shows, TV Horror, TV Thrillers",0.0,1,3,11.0
Movie,Darra,2016,TV-14,"Dramas, International Movies",121.0,0,2,15.0
Movie,Daughters of the Dust,1991,NR,"Classic Movies, Dramas, Independent Movies",112.0,0,1,1.0
TV Show,Day and Night,2017,TV-MA,"Crime TV Shows, International TV Shows, TV Dramas",0.0,1,3,2.0
TV Show,Days We Stared at the Sun,2017,TV-MA,"International TV Shows, TV Dramas",0.0,2,3,2.0
Movie,Dayveon,2017,TV-MA,"Dramas, Independent Movies",76.0,0,2,3.0
Movie,De Film van Dylan Haegens,2018,TV-PG,"Comedies, International Movies",81.0,0,2,1.0
Movie,De Palma,2015,R,Documentaries,110.0,0,2,18.0
Movie,Dead in a Week (Or Your Money Back),2018,TV-MA,Comedies,90.0,0,2,6.0
Movie,Deadline: Sirf 24 Ghante,2006,TV-14,"Independent Movies, International Movies, Thrillers",97.0,0,2,0.0
Movie,Deadly Scholars,2018,TV-14,"Dramas, Thrillers",86.0,0,2,15.0
Movie,Dean,2016,PG-13,"Comedies, Dramas, Independent Movies",94.0,0,2,9.0
Movie,Dear Dad,2016,TV-14,"Comedies, Dramas, Independent Movies",83.0,0,2,4.0
Movie,Dear Dracula,2012,TV-Y7-FV,"Children & Family Movies, Comedies",43.0,0,2,16.0
Movie,Dear Santa,2011,TV-PG,"Comedies, Romantic Movies",92.0,0,2,1.0
Movie,Death at a Funeral,2010,R,Comedies,93.0,0,2,11.0
Movie,Death House,2017,R,Horror Movies,88.0,0,2,11.0
Movie,Deathgrip,2017,TV-MA,"International Movies, Sports Movies",53.0,0,2,13.0
TV Show,Deep Undercover Collection,2017,TV-MA,"Crime TV Shows, Docuseries",0.0,3,3,16.0
TV Show,Deep Water,2016,TV-MA,"Crime TV Shows, International TV Shows, TV Dramas",0.0,1,3,2.0
Movie,Deewangee,2002,TV-MA,"International Movies, Thrillers",156.0,0,2,13.0
Movie,Defying the Nazis: The Sharps' War,2016,TV-14,Documentaries,79.0,0,2,12.0
Movie,Delirium,2018,R,"Horror Movies, Thrillers",96.0,0,2,11.0
Movie,Democrats,2014,NR,"Documentaries, International Movies",99.0,0,2,18.0
Movie,Den of Thieves,2018,R,Action & Adventure,140.0,0,2,11.0
Movie,Denis Leary: No Cure For Cancer,1992,R,Stand-Up Comedy,62.0,0,1,1.0
Movie,Desolate,2018,TV-MA,"Dramas, Thrillers",88.0,0,2,3.0
Movie,Desolation,2017,TV-MA,"Horror Movies, Thrillers",76.0,0,2,13.0
Movie,Detention Letter,2017,TV-14,"Action & Adventure, International Movies",99.0,0,2,0.0
Movie,Detour,2016,R,Thrillers,97.0,0,2,11.0
Movie,Deviant Love,2019,TV-14,Thrillers,87.0,0,2,0.0
Movie,Devil's Bride,2016,TV-MA,"Dramas, International Movies",108.0,0,2,7.0
Movie,Devil's Gate,2017,TV-MA,"Horror Movies, Sci-Fi & Fantasy, Thrillers",94.0,0,2,13.0
TV Show,Devlok with Devdutt Pattanaik,2017,TV-PG,International TV Shows,0.0,1,3,0.0
Movie,Devrai,2004,TV-PG,"Dramas, International Movies",123.0,0,2,1.0
TV Show,Dexter,2013,TV-MA,"Crime TV Shows, TV Dramas, TV Mysteries",0.0,8,0,1.0
Movie,Dhamaal,2007,TV-14,"Action & Adventure, Comedies, International Movies",128.0,0,2,4.0
Movie,Di Renjie zhi Sidatianwang,2018,TV-14,"Action & Adventure, International Movies, Sci-Fi & Fantasy",132.0,0,2,0.0
Movie,Diana: 7 Days That Shook the World,2017,TV-PG,Documentaries,93.0,0,2,8.0
Movie,Diana: In Her Own Words,2017,TV-PG,"Documentaries, International Movies",113.0,0,2,8.0
Movie,Diary of a Chambermaid,2015,NR,"Dramas, International Movies",96.0,0,2,7.0
Movie,Die Another Day,2002,PG-13,Action & Adventure,133.0,0,1,1.0
Movie,Dil Hai Tumhaara,2002,TV-14,"Dramas, International Movies, Music & Musicals",176.0,0,1,1.0
TV Show,Dinner for Five,2007,TV-MA,Stand-Up Comedy & Talk Shows,0.0,1,3,18.0
Movie,Dinner for Schmucks,2010,PG-13,Comedies,115.0,0,2,14.0
TV Show,Dino Hunt,2016,TV-G,"Docuseries, Science & Nature TV",0.0,1,3,3.0
Movie,Disciples Of The 36th Chamber,1985,TV-14,"Action & Adventure, International Movies",90.0,0,1,1.0
Movie,Discovering Bigfoot,2017,TV-MA,Documentaries,111.0,0,2,17.0
Movie,Dismissed,2017,TV-14,Thrillers,87.0,0,2,0.0
Movie,District 9,2009,R,"Action & Adventure, International Movies, Sci-Fi & Fantasy",112.0,0,2,11.0
TV Show,Diva Brides,2017,TV-MA,"British TV Shows, Reality TV",0.0,1,3,5.0
Movie,Doctor Zhivago,1965,PG-13,"Classic Movies, Dramas, Romantic Movies",200.0,0,1,0.0
Movie,Dog Eat Dog,2016,TV-MA,"Dramas, Thrillers",93.0,0,2,3.0
Movie,Dolphin Kick,2019,TV-PG,Children & Family Movies,90.0,0,2,16.0
Movie,Dolphin Tale 2,2014,PG,"Children & Family Movies, Dramas",107.0,0,2,2.0
Movie,Domino,2019,R,"International Movies, Thrillers",89.0,0,2,11.0
Movie,Don Quixote: The Ingenious Gentleman of La Mancha,2015,TV-14,"Comedies, Independent Movies",83.0,0,2,4.0
Movie,Don Verdean,2015,PG-13,Comedies,96.0,0,2,14.0
Movie,Don't Be Afraid of the Dark,2010,R,Horror Movies,99.0,0,2,11.0
Movie,Don't Crack Under Pressure,2015,TV-MA,"Action & Adventure, Documentaries, International Movies",95.0,0,2,17.0
Movie,Don't Crack Under Pressure II,2016,TV-MA,"Action & Adventure, Documentaries, International Movies",88.0,0,2,17.0
Movie,Don't Crack Under Pressure III,2017,TV-14,"Action & Adventure, Documentaries, International Movies",94.0,0,2,12.0
Movie,Don't Knock Twice,2016,R,"Horror Movies, International Movies",93.0,0,2,11.0
Movie,Don't Look Down,2016,TV-MA,"Documentaries, International Movies",93.0,0,2,17.0
Movie,Don't Think Twice,2016,R,"Comedies, Dramas, Independent Movies",92.0,0,2,10.0
Movie,Donnie Brasco,1997,R,"Dramas, Thrillers",127.0,0,1,1.0
Movie,Doom,2005,R,"Action & Adventure, Horror Movies, Sci-Fi & Fantasy",105.0,0,2,11.0
TV Show,Doomsday Preppers,2013,TV-14,"Reality TV, Science & Nature TV",0.0,1,3,5.0
Movie,Doubles Cause Troubles,1989,TV-14,"Action & Adventure, Comedies, International Movies",94.0,0,1,1.0
Movie,Doubt,2008,PG-13,"Dramas, Faith & Spirituality",104.0,0,2,9.0
Movie,Down The Fence,2017,TV-PG,Documentaries,94.0,0,2,8.0
Movie,Dr. Seuss' The Cat in the Hat,2003,PG,"Children & Family Movies, Comedies",82.0,0,2,2.0
Movie,Dr. Seuss' The Grinch,2018,PG,"Children & Family Movies, Comedies",86.0,0,2,2.0
Movie,Dragonheart,1996,PG-13,"Action & Adventure, Sci-Fi & Fantasy",103.0,0,1,1.0
Movie,Dragonheart 3: The Sorcerer,2015,PG-13,"Action & Adventure, Sci-Fi & Fantasy",97.0,0,2,14.0
Movie,Dragonheart: A New Beginning,2000,PG,"Action & Adventure, Sci-Fi & Fantasy",84.0,0,1,1.0
Movie,Dragonheart: Battle for the Heartfire,2017,PG-13,"Action & Adventure, Sci-Fi & Fantasy",98.0,0,2,14.0
Movie,Dragonkala Ka Rahasya,2018,TV-Y,Children & Family Movies,68.0,0,2,16.0
TV Show,Dramaworld,2016,TV-14,"Romantic TV Shows, TV Comedies, TV Dramas",0.0,1,3,17.0
Movie,Dream Big: Engineering Our World,2017,TV-G,Documentaries,42.0,0,2,18.0
Movie,Dream Boat,2017,TV-MA,"Documentaries, International Movies, LGBTQ Movies",92.0,0,2,17.0
Movie,Dries,2017,TV-PG,"Documentaries, International Movies",89.0,0,2,8.0
Movie,Driven to Dance,2018,TV-PG,Dramas,99.0,0,2,1.0
TV Show,"Drugs, Inc.",2015,TV-MA,"Crime TV Shows, Docuseries",0.0,1,3,14.0
TV Show,Dueños del paraíso,2015,TV-14,"Crime TV Shows, International TV Shows, Spanish-Language TV Shows",0.0,1,3,11.0
Movie,Dukhtar,2014,TV-14,"Dramas, Independent Movies, International Movies",93.0,0,2,15.0
Movie,Dum,2003,TV-14,"Action & Adventure, Dramas, International Movies",162.0,0,1,1.0
Movie,Dumb and Dumberer: When Harry Met Lloyd,2003,PG-13,Comedies,85.0,0,2,14.0
Movie,E-Cigarettes: Miracle or Menace?,2016,TV-14,Documentaries,52.0,0,2,12.0
Movie,Earth to Echo,2014,PG,"Children & Family Movies, Sci-Fi & Fantasy",91.0,0,2,2.0
TV Show,Earth to Luna!,2014,TV-Y,Kids' TV,0.0,1,3,4.0
TV Show,Earth's Natural Wonders,2015,TV-PG,"British TV Shows, Docuseries, Science & Nature TV",0.0,1,3,3.0
TV Show,Earth's Natural Wonders: Life at the Extremes,2018,TV-14,"British TV Shows, Docuseries, Science & Nature TV",0.0,1,3,6.0
Movie,East Side Sushi,2015,PG,Dramas,106.0,0,2,9.0
Movie,Easy A,2010,PG-13,"Comedies, Romantic Movies",92.0,0,2,14.0
TV Show,Easy Fortune Happy Life,2009,TV-MA,"International TV Shows, Romantic TV Shows, TV Comedies",0.0,1,3,15.0
Movie,Eat Pray Love,2010,PG-13,"Dramas, Romantic Movies",140.0,0,2,9.0
Movie,Eddie Murphy: Delirious,1983,TV-MA,Stand-Up Comedy,69.0,0,1,0.0
Movie,Eeda,2018,TV-14,"Dramas, International Movies, Romantic Movies",153.0,0,2,15.0
Movie,Eh Janam Tumhare Lekhe,2015,TV-14,"Dramas, International Movies",124.0,0,2,15.0
Movie,Ek Cup Chya,2009,TV-PG,"Dramas, Independent Movies, International Movies",120.0,0,2,1.0
Movie,Ek Hasina Thi,2004,TV-MA,"Dramas, International Movies, Thrillers",134.0,0,2,7.0
Movie,El último testigo,2012,R,Action & Adventure,105.0,0,2,11.0
TV Show,El Barco,2013,NR,"International TV Shows, Romantic TV Shows, Spanish-Language TV Shows",0.0,3,3,8.0
TV Show,El Cartel,2008,TV-MA,"Crime TV Shows, International TV Shows, Spanish-Language TV Shows",0.0,1,3,11.0
TV Show,El Cartel 2,2010,TV-MA,"Crime TV Shows, International TV Shows, Spanish-Language TV Shows",0.0,1,3,11.0
TV Show,El Chavo,1979,TV-PG,"Classic & Cult TV, Kids' TV, Spanish-Language TV Shows",0.0,1,1,0.0
Movie,El Che,2017,TV-14,"Documentaries, International Movies",119.0,0,2,12.0
TV Show,El Clon,2010,TV-14,"Romantic TV Shows, Spanish-Language TV Shows, TV Dramas",0.0,1,3,10.0
Movie,El fin de ETA,2017,TV-14,"Documentaries, International Movies",106.0,0,2,12.0
TV Show,El Vato,2017,TV-MA,"International TV Shows, Spanish-Language TV Shows, TV Comedies",0.0,2,3,15.0
Movie,El Viaje: Márama y Rombai,2016,TV-PG,"Children & Family Movies, Documentaries, International Movies",79.0,0,2,8.0
Movie,Elephants Dream 4 Hour,2006,TV-MA,"International Movies, Sci-Fi & Fantasy",196.0,0,2,13.0
Movie,Elizabeth at 90: A Family Tribute,2016,TV-G,Documentaries,90.0,0,2,18.0
Movie,Elizabeth Harvest,2019,R,"Dramas, Sci-Fi & Fantasy",109.0,0,2,10.0
Movie,Elles étaient en guerre (1914-1918),2014,TV-14,"Documentaries, International Movies",93.0,0,2,12.0
Movie,Elles étaient en guerre 1939-1945,2015,TV-MA,"Documentaries, International Movies",92.0,0,2,17.0
Movie,Elles ont toutes une histoire,2016,TV-PG,"Documentaries, International Movies",49.0,0,2,8.0
Movie,Elstree 1976,2015,TV-PG,Documentaries,102.0,0,2,8.0
Movie,Emelie,2016,TV-MA,"Horror Movies, Thrillers",82.0,0,2,13.0
Movie,Emma' (Mother),2016,TV-PG,"Dramas, International Movies",74.0,0,2,1.0
Movie,Emo the Musical,2016,TV-MA,"Dramas, International Movies, Music & Musicals",94.0,0,2,7.0
TV Show,Emogenius,2017,TV-PG,Reality TV,0.0,1,3,5.0
Movie,Empire of Scents,2014,TV-14,"Documentaries, International Movies",87.0,0,2,12.0
Movie,Employee of the Month,2006,PG-13,"Comedies, Romantic Movies",108.0,0,2,14.0
TV Show,Encerrados,2018,TV-MA,"International TV Shows, Spanish-Language TV Shows, TV Comedies",0.0,1,3,15.0
Movie,Encounter: The Killing,2002,TV-14,"Dramas, Independent Movies, International Movies",151.0,0,1,1.0
TV Show,Encounters with Evil,2016,TV-14,"British TV Shows, Crime TV Shows, Docuseries",0.0,1,3,6.0
Movie,End of Watch,2012,R,Action & Adventure,109.0,0,2,11.0
TV Show,Enemigo íntimo,2018,TV-MA,"Crime TV Shows, Spanish-Language TV Shows, TV Dramas",0.0,1,3,2.0
Movie,Enemy,2013,R,"Independent Movies, Thrillers",91.0,0,2,11.0
Movie,Enlighten Us,2016,TV-14,Documentaries,93.0,0,2,12.0
Movie,Entanglement,2018,TV-MA,"Dramas, Independent Movies, Romantic Movies",85.0,0,2,3.0
Movie,Enter the Dragon,1973,R,"Action & Adventure, Classic Movies",103.0,0,1,0.0
Movie,Equals,2015,PG-13,"Dramas, Romantic Movies, Sci-Fi & Fantasy",102.0,0,2,9.0
Movie,Equilibrium,2002,R,"Action & Adventure, Dramas, Sci-Fi & Fantasy",107.0,0,1,1.0
Movie,"Escape from the ""Liberty"" Cinema",1990,TV-MA,"Comedies, Dramas, Independent Movies",88.0,0,1,1.0
Movie,Esperando La Carroza,1985,NR,"Comedies, Cult Movies, International Movies",95.0,0,1,1.0
Movie,Estar o no estar,2016,TV-14,"Dramas, International Movies, Romantic Movies",100.0,0,2,15.0
Movie,Ethirmarai,2018,TV-14,"International Movies, Music & Musicals, Thrillers",91.0,0,2,0.0
Movie,Euphoria,2018,R,"Dramas, International Movies, LGBTQ Movies",110.0,0,2,10.0
TV Show,Eurovision Song Contest,2019,TV-PG,International TV Shows,0.0,1,3,0.0
Movie,Evan Almighty,2007,PG,"Children & Family Movies, Comedies, Faith & Spirituality",96.0,0,2,2.0
Movie,Event Horizon,1997,R,"Horror Movies, Sci-Fi & Fantasy",96.0,0,1,1.0
Movie,Every Time I Die,2019,TV-MA,"Dramas, Independent Movies, Thrillers",98.0,0,2,3.0
Movie,Everybody Knows,2019,R,"Dramas, International Movies, Thrillers",133.0,0,2,10.0
TV Show,Everyday Miracles,2014,TV-PG,"British TV Shows, Docuseries, International TV Shows",0.0,1,3,7.0
Movie,Evolution,2001,PG-13,"Comedies, Sci-Fi & Fantasy",102.0,0,1,1.0
Movie,Ex Machina,2015,R,"Dramas, Independent Movies, International Movies",108.0,0,2,10.0
TV Show,Ex-Boyfriend,2011,TV-14,"International TV Shows, Romantic TV Shows, TV Comedies",0.0,1,3,17.0
TV Show,Exclusive Edition,2008,TV-14,"International TV Shows, TV Dramas",0.0,1,3,10.0
Movie,Executive Decision,1996,R,Action & Adventure,133.0,0,1,1.0
Movie,Exit Afghanistan,2013,TV-MA,"Documentaries, International Movies",58.0,0,2,17.0
Movie,Exit Strategy,2012,NR,"Comedies, Romantic Movies",79.0,0,2,2.0
Movie,Exit Wounds,2001,R,Action & Adventure,101.0,0,1,1.0
Movie,Expo,2019,TV-14,"Action & Adventure, Dramas, Independent Movies",81.0,0,2,15.0
TV Show,Extras,2006,TV-MA,"British TV Shows, TV Comedies",0.0,2,3,18.0
Movie,Eyyvah Eyyvah,2010,TV-MA,"Comedies, International Movies",99.0,0,2,6.0
Movie,Eyyvah Eyyvah 2,2011,TV-PG,"Comedies, International Movies, Romantic Movies",106.0,0,2,1.0
Movie,Eyyvah Eyyvah 3,2014,TV-PG,"Comedies, International Movies",103.0,0,2,1.0
TV Show,Ezel,2009,TV-14,"Crime TV Shows, International TV Shows, TV Dramas",0.0,1,3,10.0
Movie,F the Prom,2017,TV-MA,"Comedies, Romantic Movies",92.0,0,2,6.0
Movie,Face 2 Face,2017,TV-MA,"Dramas, Independent Movies",89.0,0,2,3.0
TV Show,Fairy Tail,2009,TV-MA,"Anime Series, International TV Shows",0.0,1,3,9.0
TV Show,Fake or Fortune?,2015,TV-G,"British TV Shows, Crime TV Shows, Docuseries",0.0,1,3,7.0
Movie,Fakta Ladh Mhana,2011,TV-14,"Action & Adventure, Dramas, International Movies",150.0,0,2,15.0
Movie,Fall Girls,2019,TV-14,Comedies,80.0,0,2,4.0
Movie,Fallen,1998,R,Thrillers,124.0,0,1,1.0
Movie,Familiye,2017,TV-MA,"Dramas, Independent Movies, International Movies",99.0,0,2,7.0
Movie,Famous in Ahmedabad,2015,TV-14,"Documentaries, International Movies",29.0,0,2,12.0
Movie,Fanatic,2019,TV-14,Thrillers,91.0,0,2,0.0
Movie,Fandry,2014,NR,"Dramas, Independent Movies, International Movies",102.0,0,2,7.0
Movie,Farce,2017,TV-MA,"Comedies, International Movies",94.0,0,2,6.0
TV Show,Fatal Destiny,2016,TV-MA,"Crime TV Shows, International TV Shows, TV Action & Adventure",0.0,1,3,11.0
TV Show,Father Brown,2017,TV-14,"British TV Shows, Crime TV Shows, TV Dramas",0.0,6,0,0.0
Movie,Fear and Loathing in Las Vegas,1998,R,"Comedies, Cult Movies, Dramas",118.0,0,1,1.0
TV Show,Fear Files... Har Mod Pe Darr,2015,TV-MA,"International TV Shows, TV Horror, TV Thrillers",0.0,1,3,11.0
Movie,Feel Rich,2017,TV-MA,Documentaries,70.0,0,2,17.0
Movie,Fiddler on the Roof,1971,G,"Classic Movies, Dramas, Music & Musicals",181.0,0,1,0.0
Movie,Fifty,2015,NR,"Dramas, International Movies",101.0,0,2,7.0
Movie,Figaro Pho,2008,TV-Y7,"Children & Family Movies, Comedies",29.0,0,2,16.0
Movie,Figures of Speech,2016,TV-PG,Documentaries,92.0,0,2,8.0
TV Show,Filinta,2015,TV-14,"Crime TV Shows, International TV Shows, TV Action & Adventure",0.0,2,3,9.0
Movie,Filmworker,2017,TV-MA,Documentaries,94.0,0,2,17.0
Movie,Filosofi Kopi The Movie,2015,TV-PG,"Dramas, International Movies",118.0,0,2,1.0
Movie,Final Destination,2000,R,"Cult Movies, Horror Movies, Thrillers",98.0,0,1,1.0
Movie,Final Destination 2,2003,R,"Horror Movies, Thrillers",90.0,0,2,11.0
Movie,Final Destination 3,2006,R,Horror Movies,93.0,0,2,11.0
Movie,Fire at Sea,2016,TV-14,"Documentaries, International Movies",114.0,0,2,12.0
Movie,Fireflies,2013,TV-MA,"Dramas, Independent Movies, International Movies",99.0,0,2,7.0
Movie,First Impression,2018,TV-14,"Comedies, Romantic Movies",96.0,0,2,4.0
Movie,First Kill,2017,R,Action & Adventure,102.0,0,2,11.0
Movie,FirstBorn,2016,TV-MA,"Horror Movies, International Movies",90.0,0,2,13.0
Movie,Fishpeople,2017,TV-14,"Documentaries, Sports Movies",49.0,0,2,12.0
Movie,Fishtail,2015,NR,Documentaries,61.0,0,2,18.0
TV Show,Fit for Fashion,2015,TV-14,"International TV Shows, Reality TV",0.0,2,3,5.0
Movie,Fittest in Dubai,2019,TV-14,"Documentaries, International Movies, Sports Movies",60.0,0,2,12.0
Movie,Five Elements Ninjas,1982,R,"Action & Adventure, International Movies",104.0,0,1,0.0
TV Show,Fix It and Finish It,2014,TV-G,Reality TV,0.0,3,3,8.0
Movie,Flash of Genius,2008,PG-13,Dramas,119.0,0,2,9.0
Movie,Flimflam,2016,TV-14,"Comedies, International Movies",102.0,0,2,4.0
Movie,Flock of Four,2018,TV-MA,"Dramas, Independent Movies, Music & Musicals",83.0,0,2,3.0
TV Show,Flowering Heart,2016,TV-Y7,"Kids' TV, Korean TV Shows",0.0,1,3,13.0
Movie,Flying Guillotine 2,1978,TV-MA,"Action & Adventure, International Movies",88.0,0,1,0.0
Movie,Follow Me,2017,TV-MA,"Documentaries, International Movies",86.0,0,2,17.0
TV Show,Food: Delicious Science,2017,TV-PG,"Docuseries, Science & Nature TV",0.0,1,3,3.0
TV Show,Footprints in the Sand,2011,TV-14,"International TV Shows, TV Dramas",0.0,1,3,10.0
Movie,Footprints: The Path of Your Life,2015,PG,"Documentaries, Faith & Spirituality, International Movies",90.0,0,2,18.0
Movie,For Colored Girls,2010,R,Dramas,134.0,0,2,10.0
Movie,For Grace,2015,TV-PG,Documentaries,92.0,0,2,8.0
Movie,For Greater Glory,2012,R,"Dramas, International Movies",145.0,0,2,10.0
Movie,For Love or Money,2019,TV-MA,Comedies,95.0,0,2,6.0
Movie,For the Birds,2018,TV-MA,Documentaries,93.0,0,2,17.0
Movie,For the Love of Benji,1977,G,Children & Family Movies,84.0,0,1,0.0
TV Show,For the Win,2017,TV-14,Reality TV,0.0,1,3,5.0
Movie,Forbidden Games: The Justin Fashanu Story,2017,TV-14,"Documentaries, International Movies, LGBTQ Movies",81.0,0,2,12.0
Movie,Forbidden Planet,1956,G,"Action & Adventure, Classic Movies, Sci-Fi & Fantasy",98.0,0,1,0.0
TV Show,Forces of Nature,2016,TV-PG,"British TV Shows, Docuseries, Science & Nature TV",0.0,1,3,3.0
Movie,Forever Chape,2018,TV-MA,"Documentaries, International Movies, Sports Movies",74.0,0,2,17.0
Movie,Forever Pure,2016,TV-MA,"Documentaries, International Movies, Sports Movies",87.0,0,2,17.0
TV Show,Forget Me Not,2011,TV-MA,"International TV Shows, TV Dramas",0.0,1,3,2.0
Movie,Forks Over Knives,2011,PG,Documentaries,96.0,0,2,18.0
Movie,Four Christmases,2008,PG-13,"Comedies, Romantic Movies",88.0,0,2,14.0
TV Show,Four Seasons in Havana,2016,TV-MA,"Crime TV Shows, International TV Shows, Spanish-Language TV Shows",0.0,1,3,11.0
Movie,Four Weddings and a Funeral,1994,R,"Classic Movies, Comedies, International Movies",118.0,0,1,1.0
Movie,Fracture,2007,R,"Dramas, Thrillers",113.0,0,2,10.0
Movie,Frances Ha,2012,R,"Comedies, Dramas, Independent Movies",86.0,0,2,10.0
TV Show,Frasier,2003,TV-PG,"Classic & Cult TV, TV Comedies",0.0,11,0,1.0
Movie,Freak Show,2018,TV-MA,"Comedies, Dramas, Independent Movies",91.0,0,2,3.0
Movie,Fred Claus,2007,PG,"Children & Family Movies, Comedies",115.0,0,2,2.0
Movie,Free Willy,1993,PG,"Children & Family Movies, Dramas",112.0,0,1,1.0
Movie,Freeway: Crack in the System,2015,R,Documentaries,103.0,0,2,18.0
Movie,Freezer's Campaign,2016,TV-MA,"Comedies, International Movies",116.0,0,2,6.0
Movie,French Dirty,2015,TV-MA,"Dramas, Independent Movies",72.0,0,2,3.0
Movie,Freshman Year,2019,TV-PG,"Dramas, Faith & Spirituality",104.0,0,2,1.0
TV Show,Friday Night Tykes,2017,TV-PG,"Docuseries, Reality TV",0.0,4,0,0.0
Movie,Friday the 13th,2009,R,Horror Movies,97.0,0,2,11.0
Movie,Friend Request,2016,R,"Horror Movies, International Movies",92.0,0,2,11.0
TV Show,Friends,2003,TV-14,"Classic & Cult TV, TV Comedies",0.0,10,0,1.0
Movie,From Japan to Egypt,2017,TV-14,"Children & Family Movies, Comedies, Dramas",93.0,0,2,4.0
Movie,From Paris with Love,2010,R,"Action & Adventure, International Movies",93.0,0,2,11.0
Movie,Froning: The Fittest Man in History,2016,PG,"Documentaries, International Movies, Sports Movies",99.0,0,2,18.0
TV Show,Frozen Planet,2011,TV-PG,"British TV Shows, Docuseries, International TV Shows",0.0,1,3,7.0
Movie,Frozen Planet: On Thin Ice,2011,TV-PG,Movies,47.0,0,2,8.0
Movie,Frozen Planet: The Epic Journey,2011,TV-PG,Movies,52.0,0,2,8.0
Movie,Frozen River,2008,R,"Dramas, Independent Movies",97.0,0,2,10.0
Movie,Full Out,2015,TV-PG,"Children & Family Movies, Dramas, Sports Movies",88.0,0,2,1.0
Movie,Functional Fitness,2016,TV-MA,Documentaries,106.0,0,2,17.0
Movie,Furie,2019,TV-MA,"Action & Adventure, Dramas, International Movies",97.0,0,2,7.0
Movie,Furthest Witness,2017,TV-MA,"Dramas, Thrillers",88.0,0,2,3.0
Movie,G-Force,2009,PG,"Children & Family Movies, Comedies",88.0,0,2,2.0
Movie,Gabriel and the Mountain,2017,TV-MA,"Dramas, Independent Movies, International Movies",132.0,0,2,7.0
TV Show,Gabru: Hip Hop Revolution,2018,TV-14,"International TV Shows, TV Dramas",0.0,1,3,10.0
Movie,Gagarin: First in Space,2013,TV-14,"Dramas, International Movies",108.0,0,2,15.0
TV Show,Galavant,2016,TV-PG,"TV Action & Adventure, TV Comedies",0.0,2,3,0.0
Movie,Galih dan Ratna,2017,TV-PG,"Dramas, International Movies, Romantic Movies",111.0,0,2,1.0
TV Show,Game Winning Hit,2009,TV-MA,"International TV Shows, TV Comedies, TV Dramas",0.0,1,3,2.0
TV Show,Gangs of Hassepur,2014,TV-PG,"International TV Shows, Stand-Up Comedy & Talk Shows, TV Comedies",0.0,1,3,0.0
Movie,Gangs of New York,2002,R,Dramas,167.0,0,1,1.0
TV Show,Gargantia on the Verdurous Planet,2013,TV-MA,"Anime Series, International TV Shows",0.0,1,3,9.0
Movie,Garuda Di Dadaku,2009,TV-PG,"Children & Family Movies, Dramas, Sports Movies",96.0,0,2,1.0
Movie,Garuda in My Heart 2,2011,TV-PG,"Children & Family Movies, Dramas, Sports Movies",95.0,0,2,1.0
Movie,Gehenna: Where Death Lives,2016,TV-MA,"Horror Movies, Thrillers",107.0,0,2,13.0
Movie,Gelo,2016,TV-MA,"Dramas, International Movies",118.0,0,2,7.0
Movie,Gemini,2018,TV-PG,Dramas,130.0,0,2,1.0
Movie,Gender Revolution: A Journey with Katie Couric,2017,TV-PG,"Documentaries, LGBTQ Movies",90.0,0,2,8.0
TV Show,Genius of the Ancient World,2015,TV-PG,"British TV Shows, Docuseries, International TV Shows",0.0,1,3,7.0
TV Show,Genius of the Modern World,2016,TV-PG,"British TV Shows, Docuseries, International TV Shows",0.0,1,3,7.0
TV Show,Gentlemen and Gangsters,2016,TV-MA,"Crime TV Shows, International TV Shows, Romantic TV Shows",0.0,1,3,11.0
Movie,George of the Jungle 2,2003,PG,"Children & Family Movies, Comedies",87.0,0,2,2.0
TV Show,Geronimo Stilton,2011,TV-Y,"Kids' TV, TV Comedies",0.0,1,3,4.0
Movie,Get Him to the Greek,2010,R,"Comedies, Music & Musicals",109.0,0,2,11.0
Movie,Get Santa,2014,PG,"Children & Family Movies, Comedies",103.0,0,2,2.0
TV Show,Get Shorty,2017,TV-MA,"Crime TV Shows, TV Comedies, TV Dramas",0.0,1,3,2.0
Movie,Get Smart,2008,PG-13,"Action & Adventure, Comedies",110.0,0,2,14.0
Movie,Getting Played,2005,PG-13,"Comedies, Romantic Movies",85.0,0,2,14.0
Movie,Ghayal,1990,TV-14,"Action & Adventure, Dramas, International Movies",163.0,0,1,1.0
Movie,Ghost House,2017,TV-MA,Horror Movies,100.0,0,2,13.0
Movie,Ghost Pain,2013,TV-MA,"Action & Adventure, Anime Features, International Movies",58.0,0,2,13.0
Movie,Ghost Rider,2007,PG-13,"Action & Adventure, Sci-Fi & Fantasy",110.0,0,2,14.0
Movie,Ghost Tears,2014,TV-MA,"Action & Adventure, Anime Features, International Movies",58.0,0,2,13.0
TV Show,Ghost Town Gold,2012,TV-14,Reality TV,0.0,1,3,5.0
Movie,Ghost Whispers,2013,TV-14,"Action & Adventure, Anime Features, International Movies",56.0,0,2,0.0
Movie,Ghulam-E-Musthafa,1997,TV-MA,"Action & Adventure, Dramas, International Movies",161.0,0,1,1.0
Movie,Gie,2005,TV-14,"Dramas, International Movies",141.0,0,2,15.0
Movie,Gigi,1958,G,"Classic Movies, Comedies, Music & Musicals",115.0,0,1,0.0
Movie,Ginger & Rosa,2012,PG-13,"Dramas, Independent Movies",90.0,0,2,9.0
Movie,"Girl, Boy, Bakla, Tomboy",2013,TV-14,"Comedies, International Movies",103.0,0,2,4.0
Movie,GLOW: The Story of the Gorgeous Ladies of Wrestling,2012,NR,"Documentaries, Sports Movies",77.0,0,2,18.0
TV Show,Glowing Embers,2010,TV-14,"International TV Shows, TV Dramas",0.0,1,3,10.0
Movie,God Bless the Broken Road,2018,PG,"Children & Family Movies, Dramas, Faith & Spirituality",111.0,0,2,2.0
Movie,God Knows Where I Am,2016,TV-PG,Documentaries,103.0,0,2,8.0
Movie,God of War,2017,NR,"Action & Adventure, International Movies",129.0,0,2,0.0
Movie,God's Not Dead,2014,PG,"Dramas, Faith & Spirituality",113.0,0,2,9.0
Movie,God's Not Dead: A Light in Darkness,2018,PG,"Dramas, Faith & Spirituality",106.0,0,2,9.0
Movie,God's Own Country,2017,TV-MA,"Dramas, Independent Movies, International Movies",105.0,0,2,7.0
Movie,Gol Maal,1979,TV-PG,"Classic Movies, Comedies, International Movies",137.0,0,1,0.0
Movie,Golden Time,2013,TV-Y,"International Movies, Sci-Fi & Fantasy",22.0,0,2,16.0
Movie,GoldenEye,1995,PG-13,Action & Adventure,130.0,0,1,1.0
Movie,Goldie,2019,TV-MA,Dramas,89.0,0,2,3.0
TV Show,Goldie & Bear,2017,TV-Y,Kids' TV,0.0,2,3,4.0
Movie,Goldstone,2016,R,Thrillers,110.0,0,2,11.0
Movie,Golmaal: Fun Unlimited,2006,TV-14,"Comedies, International Movies",148.0,0,2,4.0
TV Show,Gomorrah,2016,TV-MA,"Crime TV Shows, International TV Shows, TV Dramas",0.0,2,3,2.0
Movie,Gone are the Days,2018,R,Independent Movies,100.0,0,2,11.0
TV Show,Gonul,2015,TV-14,"International TV Shows, TV Dramas, TV Thrillers",0.0,1,3,10.0
Movie,Good Kids,2016,R,"Comedies, Independent Movies",90.0,0,2,11.0
Movie,Good Kill,2014,R,Dramas,103.0,0,2,10.0
Movie,Good Kisser,2019,TV-MA,"Comedies, Dramas, Independent Movies",75.0,0,2,3.0
Movie,Good Luck,2012,TV-MA,"Dramas, International Movies",99.0,0,2,7.0
Movie,"Good Night, and Good Luck",2005,PG,Dramas,93.0,0,2,9.0
Movie,Good People,2014,R,"Action & Adventure, Thrillers",90.0,0,2,11.0
Movie,GoodFellas,1990,R,"Classic Movies, Dramas",145.0,0,1,1.0
Movie,Gook,2017,TV-MA,"Dramas, Independent Movies",95.0,0,2,3.0
Movie,Goon,2011,R,"Comedies, Sports Movies",92.0,0,2,11.0
Movie,Goosebumps 2: Haunted Halloween,2018,PG,"Children & Family Movies, Comedies",90.0,0,2,2.0
Movie,Gosford Park,2001,R,"Comedies, Dramas, International Movies",137.0,0,1,1.0
TV Show,Gossip Girl,2012,TV-14,"TV Dramas, Teen TV Shows",0.0,6,0,0.0
Movie,Gothika,2003,R,"Horror Movies, Thrillers",98.0,0,2,11.0
Movie,Gour Hari Dastaan: The Freedom File,2015,TV-14,"Dramas, Independent Movies, International Movies",109.0,0,2,15.0
Movie,Gran Torino,2008,R,Dramas,117.0,0,2,10.0
TV Show,Grand Designs,2017,TV-14,"British TV Shows, International TV Shows, Reality TV",0.0,2,3,5.0
TV Show,Grand Hotel,2013,TV-PG,"International TV Shows, Romantic TV Shows, Spanish-Language TV Shows",0.0,3,3,8.0
Movie,Grand Masti,2013,TV-MA,"Comedies, International Movies, Music & Musicals",93.0,0,2,6.0
Movie,Grass,2017,TV-MA,"Comedies, Independent Movies",57.0,0,2,3.0
Movie,Grease,1978,PG,"Classic Movies, Comedies, Music & Musicals",110.0,0,1,0.0
TV Show,Great Interior Design Challenge,2016,TV-PG,"British TV Shows, International TV Shows, Reality TV",0.0,2,3,5.0
TV Show,Great Yellowstone Thaw,2017,TV-PG,"Docuseries, Science & Nature TV",0.0,1,3,3.0
Movie,Green Room,2015,R,"Horror Movies, Thrillers",95.0,0,2,11.0
Movie,Green White Green (And All the Beautiful Colours in My Mosaic of Madness),2016,TV-MA,"Comedies, Independent Movies, International Movies",102.0,0,2,6.0
Movie,Gringo: The Dangerous Life of John McAfee,2016,TV-MA,Documentaries,97.0,0,2,17.0
Movie,Growing Up Coy,2016,TV-PG,"Documentaries, LGBTQ Movies",82.0,0,2,8.0
Movie,Gun Runners,2015,TV-PG,"Documentaries, International Movies, Sports Movies",90.0,0,2,8.0
TV Show,Gunslinger Girl,2008,TV-14,"Anime Series, Crime TV Shows",0.0,2,3,9.0
Movie,Guy Martin: Last Flight of the Vulcan Bomber,2015,TV-G,"Documentaries, International Movies",57.0,0,2,18.0
Movie,Héroes,2015,TV-MA,"Comedies, International Movies",91.0,0,2,6.0
Movie,Hükümet Kadin,2013,TV-MA,"Comedies, International Movies",100.0,0,2,6.0
Movie,Hükümet Kadin 2,2013,TV-14,"Comedies, International Movies",101.0,0,2,4.0
TV Show,Ha Unlimited,2016,TV-MA,"International TV Shows, TV Comedies",0.0,2,3,15.0
Movie,Haapus,2010,TV-14,"Comedies, Dramas, International Movies",138.0,0,2,4.0
Movie,Hadi İnşallah,2014,TV-14,"Comedies, International Movies, Romantic Movies",95.0,0,2,4.0
Movie,Hairspray,2007,PG,"Children & Family Movies, Comedies, Music & Musicals",116.0,0,2,2.0
Movie,HALO Legends,2009,PG-13,"Action & Adventure, Anime Features, Sci-Fi & Fantasy",117.0,0,2,14.0
Movie,Halo: The Fall of Reach,2015,TV-14,"Action & Adventure, Sci-Fi & Fantasy",65.0,0,2,0.0
Movie,Hamara Dil Aapke Paas Hai,2000,TV-14,"Dramas, International Movies, Music & Musicals",158.0,0,1,1.0
Movie,Hamburger Hill,1987,R,"Action & Adventure, Dramas",110.0,0,1,1.0
Movie,Hamza's Suitcase,2017,TV-14,"Comedies, International Movies",79.0,0,2,4.0
Movie,Hangman,2017,R,Thrillers,99.0,0,2,11.0
Movie,Hank: Five Years from the Brink,2013,TV-14,Documentaries,86.0,0,2,12.0
TV Show,Hannibal,2015,TV-MA,"TV Horror, TV Mysteries, TV Thrillers",0.0,3,3,16.0
Movie,Hans Zimmer: Live in Prague,2017,TV-G,"International Movies, Music & Musicals",138.0,0,2,0.0
TV Show,Happy 300 Days,2013,TV-14,"International TV Shows, Romantic TV Shows, TV Comedies",0.0,1,3,17.0
Movie,Happy Hunting,2017,TV-MA,"Horror Movies, Independent Movies",91.0,0,2,13.0
Movie,Happy Times,2014,NR,"Comedies, International Movies, Romantic Movies",79.0,0,2,6.0
TV Show,Happy Valley,2016,TV-MA,"British TV Shows, Crime TV Shows, International TV Shows",0.0,2,3,11.0
TV Show,Happyish,2015,TV-MA,"TV Comedies, TV Dramas",0.0,1,3,15.0
Movie,Hard Tide,2015,TV-MA,"Dramas, Independent Movies",79.0,0,2,3.0
Movie,Hardcore Henry,2015,R,"Action & Adventure, International Movies, Sci-Fi & Fantasy",96.0,0,2,11.0
Movie,Harlem Globetrotters: The Team That Changed the World,2005,TV-14,"Documentaries, Sports Movies",55.0,0,2,12.0
Movie,Harold & Kumar Escape from Guantanamo Bay,2008,R,"Comedies, Cult Movies",101.0,0,2,11.0
Movie,Harold & Kumar Go to White Castle,2004,R,"Comedies, Cult Movies",88.0,0,2,11.0
Movie,Harold and Lillian: A Hollywood Love Story,2015,TV-14,Documentaries,95.0,0,2,12.0
TV Show,Harold Shipman - Driven to Kill,2014,TV-14,"British TV Shows, Crime TV Shows, Docuseries",0.0,1,3,6.0
Movie,Harriet the Spy: Blog Wars,2010,TV-G,"Children & Family Movies, Comedies",87.0,0,2,2.0
TV Show,Harry & Bunnie,2017,TV-Y7,"Kids' TV, TV Comedies",0.0,1,3,13.0
Movie,Harry and Snowman,2015,TV-PG,"Documentaries, Sports Movies",83.0,0,2,8.0
Movie,Harry Benson: Shoot First,2016,NR,Documentaries,90.0,0,2,18.0
TV Show,Hart of Dixie,2014,TV-PG,"TV Comedies, TV Dramas",0.0,4,0,0.0
Movie,Haseena Maan Jaayegi,1999,TV-PG,"Action & Adventure, Comedies, Dramas",151.0,0,1,1.0
TV Show,Hati Perempuan,2015,TV-14,"International TV Shows, Romantic TV Shows, TV Dramas",0.0,1,3,10.0
Movie,Haunters: The Art of the Scare,2017,TV-MA,"Documentaries, Horror Movies",89.0,0,2,17.0
Movie,Haunting on Fraternity Row,2018,TV-MA,"Horror Movies, Independent Movies",99.0,0,2,13.0
Movie,Have You Seen the Listers?,2017,TV-MA,"Documentaries, International Movies",86.0,0,2,17.0
TV Show,Haven,2015,TV-14,"Classic & Cult TV, TV Horror, TV Mysteries",0.0,5,0,0.0
Movie,Havenhurst,2016,TV-MA,"Horror Movies, Thrillers",85.0,0,2,13.0
Movie,Haywire,2011,R,Action & Adventure,93.0,0,2,11.0
Movie,He Named Me Malala,2015,PG-13,Documentaries,89.0,0,2,18.0
Movie,He's Out There,2018,R,"Horror Movies, Thrillers",89.0,0,2,11.0
Movie,Head Count,2018,TV-MA,"Horror Movies, Independent Movies",90.0,0,2,13.0
Movie,Head On,1998,TV-MA,"Dramas, Independent Movies, LGBTQ Movies",104.0,0,1,1.0
Movie,Heal,2017,TV-14,Documentaries,107.0,0,2,12.0
Movie,Heartbreakers,2001,PG-13,"Comedies, Romantic Movies",124.0,0,1,1.0
Movie,Heartthrob,2017,TV-MA,Thrillers,87.0,0,2,13.0
TV Show,Heavy Rescue: 401,2018,TV-MA,"International TV Shows, Reality TV",0.0,2,3,5.0
Movie,Hedgehogs,2016,PG,Children & Family Movies,94.0,0,2,2.0
TV Show,Helix,2015,TV-MA,"TV Horror, TV Mysteries, TV Sci-Fi & Fantasy",0.0,1,3,1.0
Movie,Hell and Back,2015,R,"Action & Adventure, Comedies, Independent Movies",86.0,0,2,11.0
TV Show,Hell on Wheels,2016,TV-14,"Crime TV Shows, TV Action & Adventure",0.0,5,0,0.0
Movie,Hell or High Water,2016,R,"Dramas, Independent Movies",102.0,0,2,10.0
Movie,Hellboy,2004,PG-13,"Action & Adventure, Cult Movies, Sci-Fi & Fantasy",122.0,0,2,14.0
Movie,Her,2013,R,"Dramas, Romantic Movies, Sci-Fi & Fantasy",126.0,0,2,10.0
Movie,Her Only Choice,2018,TV-14,Dramas,87.0,0,2,15.0
Movie,Hera Pheri,1976,TV-14,"Action & Adventure, Comedies, Dramas",156.0,0,1,0.0
Movie,Here Alone,2016,TV-MA,Horror Movies,97.0,0,2,13.0
Movie,Hero,1997,TV-MA,"Action & Adventure, International Movies",89.0,0,1,1.0
TV Show,Herrens veje,2018,TV-MA,"International TV Shows, TV Dramas",0.0,2,3,2.0
Movie,Hickok,2017,TV-MA,Action & Adventure,88.0,0,2,13.0
TV Show,Hidden Singer,2015,TV-Y7,"International TV Shows, Korean TV Shows, Reality TV",0.0,1,3,5.0
Movie,Hide & Seek,2010,TV-14,"Horror Movies, International Movies, Thrillers",96.0,0,2,0.0
Movie,Hide and Seek,2016,TV-14,"International Movies, Thrillers",104.0,0,2,0.0
Movie,Highly Strung,2015,TV-14,"Documentaries, International Movies, Music & Musicals",80.0,0,2,12.0
TV Show,Highway Thru Hell,2016,TV-PG,Reality TV,0.0,3,3,8.0
TV Show,Highway to Heaven,1988,TV-PG,TV Dramas,0.0,5,0,0.0
TV Show,Hinterland,2016,TV-14,"British TV Shows, Crime TV Shows, International TV Shows",0.0,3,3,8.0
Movie,Hiroshima: The Real History,2015,TV-PG,Documentaries,95.0,0,2,8.0
Movie,Hisss,2010,TV-MA,"Horror Movies, International Movies, Thrillers",97.0,0,2,13.0
TV Show,Historia de un clan,2015,TV-MA,"Crime TV Shows, International TV Shows, Spanish-Language TV Shows",0.0,1,3,11.0
Movie,History of Joy,2017,TV-14,"Dramas, International Movies",118.0,0,2,15.0
TV Show,History's Greatest Hoaxes,2016,TV-PG,"British TV Shows, Docuseries",0.0,1,3,7.0
Movie,Hitch,2005,PG-13,"Comedies, Romantic Movies",118.0,0,2,14.0
Movie,Hitler's Olympics,2016,TV-PG,"Documentaries, Sports Movies",44.0,0,2,8.0
Movie,Hitler's Steel Beast,2017,TV-14,"Documentaries, International Movies",54.0,0,2,12.0
Movie,Ho Mann Jahaan,2015,TV-PG,"Dramas, International Movies, Romantic Movies",170.0,0,2,1.0
TV Show,Hogie the Globehopper,2016,TV-Y,Kids' TV,0.0,1,3,4.0
Movie,Hokkabaz,2006,TV-MA,"Comedies, Dramas, International Movies",118.0,0,2,7.0
Movie,Holding the Man,2015,TV-MA,"Dramas, International Movies, LGBTQ Movies",128.0,0,2,7.0
Movie,Holidays,2016,TV-MA,"Comedies, Horror Movies",106.0,0,2,6.0
Movie,Holy Hell,2016,NR,Documentaries,103.0,0,2,18.0
Movie,Holy Man 2,2008,TV-14,"Comedies, Faith & Spirituality, International Movies",92.0,0,2,4.0
Movie,Holy Man 3,2010,TV-MA,"Comedies, Faith & Spirituality, International Movies",102.0,0,2,6.0
Movie,Hombanna,2017,TV-14,"Dramas, International Movies",126.0,0,2,15.0
Movie,Homeland,2019,TV-PG,"Dramas, Independent Movies, International Movies",73.0,0,2,1.0
Movie,Honey 2,2011,PG-13,"Dramas, Romantic Movies",111.0,0,2,9.0
Movie,Honey: Rise Up and Dance,2018,PG-13,Dramas,100.0,0,2,9.0
Movie,Hoodwinked Too! Hood vs. Evil,2011,PG,"Children & Family Movies, Comedies",86.0,0,2,2.0
Movie,Hope Aur Hum,2018,TV-14,"Children & Family Movies, Comedies, Dramas",95.0,0,2,4.0
Movie,Hope Springs Eternal,2018,PG,Dramas,79.0,0,2,9.0
Movie,Hope: One in a Billion,2017,TV-14,"Documentaries, International Movies, Sports Movies",81.0,0,2,12.0
TV Show,Hormones,2015,TV-MA,"International TV Shows, Romantic TV Shows, TV Dramas",0.0,3,3,16.0
Movie,Horns,2013,R,"Dramas, Horror Movies, Sci-Fi & Fantasy",120.0,0,2,10.0
TV Show,Horror Homes,2016,TV-14,"British TV Shows, Docuseries, International TV Shows",0.0,1,3,6.0
Movie,Horror Story,2013,TV-14,"Horror Movies, International Movies",85.0,0,2,0.0
Movie,Hostage to the Devil,2016,TV-14,"Documentaries, International Movies",96.0,0,2,12.0
Movie,Hostages,2017,TV-PG,"Documentaries, International Movies",91.0,0,2,8.0
Movie,Hostiles,2017,R,Dramas,134.0,0,2,10.0
Movie,Hot Bot,2016,NR,Comedies,93.0,0,2,2.0
Movie,Hot Property,2016,TV-MA,"Comedies, Independent Movies",82.0,0,2,3.0
Movie,Hot Rod,2007,PG-13,"Comedies, Sports Movies",88.0,0,2,14.0
TV Show,Hotel Beau Séjour,2017,TV-14,"Crime TV Shows, International TV Shows, TV Dramas",0.0,1,3,10.0
Movie,Hotel Pacific,1975,TV-MA,"Classic Movies, Dramas, International Movies",96.0,0,1,0.0
Movie,Hotel Transylvania 3: Summer Vacation,2018,PG,"Children & Family Movies, Comedies",97.0,0,2,2.0
Movie,House at the End of the Street,2012,PG-13,"Horror Movies, Thrillers",101.0,0,2,14.0
Movie,House of Z,2016,TV-14,Documentaries,88.0,0,2,12.0
Movie,"Houston, We Have a Problem!",2016,TV-14,"Comedies, Independent Movies, International Movies",84.0,0,2,4.0
Movie,How the Beatles Changed the World,2017,TV-PG,"Documentaries, Music & Musicals",110.0,0,2,8.0
Movie,How the Grinch Stole Christmas,2000,PG,"Children & Family Movies, Comedies",105.0,0,1,1.0
Movie,How to Be a Latin Lover,2017,PG-13,Comedies,116.0,0,2,14.0
Movie,How to Be a Player,1997,R,Comedies,94.0,0,1,1.0
Movie,How to Change the World,2015,NR,"Documentaries, International Movies",110.0,0,2,18.0
TV Show,How to Live Mortgage Free with Sarah Beeny,2018,TV-MA,"British TV Shows, International TV Shows, Reality TV",0.0,1,3,5.0
Movie,How to Make an American Quilt,1995,PG-13,"Dramas, Romantic Movies",116.0,0,1,1.0
Movie,How to Win the US Presidency,2016,TV-PG,Documentaries,51.0,0,2,8.0
Movie,Hridaynath,2012,TV-14,"Dramas, International Movies",103.0,0,2,15.0
Movie,Hulk Vs.,2009,PG-13,"Action & Adventure, Sci-Fi & Fantasy",83.0,0,2,14.0
Movie,Hum Saath-Saath Hain,1999,TV-G,"Dramas, International Movies, Music & Musicals",176.0,0,1,1.0
Movie,Humko Deewana Kar Gaye,2006,TV-PG,"International Movies, Music & Musicals, Romantic Movies",149.0,0,2,1.0
TV Show,Humsafar,2011,TV-PG,"International TV Shows, Romantic TV Shows, TV Dramas",0.0,1,3,0.0
Movie,Hungerford,2014,TV-MA,"Horror Movies, Independent Movies, International Movies",79.0,0,2,13.0
Movie,Hunt to Kill,2010,R,Action & Adventure,97.0,0,2,11.0
Movie,Hunter's Prayer,2015,R,"Action & Adventure, Independent Movies",91.0,0,2,11.0
TV Show,Hunters of the South Seas,2015,TV-14,"British TV Shows, Docuseries",0.0,1,3,6.0
TV Show,Huntik: Secrets and Seekers,2011,TV-Y7,Kids' TV,0.0,2,3,13.0
Movie,Hurricane Bianca,2016,TV-MA,"Comedies, Independent Movies, LGBTQ Movies",85.0,0,2,3.0
Movie,Hurricane Bianca: From Russia With Hate,2018,TV-MA,"Comedies, Independent Movies, LGBTQ Movies",85.0,0,2,3.0
Movie,Hustle & Flow,2005,R,"Dramas, Independent Movies, Music & Musicals",117.0,0,2,10.0
TV Show,Hyori's Bed & Breakfast,2018,TV-14,"International TV Shows, Korean TV Shows, Reality TV",0.0,2,3,5.0
Movie,Hypersomnia,2016,TV-MA,"Horror Movies, International Movies, Thrillers",84.0,0,2,13.0
Movie,I Am,2010,TV-MA,"Dramas, Independent Movies, International Movies",106.0,0,2,7.0
Movie,I Am Bolt,2016,PG,"Documentaries, Sports Movies",107.0,0,2,18.0
Movie,I Am Jane Doe,2017,TV-14,Documentaries,98.0,0,2,12.0
Movie,I Am Maris,2018,TV-14,Documentaries,54.0,0,2,12.0
TV Show,I Am Me!,2016,TV-14,"International TV Shows, Spanish-Language TV Shows, TV Comedies",0.0,1,3,17.0
Movie,I Am Not Madame Bovary,2016,TV-14,"Comedies, Dramas, International Movies",139.0,0,2,4.0
Movie,I Am Sun Mu,2015,NR,"Documentaries, International Movies",88.0,0,2,18.0
Movie,I Am Vengeance,2018,R,Action & Adventure,93.0,0,2,11.0
Movie,I Am Wrath,2016,R,"Action & Adventure, Dramas",91.0,0,2,10.0
Movie,I Don't Know How She Does It,2011,PG-13,Comedies,89.0,0,2,14.0
Movie,I Dream Of Dance,2017,TV-14,"Children & Family Movies, Documentaries",106.0,0,2,12.0
Movie,I Fine... Thank You... Love You,2014,TV-14,"Comedies, International Movies, Romantic Movies",116.0,0,2,4.0
Movie,"I, Daniel Blake",2016,R,"Dramas, Independent Movies",100.0,0,2,10.0
Movie,I'll See You in My Dreams,2015,PG-13,"Comedies, Dramas, Independent Movies",96.0,0,2,9.0
Movie,I'm in Love with a Church Girl,2013,PG,"Dramas, Faith & Spirituality, Romantic Movies",119.0,0,2,9.0
TV Show,I'm Sorry,2019,TV-MA,TV Comedies,0.0,2,3,15.0
Movie,Ice Guardians,2016,TV-MA,"Documentaries, International Movies, Sports Movies",108.0,0,2,17.0
Movie,Iceman,2014,R,"Action & Adventure, International Movies, Sci-Fi & Fantasy",104.0,0,2,11.0
Movie,Ideachi Kalpana,2010,TV-14,"Comedies, International Movies, Romantic Movies",124.0,0,2,4.0
TV Show,Idiotest,2014,TV-PG,"Reality TV, TV Comedies",0.0,1,3,0.0
Movie,Igor,2008,PG,Children & Family Movies,87.0,0,2,2.0
Movie,Iliza Shlesinger: War Paint,2013,NR,Stand-Up Comedy,75.0,0,2,5.0
Movie,Imagine That,2009,PG,"Children & Family Movies, Comedies, Sci-Fi & Fantasy",108.0,0,2,2.0
Movie,Immoral Tales,1974,UR,"Dramas, International Movies, Romantic Movies",103.0,0,1,0.0
TV Show,In Between,2012,TV-14,"International TV Shows, Romantic TV Shows, TV Comedies",0.0,1,3,17.0
Movie,In Search of Fellini,2017,R,"Action & Adventure, Dramas",103.0,0,2,10.0
Movie,In The Deep,2017,PG-13,"Horror Movies, International Movies, Thrillers",89.0,0,2,13.0
Movie,Incir Receli 2,2014,TV-14,"Dramas, International Movies, Romantic Movies",103.0,0,2,15.0
Movie,Incoming,2019,TV-MA,"Action & Adventure, Sci-Fi & Fantasy",89.0,0,2,13.0
Movie,Incomplete,2017,TV-MA,"Dramas, International Movies, Romantic Movies",119.0,0,2,7.0
Movie,Inconceivable,2017,R,Thrillers,106.0,0,2,11.0
Movie,Incorruptible,2015,TV-MA,Documentaries,90.0,0,2,17.0
Movie,Incredibles 2 (Spanish Version),2018,PG,"Children & Family Movies, Comedies",118.0,0,2,2.0
Movie,INDIA,2014,NR,"Dramas, Independent Movies, International Movies",95.0,0,2,7.0
TV Show,India: Nature's Wonderland,2015,TV-PG,"British TV Shows, Docuseries, Science & Nature TV",0.0,1,3,3.0
Movie,Indiana Jones and the Kingdom of the Crystal Skull,2008,PG-13,"Action & Adventure, Children & Family Movies, Sci-Fi & Fantasy",123.0,0,2,14.0
Movie,Indiana Jones and the Last Crusade,1989,PG-13,"Action & Adventure, Children & Family Movies, Classic Movies",127.0,0,1,1.0
Movie,Indiana Jones and the Raiders of the Lost Ark,1981,PG,"Action & Adventure, Children & Family Movies, Classic Movies",116.0,0,1,0.0
Movie,Indiana Jones and the Temple of Doom,1984,PG,"Action & Adventure, Children & Family Movies, Classic Movies",119.0,0,1,0.0
Movie,Indiscretion,2016,TV-MA,"Dramas, Thrillers",99.0,0,2,3.0
Movie,Inequality for All,2013,PG,Documentaries,90.0,0,2,18.0
Movie,Influx,2016,TV-PG,"Documentaries, International Movies",90.0,0,2,8.0
Movie,Inglourious Basterds,2009,R,Action & Adventure,153.0,0,2,11.0
Movie,Inkheart,2008,PG,"Action & Adventure, Children & Family Movies, Sci-Fi & Fantasy",106.0,0,2,2.0
Movie,Insan,2005,TV-14,"Action & Adventure, Dramas, International Movies",141.0,0,2,15.0
TV Show,Inside The Freemasons,2017,TV-MA,"British TV Shows, Docuseries, International TV Shows",0.0,1,3,14.0
TV Show,Inside the Mind of a Serial Killer,2015,TV-14,"Crime TV Shows, Docuseries",0.0,1,3,6.0
TV Show,Inside the Mossad,2017,TV-14,"Docuseries, International TV Shows",0.0,1,3,6.0
TV Show,Inst@famous,2018,TV-MA,Reality TV,0.0,1,3,5.0
Movie,Instructions Not Included,2013,PG-13,"Comedies, Dramas, International Movies",122.0,0,2,9.0
TV Show,Intelligence,2007,TV-MA,"Crime TV Shows, TV Dramas",0.0,2,3,16.0
Movie,Internet Famous,2016,TV-14,Comedies,87.0,0,2,4.0
Movie,Into the Forest,2015,R,"Dramas, International Movies, Sci-Fi & Fantasy",102.0,0,2,10.0
Movie,Inuyasha the Movie - L'isola del fuoco scarlatto,2004,TV-PG,"Action & Adventure, Anime Features, International Movies",88.0,0,2,1.0
Movie,Inuyasha the Movie - La spada del dominatore del mondo,2003,TV-14,"Action & Adventure, Anime Features, International Movies",99.0,0,2,0.0
Movie,InuYasha: The Movie 2: The Castle Beyond the Looking Glass,2002,TV-14,"Action & Adventure, Anime Features, International Movies",99.0,0,1,1.0
Movie,Invictus,2009,PG-13,"Dramas, Sports Movies",134.0,0,2,9.0
Movie,Invisible Essence: The Little Prince,2018,TV-PG,Documentaries,91.0,0,2,8.0
Movie,Inxeba,2017,TV-MA,"Dramas, Independent Movies, International Movies",88.0,0,2,7.0
Movie,Iqbal,2006,TV-Y7,"Dramas, Independent Movies, International Movies",127.0,0,2,15.0
Movie,Irada Pakka,2010,TV-14,"Comedies, Dramas, International Movies",137.0,0,2,4.0
Movie,Iron Cowboy: The Story of the 50.50.50,2018,TV-14,"Documentaries, Sports Movies",77.0,0,2,12.0
Movie,Iron Man & Captain America: Heroes United,2014,PG,"Children & Family Movies, Sci-Fi & Fantasy",71.0,0,2,2.0
TV Show,Iron Man: Armored Adventures,2011,TV-Y7,Kids' TV,0.0,2,3,13.0
Movie,Ishqedarriyaan,2015,TV-14,"Dramas, International Movies, Romantic Movies",130.0,0,2,15.0
TV Show,Islands of the Future,2014,TV-PG,"Docuseries, International TV Shows, Science & Nature TV",0.0,1,3,3.0
TV Show,마녀사냥,2015,TV-MA,"International TV Shows, Korean TV Shows, Stand-Up Comedy & Talk Shows",0.0,1,3,11.0
Movie,Issaq,2013,TV-MA,"Dramas, International Movies, Music & Musicals",140.0,0,2,7.0
Movie,It Takes Two,1995,PG,"Children & Family Movies, Comedies",101.0,0,1,1.0
Movie,It's Fine,2012,TV-14,"Comedies, International Movies, Music & Musicals",101.0,0,2,4.0
Movie,It's Now or Never,2015,TV-MA,"Comedies, International Movies, Romantic Movies",91.0,0,2,6.0
Movie,"It's Okay, Buddy",2017,TV-14,"Comedies, International Movies, Music & Musicals",84.0,0,2,4.0
Movie,Iverson,2014,NR,"Documentaries, Sports Movies",88.0,0,2,18.0
Movie,최강전사 미니특공대 : 영웅의 탄생,2018,TV-Y7,Children & Family Movies,68.0,0,2,16.0
Movie,Jaan-E-Mann: Let's Fall in Love... Again,2006,TV-14,"Dramas, International Movies, Romantic Movies",163.0,0,2,15.0
Movie,Jack and the Cuckoo-Clock Heart,2013,PG,"Children & Family Movies, Music & Musicals",93.0,0,2,2.0
Movie,Jack of all Trades,2018,TV-MA,"Documentaries, Sports Movies",86.0,0,2,17.0
TV Show,Jack Taylor,2016,TV-MA,"Crime TV Shows, International TV Shows, TV Dramas",0.0,1,3,2.0
Movie,Jackie Brown,1997,R,"Dramas, Thrillers",154.0,0,1,1.0
Movie,Jackpot,2015,TV-14,"Comedies, Dramas, International Movies",92.0,0,2,4.0
Movie,Jail,2009,TV-14,"Dramas, International Movies",132.0,0,2,15.0
Movie,Jake's Buccaneer Blast,2014,TV-Y,Movies,22.0,0,2,16.0
Movie,Jal,2013,TV-14,"Dramas, Independent Movies, International Movies",132.0,0,2,15.0
Movie,Jalpari: The Desert Mermaid,2012,TV-14,"Dramas, Independent Movies, International Movies",94.0,0,2,15.0
Movie,Janaan,2016,TV-14,"Comedies, Dramas, International Movies",132.0,0,2,4.0
TV Show,Japanese Style Originator,2008,TV-G,"International TV Shows, Stand-Up Comedy & Talk Shows",0.0,1,3,18.0
Movie,Jay and Silent Bob Strike Back,2001,R,"Comedies, Cult Movies",105.0,0,1,1.0
Movie,Jealousy and medicine,1973,TV-MA,"Dramas, International Movies, Romantic Movies",97.0,0,1,0.0
TV Show,Jeopardy!,2019,TV-G,Reality TV,0.0,2,3,5.0
Movie,Jeremy Scott: The People's Designer,2015,PG-13,Documentaries,109.0,0,2,18.0
TV Show,Jericho,2008,TV-14,"Classic & Cult TV, TV Action & Adventure, TV Dramas",0.0,2,3,10.0
Movie,Jersey Boys,2014,R,"Dramas, Music & Musicals",134.0,0,2,10.0
Movie,Jesus: Countdown to Calvary,2018,TV-14,"Documentaries, Faith & Spirituality",53.0,0,2,12.0
Movie,Jewel's Catch One,2016,TV-MA,"Documentaries, LGBTQ Movies",84.0,0,2,17.0
TV Show,Jhansi Ki Rani,2009,TV-14,"International TV Shows, TV Dramas",0.0,1,3,10.0
Movie,Jimi Hendrix,1973,R,"Documentaries, Music & Musicals",102.0,0,1,0.0
TV Show,JingleKids,2017,TV-Y7,Kids' TV,0.0,1,3,13.0
Movie,Jiro Dreams of Sushi,2011,PG,Documentaries,79.0,0,2,18.0
Movie,Jis Desh Men Ganga Behti Hai,1960,TV-14,"Action & Adventure, Dramas, International Movies",181.0,0,1,0.0
Movie,Joe Cocker: Mad Dog with Soul,2017,TV-14,"Documentaries, International Movies, Music & Musicals",90.0,0,2,12.0
Movie,John & Jane,2005,TV-14,"Documentaries, International Movies",79.0,0,2,12.0
Movie,John Carter,2012,PG-13,"Action & Adventure, Sci-Fi & Fantasy",133.0,0,2,14.0
Movie,John Day,2013,TV-MA,"International Movies, Thrillers",125.0,0,2,13.0
Movie,John Mellencamp: Plain Spoken,2017,TV-MA,"Documentaries, Music & Musicals",80.0,0,2,17.0
Movie,Jonathan,2018,TV-MA,"Dramas, Independent Movies, Sci-Fi & Fantasy",101.0,0,2,3.0
TV Show,Jonathan Strange & Mr Norrell,2015,TV-14,"British TV Shows, TV Dramas, TV Sci-Fi & Fantasy",0.0,1,3,10.0
Movie,Jora 10 Numbaria,2017,TV-MA,"Action & Adventure, International Movies",135.0,0,2,13.0
TV Show,Juana Brava,2015,TV-MA,"International TV Shows, Spanish-Language TV Shows, TV Dramas",0.0,1,3,2.0
TV Show,Juana Inés,2016,TV-14,"International TV Shows, Spanish-Language TV Shows, TV Dramas",0.0,1,3,10.0
Movie,Judwaa,1997,TV-14,"Comedies, International Movies, Romantic Movies",133.0,0,1,1.0
Movie,Judy Moody and the Not Bummer Summer,2011,PG,"Children & Family Movies, Comedies",91.0,0,2,2.0
Movie,Jugaad,2017,TV-14,Documentaries,52.0,0,2,12.0
Movie,Julie & Julia,2009,PG-13,"Comedies, Dramas",123.0,0,2,9.0
TV Show,Julius Jr.,2014,TV-Y,Kids' TV,0.0,2,3,4.0
Movie,Jumping the Broom,2011,PG-13,"Comedies, Romantic Movies",113.0,0,2,14.0
Movie,Junebug,2005,R,"Comedies, Dramas, Independent Movies",107.0,0,2,10.0
Movie,Jupiter Ascending,2015,PG-13,"Action & Adventure, Sci-Fi & Fantasy",128.0,0,2,14.0
Movie,Just Friends,2005,PG-13,"Comedies, Romantic Movies",94.0,0,2,14.0
Movie,"Justice, My Foot!",1992,TV-14,"Action & Adventure, Comedies, International Movies",95.0,0,1,1.0
Movie,Justin Bieber: Never Say Never,2011,G,"Documentaries, Music & Musicals",106.0,0,2,18.0
TV Show,K,2012,TV-MA,"Anime Series, Crime TV Shows, International TV Shows",0.0,1,3,11.0
Movie,K-19: The Widowmaker,2002,PG-13,"Action & Adventure, Dramas",138.0,0,1,1.0
TV Show,Kaçak,2013,TV-14,"Crime TV Shows, International TV Shows, TV Action & Adventure",0.0,1,3,9.0
Movie,Kaabil,2017,TV-14,"Dramas, International Movies",139.0,0,2,15.0
Movie,Kaakan,2015,TV-PG,"Dramas, International Movies, Romantic Movies",132.0,0,2,1.0
Movie,Kaalia,1981,TV-14,"Action & Adventure, Dramas, International Movies",173.0,0,1,0.0
Movie,Kaaliyan,2017,TV-PG,"Dramas, International Movies",105.0,0,2,1.0
Movie,Kabali (Hindi Version),2016,TV-MA,"Action & Adventure, Dramas, International Movies",148.0,0,2,7.0
Movie,Kacche Dhaagey,2016,TV-14,"Dramas, International Movies, Romantic Movies",120.0,0,2,15.0
Movie,Kahlil Gibran's The Prophet,2014,PG,"Children & Family Movies, Dramas",85.0,0,2,2.0
Movie,Kajraare,2010,TV-14,"Dramas, International Movies, Music & Musicals",113.0,0,2,15.0
Movie,Kaleidoscope,2016,TV-MA,Thrillers,99.0,0,2,13.0
Movie,Kalki,2017,TV-14,"Dramas, Independent Movies, International Movies",41.0,0,2,15.0
Movie,Kanika,2017,TV-14,"Horror Movies, International Movies, Thrillers",110.0,0,2,0.0
Movie,Karzzzz,2008,TV-14,"International Movies, Music & Musicals, Romantic Movies",137.0,0,2,0.0
Movie,Kate & Leopold,2001,PG-13,"Comedies, Romantic Movies",118.0,0,1,1.0
Movie,Katha,1982,TV-PG,"Comedies, Dramas, Independent Movies",140.0,0,1,0.0
Movie,Katt Williams: Live,2006,NR,Stand-Up Comedy,85.0,0,2,5.0
Movie,Kaviyude Osyath,2017,TV-14,"Dramas, International Movies",116.0,0,2,15.0
Movie,Kay Dyache Bola,2005,TV-14,"Comedies, Dramas, International Movies",133.0,0,2,4.0
TV Show,Ken Burns: The Civil War,1990,TV-14,Docuseries,0.0,1,1,1.0
TV Show,Ken Burns: The Roosevelts: An Intimate History,2014,TV-PG,Docuseries,0.0,1,3,7.0
TV Show,Ken Burns: The West,1996,TV-PG,Docuseries,0.0,1,3,18.0
Movie,Kevin Hart: Laugh at My Pain,2011,R,Stand-Up Comedy,89.0,0,2,11.0
Movie,Kevin Hart: Let Me Explain,2013,R,Stand-Up Comedy,75.0,0,2,11.0
Movie,Kevin Hart: Seriously Funny,2010,TV-MA,Stand-Up Comedy,67.0,0,2,5.0
Movie,Kevyn Aucoin: Beauty & the Beast in Me,2017,TV-MA,"Documentaries, LGBTQ Movies",90.0,0,2,17.0
TV Show,Khaani,2017,TV-14,"Crime TV Shows, International TV Shows, Romantic TV Shows",0.0,1,3,12.0
Movie,Khalnayak,1993,TV-14,"Action & Adventure, Dramas, International Movies",170.0,0,1,1.0
TV Show,Khan: No. 1 Crime Hunter,2018,TV-14,"Crime TV Shows, International TV Shows, TV Comedies",0.0,1,3,17.0
TV Show,Khelti Hai Zindagi Aankh Micholi,2013,TV-14,"International TV Shows, TV Dramas",0.0,1,3,10.0
Movie,Khosla Ka Ghosla,2006,TV-14,"Comedies, Dramas, International Movies",124.0,0,2,4.0
TV Show,Khotey Sikkey,2011,TV-14,"Crime TV Shows, International TV Shows, TV Dramas",0.0,1,3,10.0
Movie,Khubsoorat,1980,TV-PG,"Classic Movies, Comedies, Dramas",120.0,0,1,0.0
Movie,Khushi,2003,TV-14,"Comedies, International Movies, Music & Musicals",157.0,0,2,4.0
Movie,Kia and Cosmos,2018,TV-14,"Dramas, Independent Movies, International Movies",124.0,0,2,15.0
Movie,Kickboxer: Retaliation,2017,R,Action & Adventure,110.0,0,2,11.0
Movie,Kickboxer: Vengeance,2016,TV-MA,Action & Adventure,90.0,0,2,13.0
Movie,Kicking and Screaming,1995,R,"Comedies, Independent Movies, Romantic Movies",97.0,0,1,1.0
Movie,Kid Kulafu,2015,TV-14,"Dramas, International Movies, Sports Movies",108.0,0,2,15.0
Movie,Kidnapping Mr. Heineken,2015,R,"Action & Adventure, Dramas, International Movies",95.0,0,2,10.0
TV Show,Kikoriki,2010,TV-Y,Kids' TV,0.0,2,3,4.0
Movie,Kill Bill: Vol. 1,2003,R,Action & Adventure,111.0,0,1,1.0
Movie,Kill Bill: Vol. 2,2004,R,Action & Adventure,137.0,0,2,11.0
Movie,Kill Command,2016,TV-MA,"Action & Adventure, Independent Movies, Sci-Fi & Fantasy",100.0,0,2,3.0
Movie,Kill Hitler! The Luck of the Devil,2015,TV-14,"Documentaries, International Movies",53.0,0,2,12.0
Movie,Kill Ratio,2016,TV-MA,Action & Adventure,87.0,0,2,13.0
Movie,Kill the Irishman,2011,R,"Action & Adventure, Dramas, Independent Movies",106.0,0,2,10.0
Movie,Killer Klowns from Outer Space,1988,PG-13,"Comedies, Cult Movies, Horror Movies",86.0,0,1,1.0
Movie,Killers,2010,PG-13,"Action & Adventure, Comedies, Romantic Movies",100.0,0,2,14.0
Movie,Kills on Wheels,2016,TV-MA,"Action & Adventure, Dramas, International Movies",103.0,0,2,7.0
Movie,Kilo Two Bravo,2014,R,"Dramas, Independent Movies, Thrillers",109.0,0,2,10.0
Movie,King Jack,2015,NR,"Dramas, Independent Movies",81.0,0,2,3.0
Movie,King's Ransom,2005,PG-13,"Action & Adventure, Comedies",98.0,0,2,14.0
TV Show,Kingdoms of the Sky,2018,TV-PG,"British TV Shows, Docuseries, Science & Nature TV",0.0,1,3,3.0
Movie,Kingpin,1996,PG-13,"Comedies, Cult Movies, Sports Movies",114.0,0,1,1.0
Movie,Kings,2017,R,Dramas,87.0,0,2,10.0
Movie,Kis Kisko Pyaar Karoon,2015,TV-PG,"Comedies, International Movies",132.0,0,2,1.0
Movie,Kiss the Girls,1997,R,Thrillers,116.0,0,1,1.0
TV Show,Kiss The Series,2016,TV-14,"International TV Shows, Romantic TV Shows, TV Dramas",0.0,1,3,10.0
TV Show,Kitten Rescuers,2017,TV-14,"British TV Shows, International TV Shows, Reality TV",0.0,1,3,5.0
Movie,KL Zombi,2013,TV-14,"Comedies, Horror Movies, International Movies",92.0,0,2,4.0
TV Show,Knights of Sidonia,2015,TV-MA,"Anime Series, International TV Shows",0.0,2,3,9.0
Movie,Knock Knock,2015,R,"Horror Movies, Thrillers",99.0,0,2,11.0
Movie,Know Your Enemy - Japan,1945,TV-14,"Classic Movies, Documentaries",63.0,0,1,0.0
Movie,Knowing,2009,PG-13,"Sci-Fi & Fantasy, Thrillers",121.0,0,2,14.0
Movie,Koko: The Gorilla Who Talks,2016,TV-G,Documentaries,56.0,0,2,18.0
TV Show,Kon Kon Kon,2014,TV-PG,"Docuseries, International TV Shows",0.0,1,3,7.0
Movie,Kon-Tiki,2012,PG-13,"Action & Adventure, Dramas, International Movies",96.0,0,2,9.0
Movie,Koshish,1972,TV-14,"International Movies, Romantic Movies",115.0,0,1,0.0
Movie,Kraftidioten,2014,TV-MA,"Comedies, International Movies, Thrillers",117.0,0,2,6.0
Movie,Krish Trish and Baltiboy,2009,TV-Y7,Children & Family Movies,58.0,0,2,16.0
Movie,Krish Trish and Baltiboy: Battle of Wits,2013,TV-Y7,Children & Family Movies,62.0,0,2,16.0
Movie,Krish Trish and Baltiboy: Best Friends Forever,2016,TV-Y,Children & Family Movies,65.0,0,2,16.0
Movie,Krish Trish and Baltiboy: Comics of India,2012,TV-Y7,Children & Family Movies,61.0,0,2,16.0
Movie,Krish Trish and Baltiboy: Face Your Fears,2017,TV-Y7,Children & Family Movies,65.0,0,2,16.0
Movie,Krish Trish and Baltiboy: Oversmartness Never Pays,2017,TV-Y7,Children & Family Movies,65.0,0,2,16.0
Movie,Krish Trish and Baltiboy: Part II,2010,TV-Y7,Children & Family Movies,58.0,0,2,16.0
Movie,Krish Trish and Baltiboy: The Greatest Trick,2013,TV-Y7,Children & Family Movies,60.0,0,2,16.0
Movie,Krisha,2015,R,"Dramas, Independent Movies",81.0,0,2,10.0
TV Show,Krishna Balram,2019,TV-Y7,Kids' TV,0.0,1,3,13.0
Movie,Kristy,2013,NR,Horror Movies,85.0,0,2,11.0
Movie,Krystal,2017,R,"Comedies, Dramas",93.0,0,2,10.0
Movie,Kuldip Patwal: I Didn't Do It!,2017,TV-MA,"Dramas, Independent Movies, International Movies",126.0,0,2,7.0
Movie,Kung Fu Hustle,2004,R,"Action & Adventure, Comedies, Cult Movies",99.0,0,2,11.0
Movie,Kung Fu Magoo,2010,TV-Y7,"Children & Family Movies, Comedies",79.0,0,2,2.0
Movie,Kung Fu Panda: Holiday,2010,TV-PG,"Children & Family Movies, Comedies",26.0,0,2,16.0
Movie,Kung Fu Yoga,2017,TV-PG,"Action & Adventure, Comedies, International Movies",107.0,0,2,1.0
Movie,Kuppivala,2017,TV-14,"Dramas, International Movies, Romantic Movies",133.0,0,2,15.0
Movie,Kurt & Courtney,1998,R,"Documentaries, Music & Musicals",95.0,0,1,1.0
TV Show,Kurt Seyit & Sura,2014,TV-14,"International TV Shows, Romantic TV Shows, TV Dramas",0.0,1,3,10.0
Movie,Kurtulus Son Durak,2012,TV-MA,"Comedies, Dramas, International Movies",100.0,0,2,7.0
Movie,Kya Kehna,2000,TV-PG,"Dramas, International Movies, Romantic Movies",149.0,0,1,1.0
Movie,Kygo: Live at the Hollywood Bowl,2017,TV-MA,Music & Musicals,52.0,0,2,5.0
Movie,Kyun! Ho Gaya Na,2004,TV-PG,"International Movies, Romantic Movies",165.0,0,2,1.0
Movie,La Última Fiesta,2016,TV-MA,"Comedies, International Movies",104.0,0,2,6.0
Movie,LA 92,2017,R,Documentaries,114.0,0,2,18.0
Movie,La Bamba,1987,PG-13,"Classic Movies, Dramas, Music & Musicals",109.0,0,1,1.0
Movie,La Coppia dei Campioni,2016,TV-MA,"Comedies, International Movies",88.0,0,2,6.0
TV Show,La Familia P. Luche,2012,TV-14,"International TV Shows, Spanish-Language TV Shows, TV Comedies",0.0,3,3,8.0
TV Show,La Femme,2016,TV-14,"International TV Shows, TV Dramas",0.0,1,3,10.0
TV Show,La Piloto,2017,TV-MA,"Crime TV Shows, International TV Shows, Spanish-Language TV Shows",0.0,1,3,11.0
TV Show,La Rosa de Guadalupe,2010,TV-PG,"Classic & Cult TV, Crime TV Shows, International TV Shows",0.0,1,3,0.0
TV Show,La Viuda Negra,2016,TV-14,"Crime TV Shows, International TV Shows, Spanish-Language TV Shows",0.0,1,3,11.0
Movie,Laal Rang,2016,TV-14,"Dramas, International Movies, Thrillers",143.0,0,2,15.0
Movie,Laddaland,2011,TV-MA,"Horror Movies, International Movies",112.0,0,2,13.0
Movie,Lady Bloodfight,2016,R,Action & Adventure,101.0,0,2,11.0
Movie,Lady in the Water,2006,PG-13,"Sci-Fi & Fantasy, Thrillers",110.0,0,2,14.0
Movie,Lady-Like,2018,NC-17,"Comedies, Independent Movies",83.0,0,2,3.0
TV Show,"Lady, la vendedora de rosas",2015,TV-14,"International TV Shows, Spanish-Language TV Shows, TV Dramas",0.0,1,3,10.0
Movie,Lalbaug Parel: Zali Mumbai Sonyachi,2010,TV-MA,"Dramas, International Movies",145.0,0,2,7.0
TV Show,Land Girls,2011,TV-14,"British TV Shows, International TV Shows, TV Dramas",0.0,3,3,8.0
Movie,Larceny,2017,TV-14,Action & Adventure,87.0,0,2,0.0
TV Show,Last,2015,TV-14,"Crime TV Shows, International TV Shows, Korean TV Shows",0.0,1,3,12.0
Movie,Last Ferry,2019,TV-MA,"Dramas, Independent Movies, LGBTQ Movies",86.0,0,2,3.0
Movie,Last Knights,2015,R,Action & Adventure,115.0,0,2,11.0
Movie,Last Night,2010,R,"Dramas, Independent Movies, Romantic Movies",93.0,0,2,10.0
Movie,Le K Benzema,2017,TV-14,"Documentaries, International Movies, Sports Movies",121.0,0,2,12.0
Movie,Le serment des Hitler,2014,TV-PG,"Documentaries, International Movies",54.0,0,2,8.0
Movie,Leap Year,2010,PG,"Comedies, Romantic Movies",100.0,0,2,2.0
Movie,LeapFrog: Letter Factory,2003,TV-Y,Children & Family Movies,37.0,0,2,16.0
Movie,LeapFrog: Numberland,2011,TV-Y,Movies,33.0,0,2,16.0
Movie,LeapFrog: Phonics Farm,2011,TV-Y,Movies,35.0,0,2,16.0
Movie,"LeapFrog: Sing-along, Read-along",2011,TV-Y,Children & Family Movies,32.0,0,2,16.0
TV Show,Learning Time with Timmy,2018,TV-Y,"British TV Shows, Kids' TV",0.0,1,3,4.0
Movie,Lechmi,2017,TV-MA,"Comedies, Horror Movies, International Movies",147.0,0,2,6.0
Movie,Left Behind,2014,PG-13,"Action & Adventure, Faith & Spirituality, Sci-Fi & Fantasy",110.0,0,2,14.0
Movie,Legend of the Guardians: The Owls of Ga'Hoole,2010,PG,Children & Family Movies,97.0,0,2,2.0
Movie,Legend of the Naga Pearls,2017,TV-MA,"Action & Adventure, International Movies, Sci-Fi & Fantasy",108.0,0,2,13.0
Movie,Legendary Weapons of China,1982,TV-14,"Action & Adventure, Cult Movies, International Movies",101.0,0,1,0.0
TV Show,Legends of Strength,2017,TV-PG,Docuseries,0.0,1,3,7.0
Movie,Legion,2010,R,"Action & Adventure, Horror Movies, Sci-Fi & Fantasy",100.0,0,2,11.0
TV Show,Lego Friends,2017,TV-G,Kids' TV,0.0,3,3,8.0
TV Show,Lego Friends: Girls on a Mission,2018,TV-Y,Kids' TV,0.0,1,3,4.0
Movie,LEGO House - Home of the Brick,2018,TV-G,"Documentaries, International Movies",48.0,0,2,18.0
Movie,LEGO Ninjago: Masters of Spinjitzu: Day of the Departed,2016,TV-Y7-FV,"Action & Adventure, Children & Family Movies",44.0,0,2,16.0
TV Show,Leo & Tig,2017,TV-Y,Kids' TV,0.0,1,3,4.0
Movie,Leo the Lion,2013,TV-Y7-FV,"Children & Family Movies, Comedies",78.0,0,2,2.0
Movie,"Les Bleus - Une autre histoire de France, 1996-2016",2016,TV-MA,"Documentaries, International Movies, Sports Movies",103.0,0,2,17.0
Movie,Let There Be Light,1946,TV-PG,"Classic Movies, Documentaries",58.0,0,1,0.0
TV Show,Leyla and Mecnun,2014,TV-MA,"International TV Shows, Romantic TV Shows, TV Comedies",0.0,3,3,16.0
Movie,Lez Bomb,2018,TV-14,"Comedies, LGBTQ Movies",90.0,0,2,4.0
TV Show,License to Drill: Louisiana,2014,TV-PG,Reality TV,0.0,1,3,5.0
Movie,Life After Beth,2014,R,"Comedies, Horror Movies, Independent Movies",89.0,0,2,11.0
Movie,Life in the Doghouse,2018,TV-PG,"Documentaries, LGBTQ Movies",83.0,0,2,8.0
TV Show,Life on Location,2009,TV-G,"British TV Shows, Docuseries, Science & Nature TV",0.0,1,3,3.0
TV Show,Life Story,2014,TV-14,"British TV Shows, Docuseries, Science & Nature TV",0.0,1,3,6.0
Movie,Lifechanger,2018,TV-MA,"Horror Movies, Independent Movies, Thrillers",84.0,0,2,13.0
Movie,Lifeline,1997,TV-14,"Action & Adventure, International Movies",104.0,0,1,1.0
Movie,Like Arrows,2018,TV-PG,"Dramas, Faith & Spirituality",99.0,0,2,1.0
Movie,Like Water for Chocolate,1992,R,"Classic Movies, Dramas, International Movies",105.0,0,1,1.0
Movie,Lila & Eve,2015,R,"Dramas, Thrillers",94.0,0,2,10.0
TV Show,Limmy's Show!,2012,TV-MA,"British TV Shows, TV Comedies",0.0,2,3,15.0
Movie,Lincoln,2012,PG-13,Dramas,150.0,0,2,9.0
Movie,Lion's Heart,2013,TV-14,"Action & Adventure, International Movies",111.0,0,2,0.0
Movie,Listen Up! The Lives of Quincy Jones,1990,TV-14,"Documentaries, Music & Musicals",116.0,0,1,1.0
Movie,Little Dragon Maiden,1983,TV-14,"Action & Adventure, International Movies, Romantic Movies",92.0,0,1,0.0
TV Show,Little Lunch,2015,TV-MA,"Kids' TV, TV Comedies",0.0,1,3,15.0
Movie,Little Lunch: The Halloween Horror Story,2016,TV-Y7,"Children & Family Movies, Comedies",23.0,0,2,16.0
Movie,Little Lunch: The Nightmare Before Graduation,2016,TV-Y7,"Children & Family Movies, Comedies",25.0,0,2,16.0
Movie,Little Men,2016,PG,"Dramas, Independent Movies",85.0,0,2,3.0
Movie,Little Nicky,2000,PG-13,Comedies,90.0,0,1,1.0
Movie,Little Singham aur Kaal ka Mahajaal,2018,TV-Y7-FV,"Children & Family Movies, Comedies",68.0,0,2,2.0
Movie,Little Singham Bandarpur Mein Hu Ha Hu,2019,TV-Y7,"Children & Family Movies, Comedies",67.0,0,2,16.0
Movie,Little Singham in London,2019,TV-Y7,"Children & Family Movies, Comedies",66.0,0,2,16.0
Movie,Little Sister,2016,NR,"Comedies, Dramas, Independent Movies",91.0,0,2,3.0
TV Show,Liv and Maddie,2017,TV-G,"Kids' TV, TV Comedies",0.0,4,0,0.0
Movie,Lizzie Borden Took an Ax,2014,TV-14,Thrillers,87.0,0,2,0.0
Movie,Lo and Behold: Reveries of the Connected World,2016,PG-13,Documentaries,98.0,0,2,18.0
TV Show,Lo que la verdad esconde: El caso Asunta (Operacion Nenúfar),2017,TV-14,"Crime TV Shows, Docuseries, International TV Shows",0.0,1,3,6.0
TV Show,Lo que la vida me robó,2013,TV-14,"Crime TV Shows, International TV Shows, Romantic TV Shows",0.0,1,3,12.0
Movie,"Lock, Stock and Two Smoking Barrels",1998,R,"Action & Adventure, Comedies, Independent Movies",108.0,0,1,1.0
Movie,Locke,2013,R,"Dramas, Independent Movies",85.0,0,2,10.0
Movie,Lockout,2012,PG-13,"Action & Adventure, International Movies, Sci-Fi & Fantasy",95.0,0,2,14.0
Movie,Loco Love,2017,TV-MA,"Dramas, Independent Movies, International Movies",103.0,0,2,7.0
Movie,Logan's Run,1976,PG,"Action & Adventure, Classic Movies, Cult Movies",118.0,0,1,0.0
TV Show,LoliRock,2016,TV-Y,Kids' TV,0.0,2,3,4.0
Movie,Lolita,1962,R,"Classic Movies, Dramas, Romantic Movies",153.0,0,1,0.0
TV Show,London Spy,2015,TV-MA,"British TV Shows, Crime TV Shows, International TV Shows",0.0,1,3,11.0
Movie,Long Time Running,2017,TV-14,"Documentaries, International Movies, Music & Musicals",96.0,0,2,12.0
Movie,"Look Out, Officer",1990,TV-14,"Action & Adventure, Comedies, International Movies",88.0,0,1,1.0
Movie,Look Who's Back,2015,NR,"Comedies, International Movies",116.0,0,2,6.0
Movie,Lorai: Play to Live,2015,TV-14,"Dramas, International Movies, Sports Movies",155.0,0,2,15.0
TV Show,Los 10 años de Peter Capusotto,2015,TV-MA,"International TV Shows, Spanish-Language TV Shows, TV Comedies",0.0,1,3,15.0
Movie,Los Niños Héroes de Chapultepec,2017,TV-14,"Documentaries, International Movies",88.0,0,2,12.0
TV Show,Los tiempos de Pablo Escobar,2012,TV-14,"Crime TV Shows, Docuseries, International TV Shows",0.0,1,3,6.0
Movie,Losing Sight of Shore,2017,TV-14,"Documentaries, Sports Movies",92.0,0,2,12.0
TV Show,Lost Girl,2015,TV-14,"TV Dramas, TV Horror, TV Mysteries",0.0,5,0,0.0
TV Show,Love Cuisine,2015,TV-MA,"International TV Shows, Romantic TV Shows, TV Comedies",0.0,1,3,15.0
Movie,Love Dot Com: The Social Experiment,2019,TV-MA,"Comedies, Romantic Movies",98.0,0,2,6.0
Movie,Love In A Puff,2010,TV-MA,"Comedies, Dramas, International Movies",103.0,0,2,7.0
Movie,Love Ni Bhavai,2017,TV-14,"Comedies, International Movies, Romantic Movies",163.0,0,2,4.0
Movie,Love on Delivery,1994,TV-14,"Action & Adventure, Comedies, International Movies",93.0,0,1,1.0
TV Show,Love Rain,2012,TV-PG,"International TV Shows, Korean TV Shows, Romantic TV Shows",0.0,1,3,12.0
TV Show,Love Rhythms - Accidental Daddy,2016,TV-MA,"International TV Shows, TV Comedies, TV Dramas",0.0,1,3,2.0
Movie,Love Shot,2018,TV-MA,"Dramas, Thrillers",77.0,0,2,3.0
Movie,Love Station,2011,TV-14,"Comedies, International Movies, Romantic Movies",97.0,0,2,4.0
Movie,Love You... Love You Not,2015,TV-14,"Comedies, International Movies, Romantic Movies",115.0,0,2,4.0
TV Show,Love Your Garden,2013,TV-G,"British TV Shows, International TV Shows, Reality TV",0.0,1,3,5.0
Movie,"Love, Rosie",2014,R,"Comedies, International Movies, Romantic Movies",103.0,0,2,11.0
Movie,LoveTrue,2016,TV-MA,Documentaries,82.0,0,2,17.0
Movie,Loving Annabelle,2006,TV-MA,"Dramas, Independent Movies, LGBTQ Movies",77.0,0,2,3.0
Movie,Loving You,1995,TV-14,"Dramas, International Movies",79.0,0,1,1.0
Movie,Lucha: Playing the Impossible,2016,TV-PG,"Documentaries, International Movies, Sports Movies",98.0,0,2,8.0
TV Show,Lucky Days,2010,TV-PG,"International TV Shows, Romantic TV Shows, TV Comedies",0.0,1,3,0.0
Movie,Lucky: No Time for Love,2005,TV-14,"Dramas, International Movies, Romantic Movies",131.0,0,2,15.0
Movie,Lupt,2018,TV-14,"Horror Movies, International Movies, Thrillers",110.0,0,2,0.0
Movie,Lusers,2015,TV-MA,"Comedies, International Movies, Sports Movies",100.0,0,2,6.0
Movie,Ma Chu Ka,2017,TV-14,"International Movies, Thrillers",117.0,0,2,0.0
Movie,Maacher Jhol,2017,TV-PG,"Dramas, International Movies",107.0,0,2,1.0
Movie,Mac & Devin Go to High School,2012,R,Comedies,76.0,0,2,11.0
Movie,Macchli Jal Ki Rani Hai,2014,TV-MA,"Horror Movies, International Movies",118.0,0,2,13.0
Movie,Mad Max,1979,R,"Action & Adventure, Classic Movies, Cult Movies",93.0,0,1,0.0
TV Show,Mad Men,2014,TV-14,TV Dramas,0.0,7,0,1.0
Movie,Mad Money,2008,PG-13,Comedies,99.0,0,2,14.0
Movie,Mad Ron's Prevues from Hell,1987,NR,"Cult Movies, Horror Movies",84.0,0,1,1.0
Movie,Mad World,2016,TV-MA,"Dramas, International Movies",102.0,0,2,7.0
Movie,Madaari,2016,TV-14,"Dramas, Independent Movies, International Movies",134.0,0,2,15.0
Movie,Maddman: The Steve Madden Story,2017,TV-MA,Documentaries,78.0,0,2,17.0
Movie,Madre,2016,TV-MA,"International Movies, Thrillers",95.0,0,2,13.0
TV Show,Maggie & Bianca: Fashion Friends,2017,TV-Y7,"Kids' TV, TV Comedies",0.0,1,3,13.0
TV Show,Magi: Adventure of Sinbad,2016,TV-14,"Anime Series, International TV Shows",0.0,1,3,9.0
Movie,Magic Snowflake,2013,TV-Y,Children & Family Movies,73.0,0,2,16.0
Movie,Magnetic,2018,TV-14,"Action & Adventure, Documentaries, International Movies",110.0,0,2,0.0
Movie,Magnus,2016,TV-PG,"Children & Family Movies, Documentaries, International Movies",75.0,0,2,8.0
Movie,Mahabharat,2013,TV-14,"Action & Adventure, Dramas, International Movies",119.0,0,2,15.0
TV Show,Maharakshak Devi,2015,TV-14,"International TV Shows, TV Action & Adventure, TV Sci-Fi & Fantasy",0.0,1,3,9.0
TV Show,Maharakshak: Aryan,2014,TV-14,"International TV Shows, TV Action & Adventure, TV Sci-Fi & Fantasy",0.0,1,3,9.0
TV Show,Mahi Way,2010,TV-14,"International TV Shows, TV Comedies",0.0,1,3,17.0
Movie,Mahjong Heroes,1981,TV-PG,"Comedies, International Movies",92.0,0,1,0.0
TV Show,Mahmut & Meryem,2013,TV-14,"International TV Shows, Romantic TV Shows, TV Dramas",0.0,1,3,10.0
Movie,Maine Pyaar Kyun Kiya,2005,TV-14,"Comedies, International Movies, Music & Musicals",137.0,0,2,4.0
Movie,Maine Pyar Kiya,1989,TV-PG,"Dramas, International Movies, Music & Musicals",192.0,0,1,1.0
Movie,Mala Kahich Problem Nahi,2017,TV-PG,"Dramas, International Movies",132.0,0,2,1.0
Movie,Malicious,2018,TV-MA,Horror Movies,91.0,0,2,13.0
Movie,Man of Tai Chi,2013,R,"Action & Adventure, Dramas",105.0,0,2,10.0
Movie,Man Up,2015,R,"Comedies, International Movies, Romantic Movies",88.0,0,2,6.0
TV Show,Man vs Wild with Sunny Leone,2018,TV-PG,"International TV Shows, Reality TV, TV Action & Adventure",0.0,1,3,5.0
Movie,Mandi,1983,TV-MA,"Dramas, Independent Movies, International Movies",155.0,0,1,0.0
Movie,Mandobasar Galpo,2017,TV-14,"Dramas, International Movies, Romantic Movies",103.0,0,2,15.0
Movie,Manglehorn,2014,PG-13,"Dramas, Independent Movies",97.0,0,2,9.0
Movie,Mango Dreams,2016,TV-14,"Dramas, Independent Movies",92.0,0,2,15.0
Movie,Manhattan Romance,2014,TV-14,"Comedies, Independent Movies, Romantic Movies",98.0,0,2,4.0
Movie,Manolo: The Boy Who Made Shoes for Lizards,2017,TV-MA,"Documentaries, International Movies",89.0,0,2,17.0
Movie,Mansfield Park,1999,PG-13,"Comedies, Dramas, International Movies",112.0,0,1,1.0
Movie,Mantostaan,2017,TV-MA,"Dramas, Independent Movies, International Movies",75.0,0,2,7.0
Movie,Mantra,2017,TV-14,"Dramas, Independent Movies, International Movies",89.0,0,2,15.0
Movie,Mara,2017,TV-MA,"Horror Movies, Thrillers",99.0,0,2,13.0
Movie,Marauders,2016,R,Action & Adventure,107.0,0,2,11.0
TV Show,Marching Orders,2018,TV-14,Docuseries,0.0,1,3,6.0
Movie,Mark Gatiss: A Study in Sherlock,2016,TV-14,Movies,29.0,0,2,12.0
TV Show,Maron,2016,TV-MA,TV Comedies,0.0,4,0,0.0
Movie,Maroon,2016,TV-MA,"Dramas, Independent Movies, International Movies",94.0,0,2,7.0
TV Show,Married at First Sight,2019,TV-14,"Reality TV, Romantic TV Shows",0.0,1,3,5.0
TV Show,Mars,2018,TV-PG,"Docuseries, Science & Nature TV, TV Dramas",0.0,2,3,3.0
Movie,Martial Arts of Shaolin,1986,R,"Action & Adventure, International Movies",90.0,0,1,1.0
Movie,Martin Lawrence Live: Runteldat,2002,R,Stand-Up Comedy,104.0,0,1,1.0
Movie,Martin Luther: The Idea that Changed the World,2017,TV-PG,"Documentaries, Faith & Spirituality",55.0,0,2,8.0
Movie,Martyrs of Marriage,2016,TV-14,"Documentaries, International Movies",83.0,0,2,12.0
Movie,Marvel & ESPN Films Present: 1 of 1: Genesis,2014,TV-PG,"Documentaries, Sports Movies",77.0,0,2,8.0
Movie,Marvel's Iron Man & Hulk: Heroes United,2013,PG,"Action & Adventure, Sci-Fi & Fantasy",72.0,0,2,14.0
Movie,Mary and the Witch's Flower,2017,PG,"Anime Features, Children & Family Movies",103.0,0,2,2.0
Movie,Mary Poppins Returns,2018,PG,"Children & Family Movies, Music & Musicals",131.0,0,2,2.0
TV Show,Mary Portas: Secret Shopper,2016,TV-14,"British TV Shows, International TV Shows, Reality TV",0.0,1,3,5.0
Movie,Masoom,1983,TV-14,"Dramas, Independent Movies, International Movies",138.0,0,1,0.0
Movie,Master,2016,NR,"Action & Adventure, International Movies",143.0,0,2,0.0
Movie,Mater,2017,TV-MA,"Dramas, Independent Movies, International Movies",80.0,0,2,7.0
Movie,Matichya Chuli,2006,TV-14,"Comedies, Dramas, International Movies",132.0,0,2,4.0
Movie,Max Rose,2013,TV-14,"Dramas, Independent Movies",84.0,0,2,15.0
Movie,May We Chat,2014,TV-MA,"Dramas, International Movies",99.0,0,2,7.0
Movie,May You Prosper,2017,TV-14,"Comedies, International Movies, Music & Musicals",93.0,0,2,4.0
Movie,Maya Angelou: And Still I Rise,2016,TV-PG,Documentaries,114.0,0,2,8.0
Movie,Maynard,2017,TV-PG,Documentaries,100.0,0,2,8.0
Movie,Maza Pati Karodpati,1988,TV-PG,"Comedies, International Movies, Romantic Movies",132.0,0,1,1.0
Movie,Me and the Alien,2016,TV-MA,"Comedies, Dramas, International Movies",83.0,0,2,7.0
Movie,Mean Dreams,2016,R,"Dramas, Independent Movies, Thrillers",105.0,0,2,10.0
Movie,Mean Streets,1973,R,"Classic Movies, Dramas, Independent Movies",112.0,0,1,0.0
Movie,Meditation Park,2017,TV-PG,Dramas,94.0,0,2,1.0
Movie,Medium,1985,TV-MA,"Horror Movies, International Movies, Thrillers",90.0,0,1,1.0
Movie,Meet the Trumps: From Immigrant to President,2017,TV-14,Documentaries,48.0,0,2,12.0
TV Show,Mega Food,2013,TV-G,"British TV Shows, Docuseries, International TV Shows",0.0,1,3,7.0
TV Show,MegaTruckers,2012,TV-PG,Reality TV,0.0,1,3,5.0
Movie,Melle,2017,TV-PG,"Dramas, International Movies, Romantic Movies",110.0,0,2,1.0
TV Show,Melodies of Life - Born This Way,2016,TV-14,"International TV Shows, Romantic TV Shows, TV Comedies",0.0,1,3,17.0
Movie,Melvin Goes to Dinner,2003,R,"Comedies, Dramas, Independent Movies",84.0,0,2,10.0
Movie,Memoir of a Murderer,2017,TV-MA,"Dramas, International Movies, Thrillers",118.0,0,2,7.0
Movie,Memory Games,2018,TV-14,Documentaries,86.0,0,2,12.0
Movie,Men in Black,1997,PG-13,"Action & Adventure, Comedies, Sci-Fi & Fantasy",98.0,0,1,1.0
Movie,Men in Black II,2002,PG-13,"Action & Adventure, Comedies, Sci-Fi & Fantasy",88.0,0,1,1.0
Movie,Menorca,2016,TV-MA,"Dramas, Independent Movies",81.0,0,2,3.0
Movie,Merantau,2009,R,"Action & Adventure, Dramas, International Movies",112.0,0,2,10.0
TV Show,Mere Papa Hero Hiralal,2018,TV-14,"International TV Shows, TV Dramas",0.0,1,3,10.0
TV Show,Merlí,2015,TV-MA,"International TV Shows, TV Dramas, Teen TV Shows",0.0,1,3,2.0
Movie,Merry Men: The Real Yoruba Demons,2018,TV-MA,"Comedies, International Movies",106.0,0,2,6.0
TV Show,Mexico Diseña,2016,TV-PG,"International TV Shows, Reality TV, Spanish-Language TV Shows",0.0,1,3,5.0
Movie,Mi Shivajiraje Bhosale Boltoy,2009,TV-14,"Comedies, International Movies, Sci-Fi & Fantasy",148.0,0,2,4.0
Movie,MI-5,2015,R,"Action & Adventure, Dramas, International Movies",105.0,0,2,10.0
Movie,Middle School: The Worst Years of My Life,2016,PG,"Children & Family Movies, Comedies",92.0,0,2,2.0
TV Show,Midnight Misadventures With Mallika Dua,2018,TV-14,"International TV Shows, Stand-Up Comedy & Talk Shows, TV Comedies",0.0,1,3,17.0
Movie,Midnight Special,2016,PG-13,"Action & Adventure, Sci-Fi & Fantasy",112.0,0,2,14.0
TV Show,Mighty Morphin Alien Rangers,1996,TV-Y7,Kids' TV,0.0,1,3,18.0
Movie,Milk,2008,R,"Dramas, Independent Movies, LGBTQ Movies",128.0,0,2,10.0
TV Show,Mini Wolf,2014,TV-G,Kids' TV,0.0,2,3,13.0
Movie,Minnaminugu the FireFly,2017,TV-14,"Dramas, International Movies",128.0,0,2,15.0
TV Show,Minute to Win It,2013,TV-PG,Reality TV,0.0,1,3,5.0
Movie,Miracle,2004,PG,"Children & Family Movies, Dramas, Sports Movies",136.0,0,2,2.0
Movie,Mirror Mirror,2012,PG,"Children & Family Movies, Comedies",106.0,0,2,2.0
Movie,Mirzya,2016,TV-MA,"Dramas, International Movies, Music & Musicals",129.0,0,2,7.0
TV Show,Miss Dynamite,2015,TV-14,"Crime TV Shows, International TV Shows, Spanish-Language TV Shows",0.0,1,3,11.0
Movie,Miss Hokusai,2015,PG-13,Anime Features,90.0,0,2,14.0
Movie,Miss Julie,2014,PG-13,"Dramas, International Movies",130.0,0,2,9.0
Movie,Miss Me This Christmas,2017,TV-14,Romantic Movies,85.0,0,2,12.0
Movie,Miss Representation,2011,NR,Documentaries,90.0,0,2,18.0
TV Show,Miss Rose,2015,TV-MA,"International TV Shows, Romantic TV Shows, TV Comedies",0.0,1,3,15.0
Movie,Miss Sharon Jones!,2015,TV-MA,"Documentaries, Music & Musicals",94.0,0,2,17.0
Movie,Miss Stevens,2016,NR,"Dramas, Independent Movies",86.0,0,2,3.0
Movie,Mission Control: The Unsung Heroes of Apollo,2017,TV-14,Documentaries,100.0,0,2,12.0
Movie,Mission of Honor,2018,TV-MA,"Action & Adventure, Dramas",107.0,0,2,3.0
Movie,Mission: Destroy Love,2014,TV-PG,"Comedies, International Movies, Romantic Movies",93.0,0,2,1.0
Movie,Mississippi Grind,2015,R,"Dramas, Independent Movies",109.0,0,2,10.0
Movie,Moh Maya Money,2016,TV-MA,"Dramas, Independent Movies, International Movies",109.0,0,2,7.0
Movie,Mohawk,2017,TV-MA,"Action & Adventure, Horror Movies, Independent Movies",92.0,0,2,13.0
Movie,Mojave,2015,R,"Dramas, Independent Movies, Thrillers",93.0,0,2,10.0
Movie,Mokalik (Mechanic),2019,TV-14,"Dramas, International Movies",100.0,0,2,15.0
Movie,Molly's Game,2017,R,Dramas,141.0,0,2,10.0
TV Show,Momo Salon,2014,TV-14,"International TV Shows, Korean TV Shows, Romantic TV Shows",0.0,1,3,12.0
Movie,Mona Lisa Smile,2003,PG-13,Dramas,119.0,0,2,9.0
Movie,Money,2016,R,Thrillers,84.0,0,2,11.0
TV Show,Money for Nothing,2015,TV-PG,"British TV Shows, International TV Shows, Reality TV",0.0,1,3,5.0
Movie,Money Talks,1997,R,"Action & Adventure, Comedies",96.0,0,1,1.0
TV Show,Monkey Planet,2014,TV-PG,"British TV Shows, Docuseries, Science & Nature TV",0.0,1,3,3.0
Movie,Monkey Up,2016,PG,"Children & Family Movies, Comedies",83.0,0,2,2.0
Movie,Monopoly (The Bank Of Luck),2017,TV-MA,"Comedies, International Movies",117.0,0,2,6.0
Movie,Monster Family,2017,PG,Children & Family Movies,93.0,0,2,2.0
Movie,Monster High 13 Wishes,2013,TV-Y7,Children & Family Movies,73.0,0,2,16.0
Movie,"Monster High: Boo York, Boo York",2015,TV-Y7,"Children & Family Movies, Music & Musicals",72.0,0,2,16.0
Movie,Monster High: Escape from Skull Shores,2012,TV-Y7,Children & Family Movies,46.0,0,2,16.0
Movie,Monster High: Freaky Fusion,2014,TV-Y7,Children & Family Movies,74.0,0,2,16.0
Movie,Monster High: Friday Night Frights,2013,TV-Y7,Children & Family Movies,46.0,0,2,16.0
Movie,Monster High: Fright On!,2011,TV-Y7,Children & Family Movies,46.0,0,2,16.0
Movie,"Monster High: Frights, Camera, Action!",2014,TV-Y7,Children & Family Movies,74.0,0,2,16.0
Movie,Monster High: Ghouls Rule,2012,TV-Y7,Children & Family Movies,71.0,0,2,16.0
Movie,Monster High: Great Scarrier Reef,2016,TV-Y7,Children & Family Movies,72.0,0,2,16.0
Movie,Monster High: Haunted,2015,TV-Y7,Children & Family Movies,76.0,0,2,16.0
Movie,Monster High: New Ghoul at School,2010,TV-Y7,Children & Family Movies,23.0,0,2,16.0
Movie,"Monster High: Scaris, City of Frights",2013,TV-G,Children & Family Movies,60.0,0,2,16.0
Movie,Monster High: Why Do Ghouls Fall in Love?,2013,TV-Y7,Children & Family Movies,46.0,0,2,16.0
TV Show,Monster Math Squad,2012,TV-Y,Kids' TV,0.0,2,3,4.0
Movie,Monster-in-Law,2005,PG-13,"Comedies, Romantic Movies",101.0,0,2,14.0
TV Show,Monty Don's French Gardens,2013,TV-G,"British TV Shows, Docuseries, International TV Shows",0.0,1,3,7.0
TV Show,Monty Don's Italian Gardens,2011,TV-G,"British TV Shows, Docuseries, International TV Shows",0.0,1,3,7.0
Movie,Moon,2009,R,"Dramas, Independent Movies, Sci-Fi & Fantasy",97.0,0,2,10.0
Movie,Moonlight,2016,R,"Dramas, Independent Movies, LGBTQ Movies",111.0,0,2,10.0
Movie,Moonwalkers,2015,R,"Action & Adventure, Comedies, International Movies",96.0,0,2,11.0
Movie,Moor,2015,TV-14,"Dramas, Independent Movies, International Movies",135.0,0,2,15.0
Movie,Morris from America,2016,R,"Dramas, Independent Movies, International Movies",91.0,0,2,10.0
Movie,Mortified Nation,2013,TV-MA,Documentaries,84.0,0,2,17.0
Movie,Morya,2011,TV-14,"Dramas, International Movies",121.0,0,2,15.0
Movie,Motu Patlu: King of Kings,2016,TV-Y7-FV,"Children & Family Movies, Comedies",109.0,0,2,2.0
Movie,Mountain,2017,PG,"Action & Adventure, Documentaries, International Movies",74.0,0,2,18.0
Movie,Movie 43,2013,R,Comedies,94.0,0,2,11.0
Movie,Mr. Church,2016,PG-13,Dramas,105.0,0,2,9.0
Movie,Mr. Deeds,2002,PG-13,"Comedies, Romantic Movies",97.0,0,1,1.0
Movie,Mr. Gaga: A True Story of Love and Dance,2015,TV-14,"Documentaries, International Movies",102.0,0,2,12.0
Movie,Mr. Virgin,1984,TV-14,"Comedies, Dramas, International Movies",86.0,0,1,0.0
Movie,Mr. Woodcock,2007,PG-13,Comedies,88.0,0,2,14.0
TV Show,Mr. Young,2013,TV-G,"Kids' TV, TV Comedies",0.0,2,3,13.0
Movie,Ms. Mammy,2012,TV-14,"Comedies, International Movies",90.0,0,2,4.0
Movie,Mud,2012,PG-13,"Dramas, Independent Movies",131.0,0,2,9.0
Movie,Mujhse Shaadi Karogi,2004,TV-PG,"Comedies, International Movies, Romantic Movies",158.0,0,2,1.0
Movie,Mune: Guardian of the Moon,2014,PG,Children & Family Movies,85.0,0,2,2.0
Movie,Muppets Most Wanted,2014,PG,"Children & Family Movies, Comedies",110.0,0,2,2.0
Movie,Murder Party,2007,NR,"Comedies, Cult Movies, Horror Movies",79.0,0,2,14.0
TV Show,Murderous Affairs,2017,TV-MA,"Crime TV Shows, Docuseries",0.0,3,3,16.0
TV Show,Mutant Busters,2017,TV-PG,"Kids' TV, TV Comedies",0.0,2,3,0.0
Movie,Mutiny on the Bounty,1962,TV-PG,"Action & Adventure, Classic Movies, Dramas",185.0,0,1,0.0
Movie,My Babysitter's a Vampire: The Movie,2010,TV-PG,"Children & Family Movies, Comedies",80.0,0,2,2.0
Movie,My Brother ... Nikhil,2005,TV-PG,"Dramas, Independent Movies, International Movies",116.0,0,2,1.0
Movie,My Daddy is in Heaven,2017,TV-14,"Dramas, Faith & Spirituality",95.0,0,2,15.0
Movie,My Dog is My Guide,2013,TV-14,"Comedies, International Movies",99.0,0,2,4.0
Movie,My Entire High School Sinking Into the Sea,2016,PG-13,"Comedies, Independent Movies",77.0,0,2,14.0
Movie,My Ex-Ex,2015,TV-MA,"Comedies, Romantic Movies",91.0,0,2,6.0
Movie,My Honor Was Loyalty,2015,TV-MA,Dramas,115.0,0,2,3.0
TV Show,My Hotter Half,2017,TV-PG,"British TV Shows, International TV Shows, Reality TV",0.0,1,3,5.0
Movie,My Life as a Zucchini,2016,PG-13,"Comedies, Dramas, International Movies",68.0,0,2,9.0
TV Show,My Life My Story,2017,TV-14,"International TV Shows, Stand-Up Comedy & Talk Shows",0.0,1,3,9.0
Movie,My Little Pony Equestria Girls: Friendship Games,2015,TV-Y,"Children & Family Movies, Comedies",72.0,0,2,16.0
Movie,My Little Pony Equestria Girls: Rainbow Rocks,2014,TV-Y,"Children & Family Movies, Comedies",73.0,0,2,16.0
Movie,My Only Mother,2013,TV-14,"Comedies, Dramas, International Movies",104.0,0,2,4.0
Movie,"My Schoolmate, the Barbarian",2001,TV-14,"Action & Adventure, Comedies, International Movies",90.0,0,1,1.0
Movie,My Scientology Movie,2015,TV-MA,Documentaries,99.0,0,2,17.0
Movie,My Sister's Keeper,2009,PG-13,Dramas,109.0,0,2,9.0
TV Show,My Tattoo Addiction,2013,TV-MA,"British TV Shows, Docuseries",0.0,1,3,14.0
Movie,My True Friend,2012,TV-MA,"Action & Adventure, Dramas, International Movies",108.0,0,2,7.0
Movie,My Week with Marilyn,2011,R,"Dramas, Romantic Movies",99.0,0,2,10.0
Movie,My Wife and My Wifey,2014,TV-14,"Comedies, International Movies",99.0,0,2,4.0
TV Show,Mystery Science Theater 3000,1999,TV-14,"TV Comedies, TV Sci-Fi & Fantasy",0.0,1,3,18.0
Movie,Mythily Veendum Varunnu,2017,TV-PG,"Horror Movies, International Movies",88.0,0,2,1.0
Movie,Nacho Libre,2006,PG,"Comedies, Sports Movies",92.0,0,2,2.0
Movie,Naga The Eternal Yogi,2016,TV-PG,"Documentaries, International Movies",73.0,0,2,8.0
Movie,Nails,2017,TV-MA,Horror Movies,85.0,0,2,13.0
Movie,Naledi: A Baby Elephant's Tale,2016,TV-PG,Documentaries,91.0,0,2,8.0
Movie,Namak Halaal,1982,TV-14,"Action & Adventure, Comedies, International Movies",171.0,0,1,0.0
Movie,Namour,2016,NR,"Dramas, Independent Movies",80.0,0,2,3.0
Movie,Naruto Shippuden : Blood Prison,2011,TV-14,"Action & Adventure, Anime Features, International Movies",102.0,0,2,0.0
Movie,Natalia Valdebenito: Gritona,2017,TV-MA,Stand-Up Comedy,76.0,0,2,5.0
Movie,National Bird,2016,TV-MA,Documentaries,92.0,0,2,17.0
Movie,National Lampoon's Loaded Weapon 1,1993,PG-13,"Action & Adventure, Comedies, Independent Movies",82.0,0,1,1.0
Movie,National Parks Adventure,2016,TV-G,Documentaries,42.0,0,2,18.0
Movie,National Treasure,2004,PG,"Action & Adventure, Children & Family Movies",131.0,0,2,2.0
Movie,Natsamrat - Asa Nat Hone Nahi,2016,TV-14,"Dramas, International Movies",165.0,0,2,15.0
Movie,Natural Born Pranksters,2016,R,Comedies,91.0,0,2,11.0
Movie,Natural Selection,2015,R,"Dramas, Independent Movies",101.0,0,2,10.0
TV Show,Nature: Animals With Cameras,2018,TV-PG,"Docuseries, Science & Nature TV",0.0,1,3,3.0
TV Show,NATURE: Natural Born Hustlers,2016,TV-G,"Docuseries, Science & Nature TV",0.0,1,3,3.0
Movie,Nature: Raising the Dinosaur Giant,2016,TV-G,Documentaries,53.0,0,2,18.0
TV Show,Nature's Great Events (2009),2009,TV-PG,"British TV Shows, Docuseries, Science & Nature TV",0.0,1,3,3.0
TV Show,Nature's Great Events: Diaries,2009,TV-PG,"British TV Shows, Docuseries, Science & Nature TV",0.0,1,3,3.0
TV Show,Nature's Great Race,2016,TV-PG,"British TV Shows, Docuseries, Science & Nature TV",0.0,1,3,3.0
TV Show,Nature's Weirdest Events,2015,TV-PG,"British TV Shows, Docuseries, Science & Nature TV",0.0,3,3,3.0
Movie,Nazi Concentration Camps,1945,TV-MA,"Classic Movies, Documentaries",59.0,0,1,0.0
TV Show,Nazi Mega Weapons,2016,TV-PG,Docuseries,0.0,3,3,8.0
Movie,Neruda,2016,R,"Dramas, International Movies",108.0,0,2,10.0
Movie,Never Heard,2018,TV-PG,"Dramas, Faith & Spirituality",89.0,0,2,1.0
Movie,New York Minute,2004,PG,"Children & Family Movies, Comedies",91.0,0,2,2.0
Movie,Newtown,2016,NR,Documentaries,84.0,0,2,18.0
Movie,Next,2007,PG-13,"Action & Adventure, Sci-Fi & Fantasy",96.0,0,2,14.0
Movie,Nibunan,2017,TV-14,"Action & Adventure, Dramas, International Movies",124.0,0,2,15.0
Movie,Night Comes On,2018,TV-MA,"Dramas, Independent Movies",87.0,0,2,3.0
Movie,Night Moves,2013,R,"Dramas, Independent Movies, Thrillers",113.0,0,2,10.0
Movie,Nightcrawler,2014,R,"Dramas, Independent Movies, Thrillers",118.0,0,2,10.0
TV Show,"Nightmare Tenants, Slum Landlords",2016,TV-MA,"British TV Shows, International TV Shows, Reality TV",0.0,2,3,5.0
Movie,Nights in Rodanthe,2008,PG-13,"Dramas, Romantic Movies",97.0,0,2,9.0
TV Show,Ninja Hattori,1981,TV-Y7,"Anime Series, Kids' TV",0.0,1,1,0.0
TV Show,Ninja Turtles: The Next Mutation,1997,TV-G,"Kids' TV, TV Comedies",0.0,1,3,18.0
Movie,No Entry,2005,TV-PG,"Comedies, International Movies",161.0,0,2,1.0
Movie,No Estoy Loca,2018,TV-MA,"Comedies, Dramas, International Movies",116.0,0,2,7.0
Movie,No Reservations,2007,PG,"Comedies, Romantic Movies",104.0,0,2,2.0
TV Show,Nobel,2016,R,"International TV Shows, TV Dramas, TV Thrillers",0.0,1,3,10.0
Movie,Norm of the North: Family Vacation,2020,TV-Y7,Children & Family Movies,89.0,0,2,16.0
Movie,Norm of the North: Keys to the Kingdom,2019,TV-PG,Children & Family Movies,92.0,0,2,16.0
Movie,Norm of the North: King Sized Adventure,2019,TV-PG,"Children & Family Movies, Comedies",90.0,0,2,2.0
TV Show,North & South,2004,NR,"British TV Shows, Romantic TV Shows, TV Dramas",0.0,1,3,18.0
Movie,Not Alone,2017,TV-14,Documentaries,50.0,0,2,12.0
Movie,NOVA: Bird Brain,2017,TV-G,"Children & Family Movies, Documentaries",53.0,0,2,18.0
Movie,NOVA: Black Hole Apocalypse,2018,TV-G,Documentaries,113.0,0,2,18.0
Movie,NOVA: Building Chernobyl's MegaTomb,2017,TV-PG,Documentaries,53.0,0,2,8.0
Movie,NOVA: Chinese Chariot Revealed,2017,TV-PG,Documentaries,54.0,0,2,8.0
Movie,NOVA: Day the Dinosaurs Died,2017,TV-PG,Documentaries,53.0,0,2,8.0
Movie,NOVA: Death Dive to Saturn,2017,TV-G,Documentaries,54.0,0,2,18.0
Movie,NOVA: Decoding the Weather Machine,2018,TV-14,Documentaries,113.0,0,2,12.0
Movie,NOVA: Eclipse Over America,2017,TV-G,Documentaries,53.0,0,2,18.0
Movie,NOVA: Extreme Animal Weapons,2017,TV-PG,Documentaries,53.0,0,2,8.0
Movie,NOVA: First Face of America,2018,TV-PG,Documentaries,53.0,0,2,8.0
Movie,NOVA: Holocaust Escape Tunnel,2017,TV-14,Documentaries,54.0,0,2,12.0
Movie,NOVA: Killer Floods,2017,TV-PG,Documentaries,54.0,0,2,8.0
Movie,NOVA: Killer Hurricanes,2017,TV-PG,Documentaries,52.0,0,2,8.0
Movie,NOVA: Killer Volcanoes,2017,TV-PG,Documentaries,54.0,0,2,8.0
Movie,NOVA: Poisoned Water,2017,TV-PG,Documentaries,54.0,0,2,8.0
Movie,NOVA: Prediction by the Numbers,2018,TV-G,Documentaries,53.0,0,2,18.0
Movie,NOVA: Secrets of the Shining Knight,2017,TV-PG,Documentaries,53.0,0,2,8.0
Movie,NOVA: Thai Cave Rescue,2018,TV-PG,Documentaries,53.0,0,2,8.0
Movie,NOVA: The Impossible Flight,2018,TV-PG,Documentaries,113.0,0,2,8.0
Movie,Nova: Ultimate Mars Challenge,2012,TV-G,Movies,53.0,0,2,18.0
Movie,November Criminals,2017,PG-13,"Dramas, Thrillers",86.0,0,2,9.0
Movie,Now and Then,1995,PG-13,Dramas,102.0,0,1,1.0
Movie,Now More Than Ever: The History of Chicago,2016,TV-MA,"Documentaries, Music & Musicals",114.0,0,2,17.0
Movie,Nowhere Boy,2009,R,Dramas,99.0,0,2,10.0
TV Show,NSU German History X,2016,TV-MA,"Crime TV Shows, International TV Shows, TV Dramas",0.0,1,3,2.0
TV Show,Nuestra Lucha Libre,2018,TV-MA,"Docuseries, International TV Shows, Spanish-Language TV Shows",0.0,1,3,14.0
Movie,Numbered,2012,TV-PG,"Documentaries, International Movies",55.0,0,2,8.0
Movie,Numero Zero. The Roots of Italian Rap,2015,TV-MA,"Documentaries, International Movies, Music & Musicals",91.0,0,2,17.0
TV Show,Nura: Rise of the Yokai Clan: Demon Capital,2011,TV-MA,"Anime Series, Crime TV Shows",0.0,1,3,9.0
TV Show,Nurse Jackie,2015,TV-MA,"TV Comedies, TV Dramas",0.0,7,0,1.0
TV Show,Nurses Who Kill,2016,TV-14,"British TV Shows, Crime TV Shows, Docuseries",0.0,1,3,6.0
Movie,Nymphomaniac: Volume 1,2013,NR,"Dramas, Independent Movies, International Movies",117.0,0,2,7.0
Movie,Nymphomaniac: Volume II,2013,TV-MA,"Dramas, Independent Movies, International Movies",124.0,0,2,7.0
TV Show,"O-Negative, Love Can’t Be Designed",2016,TV-MA,"International TV Shows, Romantic TV Shows, TV Dramas",0.0,1,3,2.0
Movie,Oasis: Supersonic,2016,R,"Documentaries, International Movies, Music & Musicals",122.0,0,2,18.0
Movie,Obvious Child,2014,R,"Comedies, Dramas, Independent Movies",84.0,0,2,10.0
Movie,Océans,2009,G,"Documentaries, International Movies",84.0,0,2,18.0
Movie,Occupation,2018,R,"Action & Adventure, Sci-Fi & Fantasy",120.0,0,2,11.0
Movie,Ocean's Eleven,1960,TV-PG,"Action & Adventure, Classic Movies, Comedies",127.0,0,1,0.0
Movie,Ocean's Thirteen,2007,PG-13,"Action & Adventure, Comedies",122.0,0,2,14.0
Movie,Ocean's Twelve,2004,PG-13,"Action & Adventure, Comedies",125.0,0,2,14.0
TV Show,OCTB,2017,TV-14,"Crime TV Shows, International TV Shows, TV Dramas",0.0,1,3,10.0
Movie,Off Course,2015,TV-MA,"Comedies, International Movies",107.0,0,2,6.0
Movie,Officer Downe,2016,R,Action & Adventure,91.0,0,2,11.0
Movie,Oh My Ghost 2,2011,TV-MA,"Comedies, Horror Movies, International Movies",103.0,0,2,6.0
Movie,Oh My Ghost 3,2012,TV-MA,"Comedies, Horror Movies, International Movies",103.0,0,2,6.0
Movie,Oh My Ghost 4,2015,TV-MA,"Comedies, Horror Movies, International Movies",106.0,0,2,6.0
TV Show,Oh No! It's an Alien Invasion,2014,TV-Y7-FV,"Kids' TV, TV Action & Adventure, TV Sci-Fi & Fantasy",0.0,2,3,13.0
Movie,Oklahoma City,2017,TV-14,Documentaries,102.0,0,2,12.0
TV Show,Oliver Stone's Untold History of the United States,2013,TV-PG,Docuseries,0.0,1,3,7.0
TV Show,Ollie & Moon,2018,TV-Y,Kids' TV,0.0,1,3,4.0
Movie,Omar and Salma 3,2012,TV-MA,"Comedies, International Movies, Romantic Movies",97.0,0,2,6.0
Movie,On the Wrong Track,1983,TV-14,"Action & Adventure, International Movies",89.0,0,1,0.0
Movie,On Yoga The Architecture of Peace,2017,TV-14,"Documentaries, Faith & Spirituality",92.0,0,2,12.0
Movie,Onaatah,2016,TV-14,"Dramas, International Movies",107.0,0,2,15.0
Movie,Once In A Lifetime Sessions with Moby,2018,TV-14,"Documentaries, Music & Musicals",86.0,0,2,12.0
Movie,Once In A Lifetime Sessions with Nile Rodgers,2018,TV-PG,"Documentaries, Music & Musicals",70.0,0,2,8.0
Movie,Once In A Lifetime Sessions with Noel Gallagher,2018,TV-MA,"Documentaries, Music & Musicals",66.0,0,2,17.0
Movie,Once In A Lifetime Sessions with TLC,2018,TV-PG,"Documentaries, Music & Musicals",72.0,0,2,8.0
Movie,Once Upon a Time in London,2019,TV-MA,"Dramas, International Movies",111.0,0,2,7.0
Movie,Once Upon a Time in the West,1968,PG-13,"Action & Adventure, Classic Movies, International Movies",166.0,0,1,0.0
Movie,One Day,2016,TV-PG,"Dramas, International Movies, Romantic Movies",135.0,0,2,1.0
Movie,One Direction: This Is Us,2013,PG,"Documentaries, Music & Musicals",92.0,0,2,18.0
Movie,One Heart: The A.R. Rahman Concert Film,2017,TV-G,"Documentaries, International Movies, Music & Musicals",87.0,0,2,18.0
Movie,One Last Thing,2018,TV-MA,Dramas,92.0,0,2,3.0
Movie,One More Shot,2017,TV-MA,Documentaries,89.0,0,2,17.0
Movie,One Night Stand,2016,TV-MA,"Dramas, International Movies, Music & Musicals",93.0,0,2,7.0
TV Show,One Strange Rock,2018,TV-PG,"Docuseries, Science & Nature TV",0.0,1,3,3.0
Movie,Only God Forgives,2013,R,"Cult Movies, Independent Movies, Thrillers",90.0,0,2,11.0
Movie,Only the Dead,2015,TV-MA,"Documentaries, International Movies",76.0,0,2,17.0
Movie,Open Season,2006,PG,"Children & Family Movies, Comedies",86.0,0,2,2.0
Movie,Operation Chromite,2016,NR,"Action & Adventure, Dramas, International Movies",111.0,0,2,15.0
TV Show,Operation Gold Rush,2016,TV-14,"British TV Shows, Reality TV",0.0,1,3,5.0
Movie,Operation Mekong,2016,TV-MA,"Action & Adventure, International Movies",124.0,0,2,13.0
Movie,Operation Odessa,2018,TV-MA,Documentaries,93.0,0,2,17.0
TV Show,Operation Ouch!,2012,TV-PG,"British TV Shows, Kids' TV, TV Comedies",0.0,1,3,0.0
TV Show,Operation Proposal,2012,TV-PG,"International TV Shows, Korean TV Shows, Romantic TV Shows",0.0,1,3,12.0
Movie,Operation Red Sea,2018,TV-MA,"Action & Adventure, International Movies",139.0,0,2,13.0
Movie,Operator,2016,TV-MA,"Comedies, Dramas, Independent Movies",91.0,0,2,3.0
Movie,Opium and the Kung Fu Master,1984,TV-MA,"Action & Adventure, International Movies",86.0,0,1,0.0
TV Show,Origins Collection,2018,TV-PG,Docuseries,0.0,3,3,8.0
Movie,Oru Vishsheshapetta Biryani Kissa,2017,TV-14,"Comedies, Dramas, International Movies",122.0,0,2,4.0
Movie,OtherLife,2017,TV-MA,"Dramas, Independent Movies, International Movies",96.0,0,2,7.0
Movie,Ottaal,2014,TV-PG,"Dramas, International Movies",88.0,0,2,1.0
Movie,Our Godfather,2019,TV-MA,"Documentaries, International Movies",93.0,0,2,17.0
Movie,Our House,2018,PG-13,"Horror Movies, Thrillers",90.0,0,2,14.0
Movie,Our Shining Days,2017,TV-PG,"Comedies, Dramas, International Movies",103.0,0,2,1.0
Movie,Outlawed,2018,TV-MA,Action & Adventure,102.0,0,2,13.0
Movie,P,2006,TV-MA,"Horror Movies, International Movies",105.0,0,2,13.0
Movie,P Se PM Tak,2015,TV-14,"Comedies, Independent Movies, International Movies",117.0,0,2,4.0
TV Show,P. King Duckling,2016,TV-Y,"Kids' TV, TV Comedies",0.0,1,3,4.0
Movie,P.S. I Love You,2007,PG-13,"Dramas, Romantic Movies",126.0,0,2,9.0
Movie,Paathi,2017,TV-14,"Dramas, International Movies",89.0,0,2,15.0
Movie,Pablo Escobar: Angel or Demon?,2007,NR,"Documentaries, International Movies",82.0,0,2,18.0
TV Show,Pacific Heat,2016,TV-14,"Crime TV Shows, TV Comedies",0.0,1,3,17.0
Movie,Pahuyut Fighting Beat,2007,TV-MA,"Action & Adventure, International Movies",82.0,0,2,13.0
Movie,Paid in Full,2002,R,"Action & Adventure, Dramas",98.0,0,1,1.0
Movie,Paint It Black,2016,R,Dramas,96.0,0,2,10.0
Movie,Painted Faces,1988,TV-PG,"Dramas, International Movies",108.0,0,1,1.0
TV Show,Pajanimals,2011,TV-Y,Kids' TV,0.0,1,3,4.0
Movie,Palio,2015,TV-14,"Documentaries, International Movies, Sports Movies",91.0,0,2,12.0
Movie,Palm Trees in the Snow,2015,TV-MA,"Dramas, International Movies, Romantic Movies",163.0,0,2,7.0
Movie,Panic Room,2002,R,Thrillers,112.0,0,1,1.0
Movie,Papa the Great,2000,TV-PG,"Comedies, Dramas, International Movies",137.0,0,1,1.0
Movie,Paper Year,2018,TV-MA,"Dramas, Independent Movies, Romantic Movies",89.0,0,2,3.0
Movie,Paranormal Activity,2007,R,"Horror Movies, Thrillers",86.0,0,2,11.0
TV Show,Paranormal Survivor,2016,TV-14,Docuseries,0.0,2,3,6.0
Movie,Pardes,1997,TV-14,"Dramas, International Movies, Romantic Movies",187.0,0,1,1.0
Movie,Pareeth Pandaari,2017,TV-PG,"Dramas, Independent Movies, International Movies",109.0,0,2,1.0
Movie,Paris Is Burning,1990,R,"Classic Movies, Cult Movies, Documentaries",77.0,0,1,1.0
TV Show,Parks and Recreation,2015,TV-14,TV Comedies,0.0,7,0,1.0
TV Show,Pasión de Gavilanes,2003,TV-14,"International TV Shows, Romantic TV Shows, Spanish-Language TV Shows",0.0,1,3,18.0
Movie,Passenger 57,1992,R,Action & Adventure,84.0,0,1,1.0
Movie,Patiala House,2011,TV-PG,"Dramas, International Movies, Sports Movies",140.0,0,2,1.0
Movie,Patient Seventeen,2017,TV-14,Documentaries,68.0,0,2,12.0
Movie,Patriot Games,1992,R,Action & Adventure,117.0,0,1,1.0
Movie,Patron Mutlu Son Istiyor,2014,TV-MA,"Comedies, International Movies, Romantic Movies",105.0,0,2,6.0
Movie,Paul Blart: Mall Cop,2009,PG,"Action & Adventure, Comedies",91.0,0,2,2.0
Movie,Paulettante Veedu,2016,TV-14,"Dramas, International Movies",104.0,0,2,15.0
TV Show,Pawn Stars,2010,TV-14,Reality TV,0.0,1,3,5.0
Movie,Paying Guests,2009,TV-14,"Comedies, International Movies",114.0,0,2,4.0
Movie,Pee Mak,2013,TV-MA,"Comedies, Horror Movies, International Movies",112.0,0,2,6.0
TV Show,Pee-wee's Playhouse,1990,TV-PG,"Classic & Cult TV, Kids' TV, TV Comedies",0.0,5,0,0.0
Movie,Pee-wee's Playhouse: Christmas Special,1988,TV-PG,Movies,48.0,0,1,1.0
Movie,Pekak,2016,TV-MA,"Dramas, International Movies",95.0,0,2,7.0
Movie,Penelope,2006,PG,"Children & Family Movies, Comedies, Romantic Movies",89.0,0,2,2.0
TV Show,Penny Dreadful,2016,TV-MA,"TV Dramas, TV Horror, TV Mysteries",0.0,3,3,16.0
Movie,People You May Know,2016,TV-MA,"Dramas, LGBTQ Movies",108.0,0,2,3.0
Movie,Perfect Bid: The Contestant Who Knew Too Much,2017,TV-MA,Documentaries,72.0,0,2,17.0
Movie,Perfect Stranger,2007,R,Thrillers,109.0,0,2,11.0
TV Show,Person of Interest,2016,TV-14,"Crime TV Shows, TV Action & Adventure, TV Dramas",0.0,5,0,0.0
Movie,Personal Shopper,2016,R,"Dramas, International Movies, Thrillers",105.0,0,2,10.0
Movie,Peter and the Farm,2016,TV-MA,Documentaries,92.0,0,2,17.0
Movie,Peter Rabbit,2018,PG,"Children & Family Movies, Comedies",95.0,0,2,2.0
Movie,Phamous,2018,TV-MA,"Dramas, International Movies, Thrillers",108.0,0,2,7.0
Movie,Phantom Boy,2015,PG,"Action & Adventure, Dramas, International Movies",85.0,0,2,7.0
Movie,Philadelphia,1993,PG-13,"Classic Movies, Dramas, LGBTQ Movies",126.0,0,1,1.0
Movie,Phir Se,2015,TV-14,"International Movies, Romantic Movies",118.0,0,2,0.0
Movie,Phobia 2,2009,TV-MA,"Horror Movies, International Movies",125.0,0,2,13.0
Movie,Phone Swap,2012,TV-14,"Comedies, International Movies, Romantic Movies",112.0,0,2,4.0
Movie,Phullu,2017,TV-14,"Dramas, Independent Movies, International Movies",96.0,0,2,15.0
Movie,Pick of the Litter,2018,TV-PG,"Children & Family Movies, Documentaries",81.0,0,2,8.0
Movie,Pierre Jackson,2018,TV-MA,Romantic Movies,81.0,0,2,5.0
Movie,Pimpal,2017,TV-PG,"Dramas, Independent Movies, International Movies",92.0,0,2,1.0
TV Show,Pioneers of African-American Cinema,1946,TV-14,TV Shows,0.0,1,1,0.0
Movie,Pitaah,2002,TV-MA,"Dramas, International Movies, Music & Musicals",127.0,0,2,7.0
Movie,"Pizza, birra, faso",1998,TV-MA,"Dramas, International Movies",81.0,0,1,1.0
Movie,"Plaire, aimer et courir vite",2018,TV-MA,"Dramas, Independent Movies, International Movies",133.0,0,2,7.0
TV Show,Planet Earth II,2016,TV-G,"British TV Shows, Docuseries, Science & Nature TV",0.0,1,3,3.0
TV Show,Planet Earth: The Complete Collection,2006,TV-PG,"British TV Shows, Docuseries, International TV Shows",0.0,1,3,7.0
Movie,Planet Hulk,2010,TV-14,"Action & Adventure, Sci-Fi & Fantasy",81.0,0,2,0.0
Movie,Planetarium,2016,TV-MA,"Dramas, International Movies",108.0,0,2,7.0
Movie,Platoon,1986,R,"Action & Adventure, Classic Movies, Dramas",120.0,0,1,1.0
Movie,Playing for Time,1980,TV-14,Dramas,149.0,0,1,0.0
Movie,Playing Hard,2018,TV-MA,"Documentaries, International Movies",92.0,0,2,17.0
Movie,Pope Francis: A Man of His Word,2018,PG,"Documentaries, Faith & Spirituality, International Movies",96.0,0,2,18.0
Movie,Popeye,1980,PG,"Action & Adventure, Children & Family Movies, Comedies",114.0,0,1,0.0
TV Show,Portlandia,2018,TV-14,TV Comedies,0.0,8,0,1.0
Movie,Porto,2016,TV-MA,"Dramas, Independent Movies, Romantic Movies",77.0,0,2,3.0
Movie,Postcards from London,2018,TV-MA,"Dramas, Independent Movies, LGBTQ Movies",90.0,0,2,3.0
TV Show,Powder,2010,TV-14,"Crime TV Shows, International TV Shows, TV Dramas",0.0,1,3,10.0
TV Show,Power Battle Watch Car,2016,TV-Y7,"Kids' TV, Korean TV Shows",0.0,1,3,13.0
TV Show,Power Rangers Dino Charge,2015,TV-Y7,Kids' TV,0.0,1,3,13.0
TV Show,Power Rangers Dino Super Charge,2016,TV-Y7,Kids' TV,0.0,1,3,13.0
TV Show,Power Rangers Dino Thunder,2004,TV-Y7,Kids' TV,0.0,1,3,18.0
TV Show,Power Rangers in Space,1998,TV-Y7,Kids' TV,0.0,1,3,18.0
TV Show,Power Rangers Jungle Fury,2008,TV-Y7,Kids' TV,0.0,1,3,13.0
TV Show,Power Rangers Lightspeed Rescue,2000,TV-Y7,Kids' TV,0.0,1,3,18.0
TV Show,Power Rangers Lost Galaxy,1999,TV-Y7,Kids' TV,0.0,1,3,18.0
TV Show,Power Rangers Mystic Force,2006,TV-Y7,Kids' TV,0.0,1,3,18.0
TV Show,Power Rangers Ninja Storm,2003,TV-Y7,Kids' TV,0.0,1,3,18.0
TV Show,Power Rangers Operation Overdrive,2007,TV-Y7,Kids' TV,0.0,1,3,18.0
TV Show,Power Rangers RPM,2009,TV-Y7,Kids' TV,0.0,1,3,13.0
TV Show,Power Rangers S.P.D.,2005,TV-Y7,Kids' TV,0.0,1,3,18.0
TV Show,Power Rangers Samurai,2011,TV-Y7,Kids' TV,0.0,1,3,13.0
Movie,"Power Rangers Samurai: Christmas Together, Friends Forever (Christmas Special)",2011,TV-Y7,Movies,24.0,0,2,16.0
Movie,Power Rangers Samurai: Clash of the Red Rangers,2011,TV-Y7,Children & Family Movies,46.0,0,2,16.0
Movie,Power Rangers Samurai: Party Monsters (Halloween Special),2011,TV-Y7,Movies,24.0,0,2,16.0
TV Show,Power Rangers Super Megaforce,2014,TV-Y7,Kids' TV,0.0,1,3,13.0
Movie,Power Rangers Super Megaforce: The Legendary Battle (Extended),2014,TV-Y7,Movies,55.0,0,2,16.0
TV Show,Power Rangers Super Samurai,2012,TV-Y7,Kids' TV,0.0,1,3,13.0
Movie,Power Rangers Super Samurai: Stuck on Christmas,2012,TV-Y7,"Children & Family Movies, Sci-Fi & Fantasy",24.0,0,2,16.0
Movie,Power Rangers Super Samurai: Trickster Treat,2012,TV-Y7,Movies,23.0,0,2,16.0
TV Show,Power Rangers Time Force,2001,TV-Y7,Kids' TV,0.0,1,3,18.0
TV Show,Power Rangers Turbo,1997,TV-Y7,Kids' TV,0.0,1,3,18.0
TV Show,Power Rangers Wild Force,2002,TV-Y7,Kids' TV,0.0,1,3,18.0
TV Show,Power Rangers Zeo,1996,TV-Y7,Kids' TV,0.0,1,3,18.0
TV Show,Power Rangers: Megaforce,2013,TV-Y7,Kids' TV,0.0,1,3,13.0
Movie,Power Rangers: Megaforce: Raising Spirits,2013,TV-Y7,Children & Family Movies,24.0,0,2,16.0
Movie,Power Rangers: Megaforce: The Robo Knight Before Christmas,2013,TV-Y7,Children & Family Movies,24.0,0,2,16.0
Movie,Prague,2013,TV-MA,"Dramas, Independent Movies, International Movies",106.0,0,2,7.0
Movie,Prelude to War,1942,TV-14,"Classic Movies, Documentaries",52.0,0,1,0.0
Movie,Premachi Goshta,2013,TV-14,"International Movies, Romantic Movies",127.0,0,2,0.0
Movie,Prescription Thugs,2015,NR,Documentaries,86.0,0,2,18.0
Movie,Primal Fear,1996,R,"Dramas, Thrillers",131.0,0,1,1.0
Movie,Prince Charming,1984,TV-14,"Comedies, International Movies, Romantic Movies",93.0,0,1,0.0
TV Show,Prince Jai Aur Dumdaar Viru,2017,TV-Y,"Kids' TV, TV Comedies",0.0,1,3,4.0
Movie,Princess Cyd,2017,TV-MA,"Dramas, Independent Movies, LGBTQ Movies",97.0,0,2,3.0
Movie,Professor Mack,2018,TV-MA,"Comedies, Romantic Movies",84.0,0,2,6.0
TV Show,Prohibition: A Film by Ken Burns and Lynn Novick,2011,TV-PG,"Crime TV Shows, Docuseries",0.0,1,3,7.0
Movie,Prosecuting Evil: The Extraordinary World of Ben Ferencz,2019,TV-MA,Documentaries,83.0,0,2,17.0
TV Show,Psiconautas,2016,TV-MA,"International TV Shows, Spanish-Language TV Shows, TV Comedies",0.0,2,3,15.0
Movie,Pukar,2000,TV-14,"Action & Adventure, Dramas, International Movies",165.0,0,1,1.0
Movie,Pulp Fiction,1994,R,"Classic Movies, Cult Movies, Dramas",154.0,0,1,1.0
Movie,Punjab 1984,2014,TV-14,"Dramas, International Movies",158.0,0,2,15.0
Movie,Pusher,2012,R,Action & Adventure,89.0,0,2,11.0
Movie,Pyaar Ka Punchnama,2011,TV-14,"Comedies, Dramas, International Movies",149.0,0,2,4.0
TV Show,Pyaar Tune Kya Kiya,2014,TV-14,"International TV Shows, Romantic TV Shows, TV Dramas",0.0,3,3,8.0
Movie,Q Ball,2019,TV-MA,"Documentaries, Sports Movies",96.0,0,2,17.0
TV Show,Qué pena tu serie,2015,TV-MA,"International TV Shows, Romantic TV Shows, Spanish-Language TV Shows",0.0,1,3,11.0
Movie,Quantum of Solace,2008,PG-13,Action & Adventure,106.0,0,2,14.0
TV Show,Queen of No Marriage,2009,TV-MA,"International TV Shows, Romantic TV Shows, TV Comedies",0.0,1,3,15.0
Movie,Queen of the Desert,2015,PG-13,Dramas,128.0,0,2,9.0
TV Show,Queens of Comedy,2017,TV-MA,"International TV Shows, Stand-Up Comedy & Talk Shows, TV Comedies",0.0,1,3,15.0
TV Show,Queens vs. Kings,2018,TV-14,"Stand-Up Comedy & Talk Shows, TV Comedies",0.0,1,3,17.0
Movie,R.L. Stine's Mostly Ghostly,2008,PG,"Children & Family Movies, Comedies",98.0,0,2,2.0
TV Show,Rab Se Sohna Isshq,2012,TV-14,"International TV Shows, Romantic TV Shows, TV Dramas",0.0,1,3,10.0
Movie,Race to Witch Mountain,2009,PG,Children & Family Movies,99.0,0,2,2.0
Movie,Rachel Getting Married,2008,R,"Dramas, Independent Movies",113.0,0,2,10.0
Movie,Radical: the Controversial Saga of Dada Figueiredo,2013,TV-MA,"Documentaries, International Movies, Sports Movies",71.0,0,2,17.0
Movie,Radiopetti,2015,TV-PG,"Dramas, International Movies",83.0,0,2,1.0
Movie,Raging Bull,1980,R,"Classic Movies, Dramas, Sports Movies",129.0,0,1,0.0
Movie,Rahasya,2015,TV-14,"Dramas, International Movies",117.0,0,2,15.0
Movie,Raiders!: The Story of the Greatest Fan Film Ever Made,2015,NR,Documentaries,93.0,0,2,18.0
Movie,Railroad Tigers,2016,TV-14,"Action & Adventure, Comedies, International Movies",124.0,0,2,4.0
Movie,Raja Hindustani,1996,TV-14,"Dramas, International Movies, Romantic Movies",177.0,0,1,1.0
Movie,Rajnigandha,1974,TV-PG,"Comedies, Dramas, Independent Movies",104.0,0,1,0.0
Movie,Ralph Breaks the Internet: Wreck-It Ralph 2,2018,PG,"Children & Family Movies, Comedies",113.0,0,2,2.0
Movie,Ram Teri Ganga Maili,1985,TV-14,"Classic Movies, Dramas, International Movies",178.0,0,1,0.0
TV Show,Ramayan,2012,TV-14,"International TV Shows, TV Dramas",0.0,1,3,10.0
Movie,Ramen Shop,2018,TV-PG,"Dramas, International Movies",90.0,0,2,1.0
Movie,Ramji Londonwaley,2005,TV-14,"Comedies, Dramas, International Movies",154.0,0,2,4.0
Movie,Rampant,2018,TV-MA,"Action & Adventure, Horror Movies, International Movies",122.0,0,2,13.0
Movie,Ranbhool,2010,TV-MA,"Horror Movies, International Movies, Thrillers",115.0,0,2,13.0
Movie,Rangreza,2017,TV-14,"Dramas, International Movies, Music & Musicals",126.0,0,2,15.0
Movie,Rats,2016,NR,Documentaries,88.0,0,2,18.0
TV Show,Razia Sultan,2015,TV-14,"International TV Shows, Romantic TV Shows, TV Dramas",0.0,1,3,10.0
Movie,Reaction,2011,TV-14,"Dramas, International Movies",99.0,0,2,15.0
Movie,Ready,2011,TV-PG,"Comedies, International Movies, Romantic Movies",144.0,0,2,1.0
TV Show,Reality of Dream,2015,TV-MA,"International TV Shows, Romantic TV Shows, TV Dramas",0.0,1,3,2.0
Movie,Rebel Without a Cause,1955,PG-13,"Classic Movies, Dramas",111.0,0,1,0.0
TV Show,Rebelde,2004,TV-14,"International TV Shows, Romantic TV Shows, Spanish-Language TV Shows",0.0,1,3,18.0
Movie,Recall,2018,TV-MA,Dramas,73.0,0,2,3.0
TV Show,Rectify,2016,TV-MA,"Crime TV Shows, TV Dramas, TV Mysteries",0.0,4,0,0.0
Movie,Red Christmas,2016,TV-MA,Horror Movies,81.0,0,2,13.0
Movie,Red Dawn,1984,PG-13,"Action & Adventure, Cult Movies",114.0,0,1,1.0
Movie,Red Oleanders Raktokarobi,2017,TV-14,"Dramas, International Movies",112.0,0,2,15.0
Movie,Red Trees,2017,TV-PG,"Documentaries, International Movies",80.0,0,2,8.0
TV Show,Red vs. Blue,2015,NR,"TV Action & Adventure, TV Comedies, TV Sci-Fi & Fantasy",0.0,13,0,1.0
Movie,Refugee,2016,TV-PG,Documentaries,24.0,0,2,8.0
Movie,Regatta,2015,TV-MA,"Action & Adventure, Dramas, International Movies",100.0,0,2,7.0
TV Show,Reggie Yates Outside Man,2017,TV-MA,"British TV Shows, Docuseries, International TV Shows",0.0,2,3,14.0
Movie,Reincarnated,2012,R,"Documentaries, Music & Musicals",96.0,0,2,18.0
Movie,Rembat,2015,TV-PG,"Action & Adventure, Comedies, International Movies",88.0,0,2,1.0
Movie,Remember,2015,R,"Action & Adventure, Dramas",95.0,0,2,10.0
Movie,Remember Me,2010,PG-13,"Dramas, Romantic Movies",112.0,0,2,9.0
Movie,Rememory,2017,PG-13,"Dramas, Sci-Fi & Fantasy",112.0,0,2,9.0
TV Show,Republic of Doyle,2014,TV-14,"Crime TV Shows, TV Comedies, TV Dramas",0.0,6,0,0.0
Movie,Resident Evil: Afterlife,2010,R,"Action & Adventure, Horror Movies, Sci-Fi & Fantasy",97.0,0,2,11.0
Movie,Residente,2017,TV-MA,"Documentaries, Music & Musicals",97.0,0,2,17.0
Movie,Restless Creature: Wendy Whelan,2016,TV-MA,Documentaries,94.0,0,2,17.0
Movie,Return To The 36th Chamber,1980,R,"Action & Adventure, Comedies, International Movies",97.0,0,1,0.0
Movie,Revelations,2016,NR,"Dramas, International Movies",118.0,0,2,15.0
TV Show,Revenge,2017,TV-MA,"Crime TV Shows, International TV Shows, TV Dramas",0.0,1,3,2.0
Movie,Revenge of the Green Dragons,2014,R,"Action & Adventure, Dramas, Independent Movies",95.0,0,2,10.0
TV Show,Revolting Rhymes,2017,TV-PG,"British TV Shows, Kids' TV",0.0,1,3,0.0
Movie,Revolutionary Road,2008,R,"Dramas, Romantic Movies",120.0,0,2,10.0
Movie,Rezeta,2012,NR,"Dramas, Independent Movies, International Movies",84.0,0,2,7.0
TV Show,"Rica, Famosa, Latina",2016,TV-MA,"International TV Shows, Reality TV, Spanish-Language TV Shows",0.0,4,0,0.0
Movie,Righteous Kill,2008,R,"Dramas, Thrillers",101.0,0,2,10.0
Movie,Ringan,2015,TV-14,"Dramas, International Movies",103.0,0,2,15.0
TV Show,Ripper Street,2017,TV-MA,"British TV Shows, Crime TV Shows, TV Dramas",0.0,5,0,0.0
Movie,Rise of the Zombie,2013,TV-MA,"Horror Movies, International Movies",83.0,0,2,13.0
TV Show,Rishta.com,2010,TV-14,"International TV Shows, Romantic TV Shows, TV Comedies",0.0,1,3,17.0
Movie,Rivaaz,2011,TV-MA,"Dramas, Independent Movies, International Movies",107.0,0,2,7.0
Movie,Road to Sangam,2010,TV-14,"Dramas, Independent Movies, International Movies",136.0,0,2,15.0
Movie,Road to Yesterday,2015,TV-14,"Dramas, International Movies",96.0,0,2,15.0
Movie,Roberto Saviano: Writing Under Police Protection,2016,TV-14,"Documentaries, International Movies",45.0,0,2,12.0
Movie,Robin Hood: The Rebellion,2018,TV-14,"Action & Adventure, Independent Movies, International Movies",92.0,0,2,0.0
TV Show,Robotech,1985,TV-MA,Anime Series,0.0,1,1,1.0
Movie,Rocky,1976,PG,"Action & Adventure, Classic Movies, Dramas",120.0,0,1,0.0
Movie,Rocky II,1979,PG,"Dramas, Sports Movies",119.0,0,1,0.0
Movie,Rocky III,1982,PG,"Dramas, Sports Movies",100.0,0,1,0.0
Movie,Rocky IV,1985,PG,"Dramas, Sports Movies",92.0,0,1,1.0
Movie,Rocky V,1990,PG-13,"Dramas, Sports Movies",104.0,0,1,1.0
Movie,Roger Corman's Death Race 2050,2017,R,"Action & Adventure, Sci-Fi & Fantasy",93.0,0,2,11.0
Movie,Roh's Beauty,2014,TV-MA,"Dramas, International Movies",98.0,0,2,7.0
Movie,Roll Red Roll,2018,TV-MA,Documentaries,80.0,0,2,17.0
Movie,Rolling Papers,2015,TV-MA,Documentaries,79.0,0,2,17.0
Movie,Romeo Ranjha,2014,TV-14,"Action & Adventure, Comedies, Music & Musicals",122.0,0,2,4.0
Movie,Room,2015,R,"Dramas, Independent Movies",118.0,0,2,10.0
Movie,Room for Rent,2017,TV-MA,"Comedies, Independent Movies",89.0,0,2,3.0
Movie,Room on the Broom,2012,TV-Y7,"Children & Family Movies, Independent Movies",26.0,0,2,16.0
TV Show,Roonpi Secret Love,2016,TV-14,"International TV Shows, Romantic TV Shows, Teen TV Shows",0.0,3,3,8.0
Movie,Roots,2016,TV-PG,"Documentaries, International Movies, Music & Musicals",62.0,0,2,8.0
Movie,Rosemary's Baby,1968,R,"Classic Movies, Horror Movies, Thrillers",137.0,0,1,0.0
Movie,Rounders,1998,R,Dramas,121.0,0,1,1.0
TV Show,Royal Pains,2016,TV-PG,"TV Comedies, TV Dramas",0.0,8,0,1.0
TV Show,Rubi,2004,TV-PG,"International TV Shows, Romantic TV Shows, Spanish-Language TV Shows",0.0,1,3,18.0
Movie,Rukh,2017,TV-MA,"Dramas, Independent Movies, International Movies",103.0,0,2,7.0
Movie,Rumble,2016,TV-MA,"Action & Adventure, Independent Movies",92.0,0,2,3.0
Movie,Rumble in the Bronx,1995,R,"Action & Adventure, Comedies, International Movies",89.0,0,1,1.0
Movie,Rumor Has It,2005,PG-13,"Comedies, Romantic Movies",97.0,0,2,14.0
Movie,Run,2004,TV-14,"Action & Adventure, International Movies, Music & Musicals",134.0,0,2,0.0
Movie,Runaway Bride,1999,PG,"Comedies, Romantic Movies",116.0,0,1,1.0
Movie,Running for Grace,2018,TV-14,"Dramas, Romantic Movies",110.0,0,2,15.0
Movie,Running Out Of Time,2018,TV-14,Thrillers,88.0,0,2,0.0
TV Show,Rurouni Kenshin,1998,TV-14,"Anime Series, International TV Shows",0.0,3,3,18.0
Movie,Russell Madness,2015,PG,"Children & Family Movies, Comedies, Sports Movies",93.0,0,2,2.0
TV Show,Russell Peters vs. the World,2013,NR,"Docuseries, Stand-Up Comedy & Talk Shows",0.0,1,3,7.0
Movie,Russell Peters: Notorious,2013,NR,Stand-Up Comedy,72.0,0,2,5.0
Movie,Rustom,2016,TV-14,"Dramas, International Movies",141.0,0,2,15.0
Movie,S Is for Stanley,2016,TV-MA,"Documentaries, International Movies",82.0,0,2,17.0
Movie,S.W.A.T.,2003,PG-13,Action & Adventure,117.0,0,1,1.0
Movie,Saath Saath,1982,TV-14,"Dramas, Independent Movies, International Movies",118.0,0,1,0.0
Movie,Sacro GRA,2013,TV-MA,"Documentaries, International Movies",91.0,0,2,17.0
Movie,Sadece Sen,2014,TV-MA,"Dramas, International Movies, Romantic Movies",105.0,0,2,7.0
Movie,Sadie's Last Days on Earth,2016,TV-14,"Comedies, Sci-Fi & Fantasy",94.0,0,2,4.0
Movie,Sadma,1983,TV-14,"Dramas, International Movies, Romantic Movies",137.0,0,1,0.0
TV Show,Sadqay Tumhare,2014,TV-PG,"International TV Shows, Romantic TV Shows, TV Dramas",0.0,1,3,0.0
Movie,Saeed Mirza: The Leftist Sufi,2016,TV-MA,"Documentaries, International Movies",61.0,0,2,17.0
Movie,Safety Not Guaranteed,2012,R,"Comedies, Independent Movies, Romantic Movies",86.0,0,2,11.0
Movie,Saheb Bibi Golaam,2016,TV-MA,"Dramas, International Movies",118.0,0,2,7.0
Movie,Sairat,2016,TV-14,"Dramas, International Movies, Romantic Movies",173.0,0,2,15.0
Movie,Sakhi,2007,TV-PG,"Dramas, International Movies, Music & Musicals",152.0,0,2,1.0
Movie,Salem: His Sister's Father,2014,TV-14,"Dramas, International Movies",99.0,0,2,15.0
Movie,Samantaral,2017,TV-MA,"Dramas, International Movies",110.0,0,2,7.0
Movie,Samarppanam,2017,TV-PG,"Dramas, International Movies",116.0,0,2,1.0
Movie,Sameer Abu Alneel,2013,TV-14,"Comedies, International Movies",107.0,0,2,4.0
Movie,Samson,2018,PG-13,"Action & Adventure, Dramas, Faith & Spirituality",109.0,0,2,9.0
Movie,Samudri Lootere,2018,TV-Y,Children & Family Movies,65.0,0,2,16.0
Movie,San Pietro,1945,TV-14,"Classic Movies, Documentaries",32.0,0,1,0.0
Movie,Sanai Choughade,2008,TV-14,"Comedies, Dramas, International Movies",122.0,0,2,4.0
Movie,Sangam,1964,TV-14,"Classic Movies, Dramas, International Movies",228.0,0,1,0.0
Movie,Santa Claws,2014,TV-PG,"Children & Family Movies, Comedies",86.0,0,2,2.0
Movie,Santa's Apprentice,2010,TV-G,Children & Family Movies,72.0,0,2,16.0
Movie,Sarah's Key,2010,PG-13,"Dramas, International Movies",102.0,0,2,9.0
Movie,Sardaar ji,2015,TV-14,"Comedies, International Movies, Music & Musicals",140.0,0,2,4.0
Movie,Sardaarji 2,2016,TV-PG,"Action & Adventure, Comedies, International Movies",145.0,0,2,1.0
Movie,Sarivar Sari,2005,TV-14,"Dramas, International Movies",126.0,0,2,15.0
Movie,Sarvopari Palakkaran,2017,TV-14,"Dramas, International Movies",133.0,0,2,15.0
Movie,Sat Sri Akal,2008,TV-14,"Dramas, Faith & Spirituality, International Movies",141.0,0,2,15.0
Movie,Satan & Adam,2018,TV-MA,"Documentaries, Music & Musicals",78.0,0,2,17.0
TV Show,Satrangi,2014,TV-PG,"Docuseries, International TV Shows",0.0,1,3,7.0
Movie,Satrangi Re,2012,TV-14,"Dramas, International Movies, Music & Musicals",150.0,0,2,15.0
Movie,Satte Pe Satta,1982,TV-14,"Comedies, Cult Movies, Dramas",153.0,0,1,0.0
Movie,Saturday Church,2017,TV-MA,"Dramas, LGBTQ Movies",83.0,0,2,3.0
Movie,Savage Dog,2017,TV-MA,"Action & Adventure, Independent Movies",95.0,0,2,3.0
Movie,Savage Raghda,2018,TV-MA,"Comedies, International Movies, Romantic Movies",93.0,0,2,6.0
TV Show,Save Our Shelter,2015,TV-G,Reality TV,0.0,1,3,5.0
Movie,Saving Mr. Banks,2013,PG-13,"Comedies, Dramas",126.0,0,2,9.0
Movie,Saving Zoë,2019,R,Dramas,95.0,0,2,10.0
Movie,Say When,2014,R,"Comedies, Dramas, Independent Movies",99.0,0,2,10.0
Movie,Scales: Mermaids Are Real,2017,PG,Children & Family Movies,93.0,0,2,2.0
TV Show,Scandal,2018,TV-14,"Crime TV Shows, TV Dramas",0.0,7,0,1.0
Movie,Scandal in Sorrento,1955,TV-PG,"Classic Movies, Comedies, Independent Movies",93.0,0,1,0.0
Movie,Scary Movie,2000,R,"Comedies, Horror Movies",88.0,0,1,1.0
Movie,Scary Movie 5,2013,PG-13,"Comedies, Horror Movies",88.0,0,2,14.0
Movie,Schindler's List,1993,R,"Classic Movies, Dramas",195.0,0,1,1.0
Movie,School Daze,1988,R,"Comedies, Dramas",120.0,0,1,1.0
Movie,Scooby-Doo on Zombie Island,1998,TV-PG,Children & Family Movies,77.0,0,1,1.0
Movie,Scott Pilgrim vs. the World,2010,PG-13,"Action & Adventure, Comedies, Cult Movies",112.0,0,2,14.0
Movie,Scream 2,1997,R,Horror Movies,121.0,0,1,1.0
Movie,Scream 3,2000,R,Horror Movies,117.0,0,1,1.0
Movie,Seal Team Six: The Raid on Osama Bin Laden,2012,TV-MA,Action & Adventure,90.0,0,2,13.0
Movie,Searching for Bobby Fischer,1993,PG,"Children & Family Movies, Classic Movies, Dramas",110.0,0,1,1.0
Movie,Searching for Sugar Man,2012,PG-13,"Documentaries, International Movies, Music & Musicals",86.0,0,2,18.0
Movie,Season of the Witch,2011,PG-13,"Action & Adventure, Sci-Fi & Fantasy",95.0,0,2,14.0
Movie,Secret,2007,TV-PG,"Dramas, International Movies, Music & Musicals",101.0,0,2,1.0
TV Show,Secret Affair,2014,TV-14,"International TV Shows, Korean TV Shows, Romantic TV Shows",0.0,1,3,12.0
Movie,Secret in Their Eyes,2015,PG-13,"Dramas, Thrillers",111.0,0,2,9.0
Movie,Secrets of Althorp - The Spencers,2013,TV-PG,"Documentaries, International Movies",54.0,0,2,8.0
Movie,Secrets of Chatsworth,2013,TV-PG,"Documentaries, International Movies",54.0,0,2,8.0
Movie,Secrets of Henry VIII's Palace: Hampton Court,2013,TV-PG,"Documentaries, International Movies",54.0,0,2,8.0
Movie,Secrets of Her Majesty's Secret Service,2014,TV-PG,"Documentaries, International Movies",55.0,0,2,8.0
Movie,Secrets of Highclere Castle,2013,TV-PG,"Documentaries, International Movies",54.0,0,2,8.0
Movie,Secrets of Scotland Yard,2013,TV-14,Documentaries,55.0,0,2,12.0
Movie,Secrets of Selfridges,2014,TV-PG,Documentaries,55.0,0,2,8.0
Movie,Secrets of the Tower of London,2013,TV-PG,Documentaries,55.0,0,2,8.0
Movie,Secrets of Underground London,2014,TV-PG,"Documentaries, International Movies",55.0,0,2,8.0
Movie,Secrets of Westminster,2014,TV-PG,"Documentaries, International Movies",55.0,0,2,8.0
Movie,Sen Kimsin?,2012,TV-14,"Comedies, International Movies",102.0,0,2,4.0
Movie,Senna,2010,PG-13,"Documentaries, International Movies, Sports Movies",106.0,0,2,18.0
TV Show,Sensitive Skin,2016,TV-MA,TV Comedies,0.0,1,3,15.0
Movie,"Septiembre, un llanto en silencio",2017,TV-MA,"Dramas, Independent Movies, International Movies",69.0,0,2,7.0
TV Show,Servant of the People,2015,TV-14,"International TV Shows, TV Comedies",0.0,1,3,17.0
Movie,Set Up,2011,R,Action & Adventure,85.0,0,2,11.0
Movie,Sex and the City 2,2010,R,"Comedies, Dramas, Romantic Movies",146.0,0,2,10.0
Movie,Sex and the City: The Movie,2008,R,"Comedies, Dramas, Romantic Movies",145.0,0,2,10.0
Movie,Sex Doll,2016,UR,"Dramas, International Movies, Romantic Movies",103.0,0,2,15.0
Movie,"Sexo, Pudor y Lagrimas",1999,R,"Comedies, Dramas, International Movies",111.0,0,1,1.0
Movie,SGT. Will Gardner,2019,TV-MA,Dramas,125.0,0,2,3.0
TV Show,Shadow of Truth,2016,TV-MA,"Crime TV Shows, Docuseries, International TV Shows",0.0,1,3,14.0
Movie,Shahanpan Dega Deva,2011,TV-14,"Comedies, International Movies",115.0,0,2,4.0
TV Show,Shaka Zulu,1986,TV-14,TV Dramas,0.0,1,1,1.0
Movie,Shakti: The Power,2002,TV-MA,"Dramas, International Movies, Thrillers",168.0,0,1,1.0
Movie,Shanghai,2012,TV-14,"Dramas, Independent Movies, International Movies",109.0,0,2,15.0
Movie,Shararat,2002,TV-PG,"Comedies, International Movies, Music & Musicals",148.0,0,1,1.0
Movie,Shark Busters,2002,TV-14,"Dramas, International Movies",92.0,0,2,15.0
Movie,Shark Night,2011,PG-13,Horror Movies,91.0,0,2,14.0
Movie,Shaurya: It Takes Courage to Make Right... Right,2008,TV-14,"Dramas, International Movies",135.0,0,2,15.0
Movie,She Did That,2019,TV-PG,Documentaries,71.0,0,2,8.0
Movie,Shelter,2010,R,"Horror Movies, Thrillers",112.0,0,2,11.0
TV Show,Sherlock,2017,TV-14,"British TV Shows, Crime TV Shows, International TV Shows",0.0,4,0,0.0
Movie,Sherlock Holmes,2009,PG-13,"Action & Adventure, Comedies",128.0,0,2,14.0
Movie,Shiva,1990,TV-MA,"Action & Adventure, Dramas, International Movies",168.0,0,1,1.0
Movie,Shopkins: Chef Club,2016,TV-Y,Movies,45.0,0,2,16.0
Movie,Shopkins: Wild,2018,TV-Y,Movies,75.0,0,2,16.0
Movie,Shopkins: World Vacation,2017,TV-Y,Movies,71.0,0,2,16.0
Movie,Shorgul,2016,TV-14,"Dramas, International Movies",122.0,0,2,15.0
Movie,Short Term 12,2013,R,"Dramas, Independent Movies",97.0,0,2,10.0
Movie,Shorts,2009,PG,"Children & Family Movies, Comedies",89.0,0,2,2.0
Movie,SHOT! The Psycho-Spiritual Mantra of Rock,2016,TV-MA,"Documentaries, Music & Musicals",98.0,0,2,17.0
Movie,Shuddhi,2017,TV-14,"Dramas, International Movies, Thrillers",115.0,0,2,15.0
Movie,Shutter,2004,TV-MA,"Horror Movies, International Movies",96.0,0,2,13.0
Movie,Sicilian Ghost Story,2017,TV-MA,"Dramas, International Movies, Thrillers",119.0,0,2,7.0
TV Show,Sid the Science Kid,2008,TV-Y,Kids' TV,0.0,1,3,4.0
Movie,Siddhant,2014,TV-G,"Dramas, Independent Movies, International Movies",105.0,0,2,7.0
Movie,Silencer,2018,TV-MA,"Action & Adventure, Independent Movies",88.0,0,2,3.0
Movie,Silent Hill: Revelation,2012,R,Horror Movies,94.0,0,2,11.0
Movie,Silicon Cowboys,2016,TV-PG,Documentaries,77.0,0,2,8.0
TV Show,Silver Spoon,2015,TV-MA,"Crime TV Shows, International TV Shows, TV Action & Adventure",0.0,2,3,11.0
TV Show,Sin senos no hay paraíso,2008,TV-14,"International TV Shows, Spanish-Language TV Shows, TV Dramas",0.0,1,3,10.0
TV Show,Sin Senos sí Hay Paraíso,2018,TV-MA,"International TV Shows, Spanish-Language TV Shows, TV Dramas",0.0,3,3,16.0
Movie,Singh Saab the Great,2013,TV-14,"Action & Adventure, Dramas, International Movies",143.0,0,2,15.0
Movie,Single,2015,TV-PG,"Comedies, International Movies, Romantic Movies",127.0,0,2,1.0
Movie,Singularity,2017,PG-13,"Action & Adventure, Dramas, Sci-Fi & Fantasy",92.0,0,2,9.0
Movie,Sinister Circle,2017,TV-MA,"Horror Movies, International Movies",87.0,0,2,13.0
Movie,Siren,2016,TV-MA,Horror Movies,83.0,0,2,13.0
Movie,Sister Code,2015,R,"Comedies, Dramas, Romantic Movies",95.0,0,2,10.0
Movie,Skin Trade,2014,R,Action & Adventure,96.0,0,2,11.0
TV Show,Skin Wars,2016,TV-14,Reality TV,0.0,3,3,8.0
TV Show,Skin Wars: Fresh Paint,2016,TV-14,Reality TV,0.0,1,3,5.0
Movie,Skiptrace,2016,PG-13,"Action & Adventure, Comedies",107.0,0,2,14.0
Movie,Sky on Fire,2016,TV-MA,"Action & Adventure, International Movies",100.0,0,2,13.0
Movie,Skydancers,2014,TV-G,"Documentaries, Sports Movies",49.0,0,2,18.0
Movie,Skyline,2010,PG-13,"Action & Adventure, Sci-Fi & Fantasy",94.0,0,2,14.0
Movie,Sleeping with Other People,2015,R,"Comedies, Dramas, Independent Movies",101.0,0,2,10.0
Movie,Sleepover,2004,PG,"Comedies, Romantic Movies",89.0,0,2,2.0
Movie,Sling Blade,1996,R,"Dramas, Independent Movies",135.0,0,1,1.0
Movie,Sliver,1993,R,Thrillers,107.0,0,1,1.0
TV Show,Slobby's World,2018,TV-MA,Reality TV,0.0,1,3,5.0
Movie,Slow West,2015,R,"Action & Adventure, Dramas, International Movies",84.0,0,2,10.0
Movie,Small Soldiers,1998,PG-13,"Action & Adventure, Comedies, Sci-Fi & Fantasy",110.0,0,1,1.0
Movie,Smart People,2008,R,"Comedies, Dramas, Independent Movies",95.0,0,2,10.0
Movie,Smash: Motorized Mayhem,2017,TV-MA,"Documentaries, Sports Movies",66.0,0,2,17.0
Movie,SMOSH: The Movie,2015,PG-13,Comedies,83.0,0,2,14.0
Movie,Sniper: Special Ops,2016,R,"Action & Adventure, Dramas",86.0,0,2,10.0
Movie,Socha Na Tha,2005,TV-14,"Comedies, International Movies, Romantic Movies",137.0,0,2,4.0
Movie,Social Animals,2018,TV-MA,Documentaries,87.0,0,2,17.0
Movie,Soekarno,2013,TV-MA,"Dramas, International Movies",142.0,0,2,7.0
Movie,Solo Con Tu Pareja,1991,NR,"Comedies, Independent Movies, International Movies",94.0,0,1,1.0
Movie,Solo: A Star Wars Story,2018,PG-13,"Action & Adventure, Children & Family Movies, Sci-Fi & Fantasy",135.0,0,2,14.0
Movie,Solo: A Star Wars Story (Spanish Version),2018,PG-13,"Action & Adventure, Children & Family Movies, Sci-Fi & Fantasy",135.0,0,2,14.0
Movie,Solomon Kane,2009,R,"Action & Adventure, International Movies, Sci-Fi & Fantasy",104.0,0,2,11.0
Movie,Some Freaks,2017,TV-MA,"Dramas, Romantic Movies",97.0,0,2,3.0
Movie,Something's Gotta Give,2003,PG-13,"Comedies, Romantic Movies",128.0,0,1,1.0
Movie,Son of a Gun,2014,R,"Action & Adventure, Dramas, Independent Movies",109.0,0,2,10.0
Movie,Sons of Ben,2016,NR,"Documentaries, Sports Movies",73.0,0,2,18.0
TV Show,Sotus The Series,2016,TV-MA,"International TV Shows, Romantic TV Shows, TV Dramas",0.0,1,3,2.0
Movie,Soul Surfer,2011,PG,"Dramas, Faith & Spirituality, Sports Movies",106.0,0,2,9.0
Movie,Soul to Keep,2019,TV-MA,"Horror Movies, Independent Movies",94.0,0,2,13.0
Movie,Sour Grapes,2016,NR,Documentaries,85.0,0,2,18.0
TV Show,Space Racers,2014,TV-Y,Kids' TV,0.0,1,3,4.0
Movie,Sparkle,1976,PG,"Dramas, Music & Musicals",98.0,0,1,0.0
TV Show,Spartacus,2013,TV-MA,"TV Action & Adventure, TV Dramas",0.0,4,0,0.0
Movie,Speech & Debate,2017,PG-13,"Comedies, Dramas, Independent Movies",96.0,0,2,9.0
Movie,Speed Is My Need,2019,TV-14,"Documentaries, Sports Movies",75.0,0,2,12.0
Movie,Spider-Man 3,2007,PG-13,"Action & Adventure, Sci-Fi & Fantasy",139.0,0,2,14.0
Movie,Spider-Man: Into the Spider-Verse,2018,PG,"Action & Adventure, Comedies",117.0,0,2,2.0
Movie,Spitfire: The Plane that Saved the World,2018,TV-14,Documentaries,95.0,0,2,12.0
TV Show,Splash and Bubbles,2018,TV-Y,Kids' TV,0.0,2,3,4.0
Movie,Spotlight,2015,R,"Dramas, Independent Movies",129.0,0,2,10.0
Movie,Spring Breakers,2012,R,"Comedies, Cult Movies, Dramas",94.0,0,2,10.0
Movie,Sprinter,2018,TV-MA,"Dramas, International Movies, Sports Movies",112.0,0,2,7.0
Movie,Spy Kids,2001,PG,"Children & Family Movies, Comedies",88.0,0,1,1.0
Movie,Spy Kids 2: The Island of Lost Dreams,2002,PG,"Children & Family Movies, Comedies",100.0,0,1,1.0
Movie,Spy Kids 3: Game Over,2003,PG,"Children & Family Movies, Comedies",83.0,0,2,2.0
Movie,Spy Time,2015,TV-MA,"Action & Adventure, Comedies, International Movies",93.0,0,2,6.0
Movie,St. Agatha,2018,TV-MA,"Horror Movies, Independent Movies",103.0,0,2,13.0
Movie,Staged Killer,2019,TV-14,Thrillers,88.0,0,2,0.0
Movie,Standoff,2015,R,Action & Adventure,86.0,0,2,11.0
Movie,Star Men,2015,TV-14,Documentaries,88.0,0,2,12.0
Movie,Star Wars: Episode VIII: The Last Jedi,2017,PG-13,"Action & Adventure, Children & Family Movies, Sci-Fi & Fantasy",152.0,0,2,14.0
TV Show,Star-Crossed,2014,TV-14,"Romantic TV Shows, TV Dramas, TV Sci-Fi & Fantasy",0.0,1,3,10.0
Movie,Starred Up,2013,TV-MA,"Dramas, Independent Movies, International Movies",106.0,0,2,7.0
TV Show,Station Horizon,2015,TV-MA,"International TV Shows, TV Comedies, TV Dramas",0.0,1,3,2.0
Movie,Stealing History,2006,TV-PG,"Documentaries, International Movies",52.0,0,2,8.0
Movie,Step Brothers,2008,R,Comedies,98.0,0,2,11.0
Movie,Step Outside,2018,TV-14,"Comedies, International Movies",89.0,0,2,4.0
Movie,Stephanie,2017,R,Horror Movies,86.0,0,2,11.0
Movie,Sthaniya Sambaad,2010,TV-14,"Dramas, International Movies",106.0,0,2,15.0
Movie,Still,2010,TV-MA,"Horror Movies, International Movies",100.0,0,2,13.0
Movie,Stink!,2015,TV-PG,Documentaries,91.0,0,2,8.0
TV Show,Stoked,2010,TV-PG,Kids' TV,0.0,1,3,0.0
TV Show,Stone Age,2017,TV-Y7,"Kids' TV, Korean TV Shows",0.0,1,3,13.0
Movie,Stonehearst Asylum,2014,PG-13,"Horror Movies, Thrillers",113.0,0,2,14.0
Movie,Stop at Nothing: The Lance Armstrong Story,2014,NR,"Documentaries, International Movies, Sports Movies",100.0,0,2,18.0
TV Show,Storage Wars: Northern Treasures,2015,TV-MA,"International TV Shows, Reality TV",0.0,1,3,5.0
Movie,Story of an Egg,2017,TV-PG,"Comedies, International Movies, Romantic Movies",132.0,0,2,1.0
Movie,Straight Up,2020,TV-MA,"Comedies, Independent Movies, LGBTQ Movies",96.0,0,2,3.0
Movie,Strange but True,2019,PG-13,"Dramas, Thrillers",96.0,0,2,9.0
Movie,Stranger than Fiction,2006,PG-13,"Comedies, Romantic Movies",113.0,0,2,14.0
TV Show,Strawberry Shortcake: Berry Bitty Adventures,2015,TV-Y,Kids' TV,0.0,1,3,4.0
Movie,Strictly Ballroom,1992,PG,"Classic Movies, Comedies, Romantic Movies",95.0,0,1,1.0
Movie,Strike a Pose,2016,TV-MA,"Documentaries, International Movies, LGBTQ Movies",85.0,0,2,17.0
Movie,Stripes,1981,R,"Classic Movies, Comedies, Cult Movies",106.0,0,1,0.0
Movie,Striptease,1996,R,"Comedies, Dramas",117.0,0,1,1.0
TV Show,Strong Girl Bong-soon,2017,TV-14,"Crime TV Shows, International TV Shows, Korean TV Shows",0.0,1,3,12.0
Movie,Stronger Than the World,2016,NR,"Action & Adventure, Dramas, International Movies",123.0,0,2,15.0
TV Show,Strongland,2018,TV-PG,"Docuseries, International TV Shows",0.0,1,3,7.0
Movie,Stuart Little 2,2002,PG,"Children & Family Movies, Comedies",78.0,0,1,1.0
Movie,Submission,2019,TV-MA,"Action & Adventure, Dramas",95.0,0,2,3.0
Movie,Suburra,2015,NR,"Dramas, International Movies, Thrillers",135.0,0,2,15.0
Movie,Suckseed,2011,TV-MA,"Comedies, International Movies, Music & Musicals",130.0,0,2,6.0
Movie,Sudani from Nigeria,2018,TV-14,"Comedies, Dramas, International Movies",115.0,0,2,4.0
Movie,Suicide (Hitabdut),2014,TV-MA,"International Movies, Thrillers",114.0,0,2,13.0
Movie,Suite Française,2014,TV-MA,"Dramas, International Movies, Romantic Movies",107.0,0,2,7.0
TV Show,Suits,2018,TV-MA,"International TV Shows, Korean TV Shows, TV Comedies",0.0,1,3,15.0
Movie,Summer Night,2019,TV-MA,"Comedies, Dramas, Romantic Movies",93.0,0,2,3.0
Movie,Summer of '92,2015,TV-MA,"Dramas, International Movies, Sports Movies",94.0,0,2,7.0
Movie,Sunrise,2014,TV-MA,"Dramas, Independent Movies, International Movies",85.0,0,2,7.0
TV Show,Super Bheem,2019,TV-Y,Kids' TV,0.0,1,3,4.0
Movie,Super Bheem Bana Vajraveer,2018,TV-Y7,Children & Family Movies,63.0,0,2,16.0
Movie,Super Dark Times,2017,TV-MA,"Dramas, Independent Movies, Thrillers",104.0,0,2,3.0
Movie,Super Nani,2014,TV-PG,"Comedies, Dramas, International Movies",127.0,0,2,1.0
TV Show,Super Wings,2020,TV-Y,"Kids' TV, Korean TV Shows",0.0,3,3,4.0
Movie,Superbad,2007,R,"Comedies, Cult Movies",113.0,0,2,11.0
Movie,Superfly,1972,R,"Action & Adventure, Classic Movies, Dramas",91.0,0,1,0.0
Movie,Superman Returns,2006,PG-13,"Action & Adventure, Sci-Fi & Fantasy",154.0,0,2,14.0
TV Show,SuperNature: Wild Flyers,2016,TV-PG,"British TV Shows, Docuseries, Science & Nature TV",0.0,1,3,3.0
Movie,Superstar,1999,PG-13,Comedies,82.0,0,1,1.0
Movie,Surat Dari Praha,2016,TV-14,"Dramas, International Movies, Romantic Movies",98.0,0,2,15.0
TV Show,Surviving R. Kelly Part II: The Reckoning,2020,TV-MA,"Crime TV Shows, Docuseries",0.0,1,3,14.0
Movie,Survivors Guide to Prison,2017,TV-MA,Documentaries,103.0,0,2,17.0
Movie,Susanne Bartsch: On Top,2017,TV-MA,"Documentaries, LGBTQ Movies",86.0,0,2,17.0
Movie,Sustainable,2016,TV-G,Documentaries,92.0,0,2,18.0
Movie,Swami,1977,TV-PG,"Dramas, Independent Movies, International Movies",123.0,0,1,0.0
TV Show,Swami Baba Ramdev: The Untold Story,2018,TV-14,"International TV Shows, TV Dramas",0.0,1,3,10.0
Movie,Sweeney Todd: The Demon Barber of Fleet Street,2007,R,"Dramas, Horror Movies, Music & Musicals",116.0,0,2,10.0
Movie,Sweet Virginia,2017,R,"Dramas, Independent Movies, Thrillers",93.0,0,2,10.0
Movie,Swiss Army Man,2016,R,"Comedies, Dramas, Independent Movies",97.0,0,2,10.0
Movie,Sword Master,2016,TV-MA,"Action & Adventure, Dramas, International Movies",108.0,0,2,7.0
Movie,Sword Masters: Two Champions of Shaolin,1980,R,"Action & Adventure, International Movies",101.0,0,1,0.0
TV Show,Sym-Bionic Titan,2010,TV-PG,Kids' TV,0.0,1,3,0.0
Movie,Taal,1999,TV-PG,"Dramas, International Movies, Music & Musicals",177.0,0,1,1.0
Movie,Tahaan,2008,TV-14,"Dramas, International Movies",95.0,0,2,15.0
Movie,Take Me Home Tonight,2011,R,"Comedies, Romantic Movies",97.0,0,2,11.0
TV Show,Taken,2018,TV-14,"Crime TV Shows, TV Action & Adventure, TV Thrillers",0.0,2,3,8.0
TV Show,Tales of the City (1993),1993,TV-MA,TV Dramas,0.0,1,3,18.0
Movie,Tamanchey,2014,TV-MA,"Action & Adventure, International Movies, Romantic Movies",111.0,0,2,13.0
Movie,Tarif de nuit,2015,TV-MA,"International Movies, Thrillers",81.0,0,2,13.0
Movie,Tarzan,1999,G,Children & Family Movies,89.0,0,1,1.0
Movie,Tarzan 2,2005,G,Children & Family Movies,72.0,0,2,2.0
Movie,Tattah,2013,TV-14,"Comedies, International Movies",112.0,0,2,4.0
Movie,Tayo the Little Bus Movie: Mission Ace,2016,TV-Y7,Children & Family Movies,48.0,0,2,16.0
Movie,Teach Us All,2017,TV-14,Documentaries,81.0,0,2,12.0
Movie,Teen Patti,2010,TV-PG,"Dramas, International Movies, Thrillers",137.0,0,2,1.0
Movie,Teenage Cocktail,2016,TV-MA,"Dramas, Independent Movies, LGBTQ Movies",89.0,0,2,3.0
Movie,Teenage Mutant Ninja Turtles,2007,PG,"Children & Family Movies, Comedies",87.0,0,2,2.0
Movie,Teenage Mutant Ninja Turtles II: The Secret of the Ooze,1991,PG,"Children & Family Movies, Comedies",88.0,0,1,1.0
Movie,Teenage Mutant Ninja Turtles: The Movie,1990,PG,"Action & Adventure, Comedies",94.0,0,1,1.0
Movie,Tees Maar Khan,2010,TV-PG,"Comedies, International Movies, Music & Musicals",125.0,0,2,1.0
Movie,Tellur Aliens,2016,TV-Y7,Children & Family Movies,67.0,0,2,16.0
Movie,Temporada de Caza,2017,TV-MA,"Dramas, International Movies",108.0,0,2,7.0
Movie,Ten Years,2015,TV-MA,"Dramas, Independent Movies, International Movies",102.0,0,2,7.0
TV Show,Teresa,2010,TV-PG,"International TV Shows, Romantic TV Shows, Spanish-Language TV Shows",0.0,1,3,0.0
Movie,Terminator 3: Rise of the Machines,2003,R,"Action & Adventure, Sci-Fi & Fantasy",109.0,0,1,1.0
Movie,Terminator Salvation,2009,PG-13,"Action & Adventure, Sci-Fi & Fantasy",115.0,0,2,14.0
Movie,Terra,2015,TV-PG,"Documentaries, International Movies",98.0,0,2,8.0
Movie,Terrifier,2017,TV-MA,"Horror Movies, Independent Movies, Thrillers",84.0,0,2,13.0
Movie,Teshan,2016,TV-PG,"Comedies, International Movies, Romantic Movies",133.0,0,2,1.0
Movie,Tezz,2012,TV-MA,"Action & Adventure, International Movies, Music & Musicals",121.0,0,2,13.0
TV Show,Th Eena Meena Deeka Chase Comedy Show,2015,TV-Y7,"Kids' TV, TV Comedies",0.0,1,3,13.0
TV Show,Thackeray,2019,TV-MA,TV Shows,0.0,1,3,14.0
TV Show,That '70s Show,2005,TV-14,TV Comedies,0.0,8,0,1.0
TV Show,The 2000s,2018,TV-MA,Docuseries,0.0,1,3,14.0
Movie,The 24 Hour War,2016,TV-MA,"Documentaries, Sports Movies",100.0,0,2,17.0
Movie,The 4th Company,2016,TV-MA,"Action & Adventure, Dramas, International Movies",117.0,0,2,7.0
Movie,The Accountant of Auschwitz,2018,TV-14,"Documentaries, International Movies",78.0,0,2,12.0
Movie,The Adderall Diaries,2015,R,"Dramas, Thrillers",87.0,0,2,10.0
TV Show,The Adjusters,2010,TV-PG,"International TV Shows, TV Dramas",0.0,2,3,0.0
Movie,The Adventure Club,2016,TV-Y7,Children & Family Movies,88.0,0,2,16.0
TV Show,The Adventures of Figaro Pho,2015,TV-Y7,"Kids' TV, TV Comedies",0.0,2,3,13.0
Movie,The Adventures of Sharkboy and Lavagirl,2005,PG,Children & Family Movies,93.0,0,2,2.0
Movie,The Adventures of Tintin,2011,PG,Children & Family Movies,107.0,0,2,2.0
Movie,The Aerial,2007,TV-MA,"Dramas, International Movies, Sci-Fi & Fantasy",99.0,0,2,7.0
Movie,The Age of Shadows,2016,TV-MA,"Action & Adventure, Dramas, International Movies",140.0,0,2,7.0
Movie,The American President,1995,PG-13,"Comedies, Dramas, Romantic Movies",113.0,0,1,1.0
Movie,The Amityville Horror,2005,R,Horror Movies,89.0,0,2,11.0
TV Show,The Andy Griffith Show,1967,TV-G,"Classic & Cult TV, TV Comedies",0.0,8,0,1.0
Movie,The Angry Birds Movie 2,2019,PG,"Children & Family Movies, Comedies",97.0,0,2,2.0
Movie,The Animal People,2019,TV-MA,Documentaries,97.0,0,2,17.0
Movie,The Ant's Scream,2010,TV-14,"Comedies, Dramas, International Movies",108.0,0,2,4.0
TV Show,The Apartment,2014,TV-PG,"International TV Shows, Reality TV",0.0,2,3,5.0
Movie,The Apostate,2015,TV-MA,"Comedies, Dramas, International Movies",80.0,0,2,7.0
Movie,The Art of the Steal,2013,R,"Action & Adventure, Comedies, Independent Movies",90.0,0,2,11.0
Movie,The Art of War,2000,R,Action & Adventure,117.0,0,1,1.0
Movie,The Assignment,2016,R,Action & Adventure,95.0,0,2,11.0
Movie,The Autopsy of Jane Doe,2016,R,"Horror Movies, Independent Movies, Thrillers",86.0,0,2,11.0
TV Show,The Bachelor,2009,TV-14,"Reality TV, Romantic TV Shows",0.0,1,3,5.0
Movie,The Bachelors,2017,TV-14,Dramas,100.0,0,2,15.0
Movie,The Bad Education Movie,2015,TV-MA,Comedies,87.0,0,2,6.0
Movie,The Bad Kids,2016,TV-MA,Documentaries,101.0,0,2,17.0
Movie,The Bare-Footed Kid,1993,TV-14,"Action & Adventure, International Movies",83.0,0,1,1.0
Movie,The Basement,2018,TV-MA,"Horror Movies, Thrillers",89.0,0,2,13.0
Movie,The Battle of Midway,1942,TV-14,"Classic Movies, Documentaries",18.0,0,1,0.0
TV Show,The Beat,2012,TV-MA,"International TV Shows, TV Dramas",0.0,1,3,2.0
TV Show,The Beginning of Life: The Series,2016,TV-PG,"Docuseries, International TV Shows, Science & Nature TV",0.0,1,3,3.0
TV Show,The Bible's Buried Secrets,2011,TV-14,"British TV Shows, Docuseries, Science & Nature TV",0.0,1,3,6.0
TV Show,The Big Catch,2015,TV-PG,"British TV Shows, Reality TV",0.0,1,3,5.0
Movie,The Bill Murray Stories: Life Lessons Learned From a Mythical Man,2018,TV-MA,Documentaries,72.0,0,2,17.0
Movie,The Black Room,2016,TV-MA,Horror Movies,95.0,0,2,13.0
Movie,The Blackcoat's Daughter,2015,R,"Horror Movies, Independent Movies, Thrillers",95.0,0,2,11.0
Movie,The Bleeder,2016,R,"Dramas, Sports Movies",98.0,0,2,10.0
TV Show,The Blue Planet: A Natural History of the Oceans,2001,TV-G,"British TV Shows, Docuseries, International TV Shows",0.0,1,3,18.0
Movie,The Bomb,2016,TV-14,Documentaries,59.0,0,2,12.0
TV Show,The Bomb Squad,2011,TV-MA,"British TV Shows, Docuseries",0.0,1,3,14.0
Movie,The Book of Eli,2010,R,"Action & Adventure, Sci-Fi & Fantasy",118.0,0,2,11.0
Movie,The Boss's Daughter,2015,TV-MA,"Dramas, International Movies, Romantic Movies",98.0,0,2,7.0
Movie,The Bounty Hunter,2010,PG-13,"Action & Adventure, Comedies, Romantic Movies",111.0,0,2,14.0
Movie,The Box,2009,PG-13,"Sci-Fi & Fantasy, Thrillers",116.0,0,2,14.0
Movie,The Boy,2016,PG-13,"Horror Movies, Independent Movies, Thrillers",97.0,0,2,14.0
Movie,The Boy in the Striped Pajamas,2008,PG-13,"Dramas, Independent Movies, International Movies",95.0,0,2,9.0
Movie,The Brave One,2007,R,"Dramas, Thrillers",122.0,0,2,10.0
Movie,The Brawler,2019,TV-MA,"Dramas, Independent Movies, Sports Movies",95.0,0,2,3.0
Movie,The Breadwinner,2017,PG-13,"Children & Family Movies, Dramas, International Movies",93.0,0,2,9.0
Movie,The Break-Up,2006,PG-13,"Comedies, Dramas, Romantic Movies",107.0,0,2,9.0
Movie,The Bridge,2017,TV-14,"Dramas, International Movies, Romantic Movies",119.0,0,2,15.0
Movie,The Brothers Grimm,2005,PG-13,"Action & Adventure, Sci-Fi & Fantasy",119.0,0,2,14.0
Movie,The Bucket List,2007,PG-13,"Comedies, Dramas",97.0,0,2,9.0
Movie,The Bulbul's Nest,2013,TV-MA,"Comedies, International Movies",96.0,0,2,6.0
Movie,The Bund,1983,TV-14,"Action & Adventure, Dramas, International Movies",103.0,0,1,0.0
Movie,The Bye Bye Man,2017,PG-13,"Horror Movies, Thrillers",96.0,0,2,14.0
Movie,The Bygone,2019,TV-MA,"Independent Movies, Thrillers",106.0,0,2,3.0
Movie,The Cakemaker,2017,TV-14,"Dramas, Independent Movies, International Movies",109.0,0,2,15.0
TV Show,The Calling,2018,TV-MA,"International TV Shows, Reality TV",0.0,1,3,5.0
Movie,The Captive,2014,R,"Dramas, Thrillers",112.0,0,2,10.0
Movie,The Car,1977,PG,"Cult Movies, Horror Movies",96.0,0,1,0.0
Movie,The Carter Effect,2017,TV-MA,"Documentaries, Sports Movies",60.0,0,2,17.0
Movie,The Case for Christ,2017,TV-PG,"Dramas, Faith & Spirituality",113.0,0,2,1.0
Movie,The Cell,2017,TV-MA,"Action & Adventure, Dramas, International Movies",126.0,0,2,7.0
Movie,The CEO,2016,TV-14,"Dramas, International Movies, Thrillers",109.0,0,2,15.0
Movie,The Charnel House,2016,R,"Horror Movies, Thrillers",93.0,0,2,11.0
TV Show,The Chefs' Line,2017,TV-14,"International TV Shows, Reality TV",0.0,1,3,5.0
Movie,The Chord,2010,TV-MA,"Dramas, International Movies, Music & Musicals",101.0,0,2,7.0
Movie,The Chosen,2016,TV-14,"Dramas, International Movies, Thrillers",111.0,0,2,15.0
Movie,The Chosen Ones,2015,TV-MA,"Dramas, Independent Movies, International Movies",107.0,0,2,7.0
Movie,The Christmas Candle,2013,PG,"Dramas, Faith & Spirituality",100.0,0,2,9.0
Movie,The Christmas Project,2016,TV-PG,"Children & Family Movies, Comedies",92.0,0,2,2.0
Movie,The Cincinnati Kid,1965,TV-14,"Classic Movies, Dramas",103.0,0,1,0.0
TV Show,The Code,2011,TV-PG,"British TV Shows, Docuseries, International TV Shows",0.0,1,3,7.0
Movie,The Company Men,2010,R,"Dramas, Independent Movies",105.0,0,2,10.0
Movie,The Competition,2018,TV-14,"Comedies, Romantic Movies",103.0,0,2,4.0
Movie,The Confirmation,2016,PG-13,"Comedies, Dramas, Independent Movies",101.0,0,2,9.0
Movie,The Congress,2013,TV-MA,"Dramas, International Movies, Sci-Fi & Fantasy",123.0,0,2,7.0
Movie,The Consul's Son,2011,TV-14,"Comedies, International Movies, Thrillers",114.0,0,2,4.0
Movie,The Craft,1996,R,"Horror Movies, Thrillers",101.0,0,1,1.0
TV Show,The Cravings,2016,TV-14,"International TV Shows, Korean TV Shows, TV Comedies",0.0,2,3,17.0
Movie,The Croods,2013,PG,"Children & Family Movies, Comedies",99.0,0,2,2.0
Movie,The Crow,1994,R,"Action & Adventure, Cult Movies, Sci-Fi & Fantasy",102.0,0,1,1.0
Movie,The Cruise,1970,TV-PG,"Comedies, Cult Movies, International Movies",66.0,0,1,0.0
Movie,The Crying Game,1992,R,"Classic Movies, Independent Movies, Thrillers",112.0,0,1,1.0
TV Show,The Curse of Oak Island,2016,TV-PG,"Docuseries, Science & Nature TV",0.0,1,3,3.0
Movie,The D Train,2015,R,Comedies,101.0,0,2,11.0
Movie,The Damned Rain,2009,TV-14,"Dramas, International Movies",99.0,0,2,15.0
Movie,The Dancer,2011,TV-MA,"Dramas, International Movies, Romantic Movies",105.0,0,2,7.0
Movie,The Dark Crystal,1982,PG,Children & Family Movies,93.0,0,1,0.0
Movie,The Dark Side of Life: Mumbai City,2018,TV-MA,"Dramas, International Movies",121.0,0,2,7.0
Movie,The Darkest Dawn,2016,TV-MA,"Action & Adventure, Independent Movies, International Movies",75.0,0,2,13.0
Movie,The Daughter,2015,TV-MA,Dramas,95.0,0,2,3.0
Movie,The Dawn Wall,2017,TV-MA,"Documentaries, Sports Movies",100.0,0,2,17.0
TV Show,The Day My Butt Went Psycho!,2015,TV-Y7,"Kids' TV, TV Comedies",0.0,2,3,13.0
Movie,The Departed,2006,R,"Dramas, Thrillers",151.0,0,2,10.0
Movie,The Desert Bride,2017,TV-14,"Dramas, International Movies",78.0,0,2,15.0
Movie,The Detained,2017,TV-14,"Horror Movies, Thrillers",85.0,0,2,0.0
Movie,The Devil and Father Amorth,2017,TV-PG,"Documentaries, Horror Movies",69.0,0,2,8.0
Movie,The Devil Inside,2012,R,"Horror Movies, Thrillers",84.0,0,2,11.0
TV Show,The Devil Is a Part-Timer!,2013,TV-14,Anime Series,0.0,1,3,9.0
Movie,The Devil We Know,2018,TV-14,Documentaries,88.0,0,2,12.0
Movie,The Diabolical,2015,TV-MA,"Horror Movies, Sci-Fi & Fantasy, Thrillers",86.0,0,2,13.0
Movie,The Dreamer,2009,TV-PG,"Dramas, International Movies",121.0,0,2,1.0
Movie,The Drowning,2016,TV-MA,Thrillers,99.0,0,2,13.0
TV Show,The Drunk and on Drugs Happy Funtime Hour,2011,TV-MA,"International TV Shows, TV Comedies",0.0,1,3,15.0
Movie,The Duel,2016,R,Dramas,110.0,0,2,10.0
Movie,The Dukes of Hazzard,2005,PG-13,"Action & Adventure, Comedies",104.0,0,2,14.0
Movie,The Dukes of Hazzard: The Beginning,2007,R,"Action & Adventure, Comedies",95.0,0,2,11.0
Movie,The Eichmann Show,2015,TV-MA,"Dramas, International Movies",96.0,0,2,7.0
TV Show,The Eighties,2016,TV-PG,Docuseries,0.0,1,3,7.0
Movie,The End of the Tour,2015,R,"Dramas, Independent Movies",106.0,0,2,10.0
Movie,The Endless,2017,TV-MA,"Independent Movies, Sci-Fi & Fantasy, Thrillers",112.0,0,2,3.0
Movie,The Evil Dead,1981,TV-MA,"Classic Movies, Cult Movies, Horror Movies",85.0,0,1,0.0
Movie,The Exception,2016,R,"Dramas, Romantic Movies",107.0,0,2,10.0
Movie,The Eyes of My Mother,2016,R,"Horror Movies, Independent Movies",76.0,0,2,11.0
TV Show,The Fear,2012,TV-MA,"British TV Shows, Crime TV Shows, TV Dramas",0.0,1,3,2.0
Movie,The Fear of 13,2015,TV-MA,"Documentaries, International Movies",95.0,0,2,17.0
Movie,The Feels,2018,TV-MA,"Comedies, Independent Movies, LGBTQ Movies",88.0,0,2,3.0
Movie,The Fighter,2010,R,"Dramas, Sports Movies",116.0,0,2,10.0
Movie,The Figurine (Araromire),2009,TV-14,"Horror Movies, International Movies, Thrillers",121.0,0,2,0.0
Movie,The Final Destination,2009,R,Horror Movies,82.0,0,2,11.0
Movie,The First Line,2014,TV-14,"Dramas, Independent Movies",87.0,0,2,15.0
Movie,The First Temptation of Christ,2019,TV-MA,"Comedies, International Movies",46.0,0,2,6.0
Movie,The First Wives Club,1996,PG,Comedies,103.0,0,1,1.0
TV Show,The Five,2016,TV-MA,"British TV Shows, Crime TV Shows, TV Dramas",0.0,1,3,2.0
Movie,The Five Venoms,1978,R,"Action & Adventure, Cult Movies, International Movies",97.0,0,1,0.0
Movie,The Flintstones,1994,PG,"Children & Family Movies, Comedies",91.0,0,1,1.0
Movie,The Flintstones in Viva Rock Vegas,2000,PG,"Children & Family Movies, Comedies, Romantic Movies",91.0,0,1,1.0
Movie,The Flying Guillotine,1975,TV-MA,"Action & Adventure, Dramas, International Movies",101.0,0,1,0.0
Movie,The Forbidden Kingdom,2008,PG-13,"Action & Adventure, Sci-Fi & Fantasy",104.0,0,2,14.0
Movie,The Force,2017,TV-MA,Documentaries,92.0,0,2,17.0
Movie,The Foreigner,2017,R,"Action & Adventure, International Movies",113.0,0,2,11.0
Movie,The Forgotten,2014,TV-MA,Horror Movies,89.0,0,2,13.0
TV Show,The Fosters,2017,TV-14,TV Dramas,0.0,5,0,0.0
Movie,The Founder,2016,PG-13,Dramas,115.0,0,2,9.0
Movie,The Free Man,2016,TV-PG,"Documentaries, Sports Movies",84.0,0,2,8.0
Movie,The Frozen Ground,2013,R,"Dramas, Thrillers",106.0,0,2,10.0
TV Show,The Furchester Hotel,2015,TV-Y,"British TV Shows, Kids' TV",0.0,2,3,4.0
TV Show,The Future of Water,2007,TV-PG,"Docuseries, International TV Shows, Science & Nature TV",0.0,1,3,3.0
Movie,The Gathering,2003,TV-14,"Comedies, Dramas, International Movies",124.0,0,2,4.0
Movie,The Gentleman Driver,2018,TV-MA,"Documentaries, Sports Movies",83.0,0,2,17.0
Movie,The Ghost Who Walks,2019,TV-MA,"Dramas, Independent Movies, Thrillers",107.0,0,2,3.0
Movie,The Girl with the Dragon Tattoo,2011,R,"Dramas, Thrillers",158.0,0,2,10.0
TV Show,The Golden Years with Javed Akhtar,2016,TV-G,"Docuseries, International TV Shows",0.0,1,3,7.0
Movie,The Golem,2018,TV-MA,"Horror Movies, Independent Movies, International Movies",95.0,0,2,13.0
Movie,The Good Catholic,2017,PG-13,"Comedies, Dramas, Romantic Movies",97.0,0,2,9.0
Movie,The Good Neighbor,2016,TV-MA,"Dramas, Independent Movies, Thrillers",97.0,0,2,3.0
Movie,"The Goods: Live Hard, Sell Hard",2009,R,Comedies,89.0,0,2,11.0
Movie,The Gospel of John,2014,TV-14,"Dramas, Faith & Spirituality",161.0,0,2,15.0
Movie,The Gospel of Luke,2015,TV-14,"Dramas, Faith & Spirituality",205.0,0,2,15.0
Movie,The Gospel of Mark,2015,TV-14,"Dramas, Faith & Spirituality",123.0,0,2,15.0
Movie,The Gospel of Matthew,2014,TV-14,"Dramas, Faith & Spirituality",190.0,0,2,15.0
Movie,The Great Battle,2018,TV-MA,"Action & Adventure, Dramas, International Movies",136.0,0,2,7.0
TV Show,The Great British Baking Show: Masterclass,2018,TV-PG,"British TV Shows, Reality TV",0.0,4,0,0.0
Movie,The Great Gambler,1979,TV-14,"Action & Adventure, Classic Movies, Cult Movies",161.0,0,1,0.0
Movie,The Great Raid,2005,R,"Action & Adventure, Dramas",133.0,0,2,10.0
TV Show,The Great Train Robbery,2013,NR,"British TV Shows, Crime TV Shows, International TV Shows",0.0,1,3,11.0
Movie,The Green Hornet,2011,PG-13,"Action & Adventure, Comedies",119.0,0,2,14.0
TV Show,The Guild,2013,TV-MA,TV Comedies,0.0,1,3,15.0
Movie,The Hatred,2017,R,Horror Movies,94.0,0,2,11.0
Movie,The Haunting of Molly Hartley,2008,PG-13,"Horror Movies, Thrillers",85.0,0,2,14.0
Movie,The Healer,2017,TV-14,"Children & Family Movies, Dramas, Faith & Spirituality",108.0,0,2,15.0
Movie,The Heat: A Kitchen (R)evolution,2018,TV-MA,Documentaries,71.0,0,2,17.0
Movie,The Help,2011,PG-13,Dramas,147.0,0,2,9.0
Movie,The Heretics,2017,TV-MA,Horror Movies,88.0,0,2,13.0
Movie,The Heroes of Evil,2015,TV-MA,"Dramas, International Movies",99.0,0,2,7.0
Movie,The Heyday of the Insensitive Bastards,2017,TV-MA,"Dramas, Independent Movies",96.0,0,2,3.0
Movie,The Hollow Point,2016,R,Action & Adventure,97.0,0,2,11.0
Movie,The Holy Man,2005,TV-14,"Comedies, Faith & Spirituality, International Movies",92.0,0,2,4.0
TV Show,The Homecoming,2015,TV-PG,"International TV Shows, Korean TV Shows, Reality TV",0.0,1,3,5.0
Movie,The House on Coco Road,2016,TV-14,Documentaries,79.0,0,2,12.0
TV Show,The House That Made Me,2015,TV-PG,"International TV Shows, Reality TV",0.0,3,3,8.0
Movie,The Human Factor: The Untold Story of the Bombay Film Orchestras,2013,TV-PG,"Documentaries, International Movies, Music & Musicals",53.0,0,2,8.0
Movie,The Humanity Bureau,2017,R,"Action & Adventure, Sci-Fi & Fantasy",94.0,0,2,11.0
Movie,The Hundred-Foot Journey,2014,PG,"Comedies, Dramas",123.0,0,2,2.0
TV Show,The Hunt,2015,TV-PG,"British TV Shows, Docuseries, Science & Nature TV",0.0,1,3,3.0
Movie,The Hurricane Heist,2018,PG-13,Action & Adventure,103.0,0,2,14.0
Movie,The Hurt Business,2016,PG-13,"Documentaries, Sports Movies",111.0,0,2,18.0
Movie,The Imaginarium of Doctor Parnassus,2009,PG-13,"Action & Adventure, Sci-Fi & Fantasy",123.0,0,2,14.0
TV Show,The Inbetweeners,2010,TV-MA,"British TV Shows, TV Comedies",0.0,3,3,16.0
Movie,The Incident,2014,TV-MA,"International Movies, Sci-Fi & Fantasy, Thrillers",100.0,0,2,13.0
Movie,The Incredible Story of the Giant Pear,2018,TV-G,Children & Family Movies,75.0,0,2,16.0
Movie,The Incredibles 2,2018,PG,"Children & Family Movies, Comedies",118.0,0,2,2.0
Movie,The Indian in the Cupboard,1995,PG,"Children & Family Movies, Dramas",96.0,0,1,1.0
Movie,The Informant!,2009,R,"Comedies, Dramas",108.0,0,2,10.0
Movie,The Intent,2016,TV-MA,"Dramas, International Movies, Thrillers",99.0,0,2,7.0
Movie,The Intent 2: The Come Up,2018,TV-MA,"Dramas, International Movies",103.0,0,2,7.0
Movie,The Invention of Lying,2009,PG-13,"Comedies, Romantic Movies",99.0,0,2,14.0
TV Show,The Investigator: A British Crime Story,2018,TV-MA,"British TV Shows, Crime TV Shows, Docuseries",0.0,2,3,14.0
Movie,The Invitation,2015,TV-MA,"Horror Movies, Independent Movies, Thrillers",100.0,0,2,13.0
TV Show,The Irish Mob,2008,TV-MA,"Crime TV Shows, Docuseries",0.0,1,3,14.0
Movie,The Iron Lady,2011,PG-13,"Dramas, International Movies",105.0,0,2,9.0
Movie,The Jack King Affair,2015,TV-14,"Documentaries, International Movies",52.0,0,2,12.0
TV Show,The Jaime Maussan Show,2010,TV-PG,"Docuseries, International TV Shows, Spanish-Language TV Shows",0.0,1,3,7.0
Movie,The Jane Austen Book Club,2007,PG-13,"Comedies, Dramas, Romantic Movies",106.0,0,2,9.0
TV Show,The Jungle Book,2010,TV-Y7,Kids' TV,0.0,1,3,13.0
Movie,The Jungle School,2013,TV-PG,"Dramas, International Movies",90.0,0,2,1.0
Movie,The Keeping Hours,2017,PG-13,"Dramas, Thrillers",95.0,0,2,9.0
TV Show,The Kindness Diaries,2019,TV-PG,Reality TV,0.0,1,3,5.0
Movie,The King's Speech,2010,R,"Dramas, International Movies",118.0,0,2,10.0
TV Show,The L Word,2009,TV-MA,"Romantic TV Shows, TV Dramas",0.0,6,0,0.0
TV Show,The Lady in Dignity,2017,TV-MA,"International TV Shows, Korean TV Shows, TV Dramas",0.0,1,3,2.0
Movie,The Lake House,2006,PG,"Dramas, Romantic Movies, Sci-Fi & Fantasy",98.0,0,2,9.0
Movie,The Lamb,2017,PG,"Children & Family Movies, Faith & Spirituality",86.0,0,2,2.0
Movie,The Land of the Enlightened,2016,TV-MA,"Documentaries, International Movies",84.0,0,2,17.0
Movie,The Last Days of Chez Nous,1992,R,"Classic Movies, Dramas",93.0,0,1,1.0
Movie,The Last Exorcism,2010,PG-13,"Horror Movies, Independent Movies, Thrillers",88.0,0,2,14.0
Movie,The Last Face,2016,R,Dramas,131.0,0,2,10.0
Movie,The Last Hangover,2018,TV-MA,"Comedies, International Movies",44.0,0,2,6.0
Movie,The Last Man on the Moon,2014,TV-PG,Documentaries,96.0,0,2,8.0
Movie,The Last Resort,2018,TV-14,Documentaries,70.0,0,2,12.0
Movie,The Last Whistle,2019,PG,"Dramas, Sports Movies",88.0,0,2,9.0
Movie,The Legend of 420,2017,TV-MA,Documentaries,87.0,0,2,17.0
Movie,The Legend of Michael Mishra,2016,TV-14,"Comedies, Dramas, International Movies",118.0,0,2,4.0
TV Show,The Liar,2013,TV-14,"Crime TV Shows, International TV Shows, TV Dramas",0.0,1,3,10.0
Movie,The Little Hours,2017,R,"Comedies, Independent Movies",89.0,0,2,11.0
Movie,The Little Mermaid,2018,PG,"Children & Family Movies, Dramas",85.0,0,2,2.0
Movie,The Little Prince,2015,PG,Children & Family Movies,107.0,0,2,2.0
Movie,The Lives of Others,2006,R,"Dramas, International Movies, Thrillers",138.0,0,2,10.0
TV Show,The Lizzie Borden Chronicles,2015,TV-14,"Crime TV Shows, TV Dramas, TV Thrillers",0.0,1,3,10.0
Movie,The Lobster,2015,R,"Comedies, International Movies, Romantic Movies",119.0,0,2,6.0
Movie,The Lodgers,2017,R,"Horror Movies, International Movies",93.0,0,2,11.0
Movie,The Long Goodbye: The Kara Tippetts Story,2019,TV-PG,"Documentaries, Faith & Spirituality",87.0,0,2,8.0
Movie,The Longest Yard,1974,R,"Classic Movies, Comedies, Sports Movies",121.0,0,1,0.0
Movie,The Longshots,2008,PG,"Comedies, Dramas, Sports Movies",95.0,0,2,2.0
Movie,The Look of Silence,2014,PG-13,"Documentaries, International Movies",103.0,0,2,18.0
Movie,The Lord of the Rings: The Return of the King,2003,PG-13,"Action & Adventure, Sci-Fi & Fantasy",201.0,0,1,1.0
Movie,The Lord of the Rings: The Two Towers,2002,PG-13,"Action & Adventure, Sci-Fi & Fantasy",179.0,0,1,1.0
Movie,The Love Guru,2008,PG-13,"Comedies, Sports Movies",87.0,0,2,14.0
Movie,The Lovers and the Despot,2016,TV-14,"Documentaries, International Movies",98.0,0,2,12.0
Movie,The lynx,1982,TV-14,"Dramas, International Movies",82.0,0,1,0.0
Movie,The Mad Monk,1993,TV-14,"Comedies, International Movies, Sci-Fi & Fantasy",85.0,0,1,1.0
Movie,The Magic Pill,2017,TV-PG,Documentaries,90.0,0,2,8.0
TV Show,The Making of Frozen Planet,2012,TV-PG,"British TV Shows, Docuseries, Science & Nature TV",0.0,1,3,3.0
Movie,The Man Who Would Be Polka King,2009,TV-14,"Documentaries, Music & Musicals",68.0,0,2,12.0
Movie,The Mask of Zorro,1998,PG-13,"Action & Adventure, Romantic Movies",138.0,0,1,1.0
Movie,The Matrix,1999,R,"Action & Adventure, Sci-Fi & Fantasy",136.0,0,1,1.0
Movie,The Matrix Reloaded,2003,R,"Action & Adventure, Sci-Fi & Fantasy",138.0,0,1,1.0
Movie,The Matrix Revolutions,2003,R,"Action & Adventure, Sci-Fi & Fantasy",129.0,0,1,1.0
Movie,The Mayo Clinic,2018,TV-14,Documentaries,116.0,0,2,12.0
Movie,The Mayor,2017,TV-MA,"Dramas, International Movies",130.0,0,2,7.0
Movie,"The Memphis Belle: A Story of a
Flying Fortress",1944,TV-PG,"Classic Movies, Documentaries",40.0,0,1,0.0
Movie,The Men Who Stare at Goats,2009,R,Comedies,94.0,0,2,11.0
TV Show,The Messengers,2015,TV-14,"TV Dramas, TV Mysteries, TV Sci-Fi & Fantasy",0.0,1,3,10.0
TV Show,The Mind of a Chef,2016,TV-PG,Docuseries,0.0,5,0,0.0
TV Show,The Minimighty Kids,2012,TV-G,"Kids' TV, TV Comedies",0.0,2,3,13.0
TV Show,The Ministry of Time,2017,TV-MA,"International TV Shows, Spanish-Language TV Shows, TV Action & Adventure",0.0,3,3,16.0
Movie,The Model,2016,TV-MA,"Dramas, Independent Movies, International Movies",104.0,0,2,7.0
Movie,The Monster,2016,R,"Horror Movies, Independent Movies",91.0,0,2,11.0
Movie,The Monster of Mangatiti,2015,TV-MA,Dramas,70.0,0,2,3.0
TV Show,The Mortified Guide,2018,TV-MA,Docuseries,0.0,1,3,14.0
TV Show,The Most Beautiful Hands of Delhi,2017,TV-MA,"International TV Shows, TV Comedies, TV Dramas",0.0,1,3,2.0
Movie,The Muppets,2011,PG,"Children & Family Movies, Comedies",104.0,0,2,2.0
TV Show,The Murder Detectives,2015,TV-MA,"British TV Shows, Crime TV Shows, Docuseries",0.0,1,3,14.0
Movie,The Music of Silence,2017,TV-PG,"Dramas, International Movies, Music & Musicals",115.0,0,2,1.0
Movie,The Naked Gun 2 1/2: The Smell of Fear,1991,PG-13,Comedies,85.0,0,1,1.0
Movie,The Naked Gun: From the Files of Police Squad!,1988,PG-13,"Comedies, Cult Movies",85.0,0,1,1.0
Movie,The Natural,1984,PG,"Classic Movies, Dramas, Sports Movies",138.0,0,1,0.0
Movie,The Negro Soldier,1944,TV-14,"Classic Movies, Documentaries",40.0,0,1,0.0
TV Show,The Netflix Afterparty,2021,TV-MA,"Stand-Up Comedy & Talk Shows, TV Comedies",0.0,1,3,15.0
Movie,The New Romantic,2018,TV-MA,"Comedies, Independent Movies, Romantic Movies",82.0,0,2,6.0
TV Show,The Nineties,2017,TV-14,Docuseries,0.0,1,3,6.0
Movie,The NSU-Complex,2016,TV-14,"Documentaries, International Movies",90.0,0,2,12.0
Movie,The Nutcracker and the Four Realms,2018,PG,Children & Family Movies,99.0,0,2,2.0
TV Show,The Office (U.S.),2012,TV-14,TV Comedies,0.0,9,0,1.0
Movie,The One I Love,2014,R,"Comedies, Dramas, Independent Movies",91.0,0,2,10.0
Movie,The Only Mother To You All,2008,TV-PG,"Comedies, International Movies",106.0,0,2,1.0
Movie,The Other Guys,2010,PG-13,"Action & Adventure, Comedies",108.0,0,2,14.0
Movie,The Parole Officer,2001,R,"Action & Adventure, Comedies",94.0,0,1,1.0
Movie,The Pass,2016,NR,"Dramas, Independent Movies, LGBTQ Movies",87.0,0,2,3.0
Movie,The Peacemaker,1997,R,Action & Adventure,124.0,0,1,1.0
Movie,The Pelican Brief,1993,PG-13,"Dramas, Thrillers",141.0,0,1,1.0
Movie,The Perfect Day,2018,TV-14,"Documentaries, International Movies, Sports Movies",93.0,0,2,12.0
Movie,The Perks of Being a Wallflower,2012,PG-13,"Comedies, Dramas",103.0,0,2,9.0
Movie,The Phantom of the Opera,2004,PG-13,"Dramas, Music & Musicals, Romantic Movies",141.0,0,2,9.0
Movie,The Physician,2013,R,"Action & Adventure, Dramas, International Movies",155.0,0,2,10.0
Movie,The Pink Panther,2006,PG,"Children & Family Movies, Comedies",93.0,0,2,2.0
Movie,The Pirate Fairy,2014,G,Children & Family Movies,78.0,0,2,16.0
Movie,The Pirates of Somalia,2017,R,Dramas,118.0,0,2,10.0
Movie,The Pirates! Band of Misfits,2012,PG,"Children & Family Movies, Comedies",88.0,0,2,2.0
Movie,The Place Beyond the Pines,2012,R,"Dramas, Independent Movies",140.0,0,2,10.0
Movie,The Plan,2015,TV-MA,"Dramas, International Movies, Thrillers",124.0,0,2,7.0
Movie,The Player,2012,TV-MA,"Comedies, International Movies",110.0,0,2,6.0
Movie,The Polar Express,2004,G,Children & Family Movies,100.0,0,2,2.0
Movie,The Power of Grayskull: The Definitive History of He-Man and the Masters of the Universe,2017,TV-14,Documentaries,96.0,0,2,12.0
Movie,The President's Barber,2004,TV-MA,"Comedies, Dramas, International Movies",116.0,0,2,7.0
Movie,The Prince,2014,R,Action & Adventure,91.0,0,2,11.0
Movie,The Prince & Me,2004,PG,"Comedies, Romantic Movies",111.0,0,2,2.0
Movie,The Princess and the Frog,2009,G,Children & Family Movies,98.0,0,2,2.0
Movie,The Prison,2017,TV-MA,"Action & Adventure, Dramas, International Movies",125.0,0,2,7.0
Movie,The Pursuit,2019,TV-14,Documentaries,76.0,0,2,12.0
Movie,The Pursuit of Happyness,2006,PG-13,Dramas,117.0,0,2,9.0
Movie,The Push,2018,TV-MA,"Documentaries, Sports Movies",90.0,0,2,17.0
TV Show,The Pyramid Code,2009,TV-PG,"Docuseries, Science & Nature TV",0.0,1,3,3.0
Movie,The Rainbow Troops,2008,TV-PG,"Children & Family Movies, Dramas, International Movies",119.0,0,2,1.0
Movie,The Rainmaker,1997,PG-13,"Dramas, Thrillers",136.0,0,1,1.0
TV Show,The Rap Game,2016,TV-14,Reality TV,0.0,1,3,5.0
Movie,The Rat Race,2010,TV-PG,"Documentaries, International Movies",52.0,0,2,8.0
TV Show,The Real Football Factories,2006,TV-MA,"British TV Shows, Docuseries, International TV Shows",0.0,1,3,18.0
Movie,The Real Miyagi,2015,TV-PG,"Documentaries, Sports Movies",81.0,0,2,8.0
Movie,The Rebound,2016,TV-MA,"Documentaries, Sports Movies",77.0,0,2,17.0
Movie,The Redeemed and the Dominant: Fittest on Earth,2017,TV-14,"Documentaries, Sports Movies",120.0,0,2,12.0
Movie,The Rehearsal,2016,TV-MA,"Dramas, Independent Movies, International Movies",102.0,0,2,7.0
Movie,The Republic of Imbaba,2015,TV-14,"Dramas, International Movies",90.0,0,2,15.0
TV Show,The Returned,2015,TV-MA,"International TV Shows, TV Dramas, TV Horror",0.0,1,3,2.0
Movie,The Rezort,2016,TV-MA,"Horror Movies, International Movies",90.0,0,2,13.0
Movie,The Rift: The Dark Side of the Moon,2016,TV-MA,"Horror Movies, Independent Movies, Sci-Fi & Fantasy",92.0,0,2,13.0
Movie,The Right One,2011,TV-14,"Dramas, International Movies, Romantic Movies",93.0,0,2,15.0
Movie,The Ring,2002,PG-13,"Horror Movies, Thrillers",116.0,0,1,1.0
Movie,The Riot Club,2014,R,"Dramas, International Movies",107.0,0,2,10.0
Movie,The River Thief,2016,NR,"Dramas, Independent Movies",87.0,0,2,3.0
Movie,The River Wild,1994,PG-13,Action & Adventure,111.0,0,1,1.0
TV Show,The Road to Calvary,2017,TV-14,"International TV Shows, TV Dramas",0.0,1,3,10.0
Movie,The Rolling Stones: Olé Olé Olé! A Trip Across Latin America,2016,TV-MA,"Documentaries, International Movies, Music & Musicals",101.0,0,2,17.0
Movie,The Roommate,2011,PG-13,Thrillers,91.0,0,2,14.0
Movie,The Rover,2014,R,"International Movies, Thrillers",103.0,0,2,11.0
Movie,THE RUM DIARY,2011,R,"Comedies, Dramas",120.0,0,2,10.0
Movie,The Runner,2015,R,"Dramas, Independent Movies",90.0,0,2,10.0
Movie,The Salvation,2014,R,"Dramas, Independent Movies, International Movies",92.0,0,2,10.0
Movie,The Sapphires,2012,PG-13,"Comedies, Dramas, Independent Movies",99.0,0,2,9.0
Movie,The Score,2001,R,"Dramas, Thrillers",124.0,0,1,1.0
Movie,The Sea of Trees,2015,PG-13,Dramas,111.0,0,2,9.0
Movie,The Search for Life in Space,2016,TV-G,Documentaries,32.0,0,2,18.0
Movie,The Secret Life of Pets 2,2019,PG,"Children & Family Movies, Comedies",86.0,0,2,2.0
Movie,The Seven Five,2014,R,Documentaries,104.0,0,2,18.0
TV Show,The Seventies,2015,TV-PG,Docuseries,0.0,1,3,7.0
Movie,The Shaukeens,2014,TV-MA,"Comedies, International Movies, Music & Musicals",123.0,0,2,6.0
Movie,The Show,2017,TV-MA,Dramas,105.0,0,2,3.0
Movie,The Sign of Venus,1955,TV-14,"Classic Movies, Comedies, Independent Movies",97.0,0,1,0.0
Movie,The Signal,2014,PG-13,"Sci-Fi & Fantasy, Thrillers",97.0,0,2,14.0
Movie,The Similars,2015,NR,"Horror Movies, Independent Movies, International Movies",90.0,0,2,13.0
Movie,The Sinking Of Van Der Wijck,2013,TV-14,"Dramas, International Movies, Romantic Movies",163.0,0,2,15.0
TV Show,The Sniffer,2017,TV-MA,"Crime TV Shows, International TV Shows, TV Dramas",0.0,3,3,16.0
Movie,The Social Network,2010,PG-13,Dramas,121.0,0,2,9.0
Movie,The Space Between Us,2016,PG-13,"Action & Adventure, Romantic Movies, Sci-Fi & Fantasy",120.0,0,2,14.0
Movie,The Spectacular Now,2013,R,"Dramas, Independent Movies, Romantic Movies",95.0,0,2,10.0
Movie,The spiral,1978,TV-MA,"Dramas, Independent Movies, International Movies",84.0,0,1,0.0
Movie,The Spy Next Door,2010,PG,"Action & Adventure, Children & Family Movies, Comedies",94.0,0,2,2.0
Movie,The Spy Who Fell to Earth,2019,TV-MA,"Documentaries, International Movies",94.0,0,2,17.0
Movie,The Stanford Prison Experiment,2015,R,"Dramas, Independent Movies, Thrillers",122.0,0,2,10.0
TV Show,The Story of God with Morgan Freeman,2017,TV-14,Docuseries,0.0,2,3,6.0
TV Show,The Story of Us with Morgan Freeman,2017,TV-14,Docuseries,0.0,1,3,6.0
Movie,The Student,2017,TV-14,Thrillers,90.0,0,2,0.0
Movie,The Sunshine Makers,2015,TV-MA,"Documentaries, International Movies",91.0,0,2,17.0
Movie,The Super,2017,R,Horror Movies,89.0,0,2,11.0
TV Show,The Super Mario Bros. Super Show!,1989,TV-Y7,Kids' TV,0.0,1,1,1.0
Movie,The Surrounding Game,2018,TV-14,Documentaries,98.0,0,2,12.0
Movie,The Taking of Pelham 123,2009,R,Action & Adventure,106.0,0,2,11.0
Movie,The Talented Mr. Ripley,1999,R,"Dramas, Thrillers",139.0,0,1,1.0
Movie,The Texas Chainsaw Massacre,1974,R,"Cult Movies, Horror Movies, Independent Movies",83.0,0,1,0.0
Movie,The Thief and the Imbecile,2013,TV-14,"Dramas, International Movies",96.0,0,2,15.0
Movie,The Tiger Hunter,2016,TV-14,"Comedies, Dramas, Independent Movies",94.0,0,2,4.0
Movie,The Tigers of Scotland,2017,TV-G,Documentaries,58.0,0,2,18.0
Movie,The Time Machine,2002,PG-13,"Action & Adventure, Sci-Fi & Fantasy",96.0,0,1,1.0
Movie,The Time Traveler's Wife,2009,PG-13,"Dramas, Romantic Movies, Sci-Fi & Fantasy",107.0,0,2,9.0
TV Show,The Traffickers,2016,TV-MA,"Crime TV Shows, Docuseries",0.0,1,3,14.0
Movie,The Tribes of Palos Verdes,2017,R,"Dramas, Independent Movies, Sports Movies",104.0,0,2,10.0
Movie,The Trigger Effect,1996,R,Thrillers,94.0,0,1,1.0
Movie,The Trip to Spain,2016,TV-MA,Comedies,108.0,0,2,6.0
Movie,The Trust,2015,R,Thrillers,91.0,0,2,11.0
Movie,The Truth About Alcohol,2016,TV-14,"Documentaries, International Movies",58.0,0,2,12.0
TV Show,The Tudors,2010,TV-MA,TV Dramas,0.0,4,0,0.0
Movie,The Tuxedo,2002,PG-13,"Action & Adventure, Comedies",99.0,0,1,1.0
TV Show,The Twilight Zone (Original Series),1963,TV-14,"Classic & Cult TV, TV Sci-Fi & Fantasy",0.0,4,1,0.0
Movie,The Ugly Truth,2009,R,"Comedies, Romantic Movies",96.0,0,2,11.0
Movie,The Unborn Child,2011,TV-MA,"Horror Movies, International Movies",93.0,0,2,13.0
TV Show,The Underwear,2017,TV-MA,"International TV Shows, TV Dramas, Teen TV Shows",0.0,1,3,2.0
TV Show,The Universe,2009,TV-14,"Docuseries, Science & Nature TV",0.0,1,3,6.0
Movie,The Unknown Girl,2016,TV-MA,"Dramas, International Movies",106.0,0,2,7.0
Movie,The Unknown Known,2013,PG-13,Documentaries,103.0,0,2,18.0
Movie,The Vatican Tapes,2015,PG-13,"Horror Movies, Thrillers",91.0,0,2,14.0
TV Show,The Vietnam War: A Film by Ken Burns and Lynn Novick,2017,TV-MA,Docuseries,0.0,1,3,14.0
Movie,The Walls of the Moon,2015,TV-14,"Action & Adventure, Dramas, International Movies",98.0,0,2,15.0
TV Show,The War: A Film by Ken Burns and Lynn Novick,2007,TV-14,Docuseries,0.0,1,3,6.0
Movie,The Water Diviner,2014,R,"Dramas, International Movies",111.0,0,2,10.0
Movie,The Water Horse: Legend of the Deep,2007,PG,Children & Family Movies,112.0,0,2,2.0
Movie,The Waterboy,1998,PG-13,"Comedies, Sports Movies",90.0,0,1,1.0
Movie,The Wedding Curse,2006,TV-PG,"Horror Movies, International Movies",101.0,0,2,1.0
Movie,The Wedding Party 2: Destination Dubai,2017,TV-14,"Comedies, International Movies, Romantic Movies",98.0,0,2,4.0
TV Show,The West Wing,2005,TV-14,TV Dramas,0.0,7,0,1.0
Movie,The Witch,2015,R,"Horror Movies, Independent Movies",92.0,0,2,11.0
Movie,The Witch Files,2018,TV-14,"Horror Movies, Thrillers",88.0,0,2,0.0
TV Show,The Womanizer,2010,TV-MA,"International TV Shows, Romantic TV Shows, TV Comedies",0.0,1,3,15.0
Movie,The Women Who Kill Lions,2016,TV-MA,"Documentaries, International Movies",47.0,0,2,17.0
Movie,The Women's Balcony,2016,TV-PG,"Comedies, Dramas, Faith & Spirituality",100.0,0,2,1.0
Movie,The Workshop,2017,TV-MA,"Dramas, International Movies",114.0,0,2,7.0
Movie,The World Is Not Enough,1999,PG-13,Action & Adventure,128.0,0,1,1.0
Movie,The World's Most Wanted Animal,2018,TV-PG,Documentaries,53.0,0,2,8.0
Movie,The Wrong Babysitter,2017,TV-14,Thrillers,89.0,0,2,0.0
TV Show,The Year of Happiness and Love,2009,TV-PG,"International TV Shows, Romantic TV Shows, TV Comedies",0.0,1,3,0.0
Movie,The Young Offenders,2016,TV-MA,"Comedies, International Movies",83.0,0,2,6.0
Movie,The Young Vagabond,1985,TV-14,"Action & Adventure, Comedies, International Movies",85.0,0,1,1.0
Movie,Theater of Life,2016,TV-PG,Documentaries,94.0,0,2,8.0
Movie,Theeram,2017,TV-14,"Dramas, International Movies, Romantic Movies",104.0,0,2,15.0
Movie,"Thelonious Monk: Straight, No Chaser",1988,PG-13,"Documentaries, Music & Musicals",89.0,0,1,1.0
Movie,Theo Who Lived,2016,TV-14,Documentaries,86.0,0,2,12.0
TV Show,ThirTEEN Terrors,2014,TV-14,"International TV Shows, TV Horror, TV Mysteries",0.0,1,3,9.0
TV Show,This Is My Love,2015,TV-14,"International TV Shows, Korean TV Shows, Romantic TV Shows",0.0,1,3,12.0
Movie,This Is Not What I Expected,2017,TV-PG,"Comedies, International Movies, Romantic Movies",107.0,0,2,1.0
Movie,This Was Tomorrow,2015,NR,"Documentaries, International Movies, Music & Musicals",77.0,0,2,18.0
Movie,Thithi,2015,TV-MA,"Dramas, Independent Movies, International Movies",123.0,0,2,7.0
Movie,Thong Dee Fun Khao,2017,TV-MA,"Action & Adventure, International Movies, Sports Movies",122.0,0,2,13.0
Movie,Thor: Ragnarok,2017,PG-13,"Action & Adventure, Comedies, Sci-Fi & Fantasy",131.0,0,2,14.0
Movie,Thor: Tales of Asgard,2011,TV-Y7,Children & Family Movies,77.0,0,2,16.0
Movie,Thorne: Scaredy Cat,2010,NR,"Dramas, International Movies",125.0,0,2,15.0
Movie,Thorne: Sleepyhead,2010,NR,"Dramas, International Movies",125.0,0,2,15.0
Movie,Three,2016,TV-MA,"Action & Adventure, International Movies",88.0,0,2,13.0
Movie,Three-Quarters Decent,2010,TV-14,"Comedies, Dramas, International Movies",96.0,0,2,4.0
Movie,Thumper,2017,TV-MA,"Dramas, Thrillers",93.0,0,2,3.0
Movie,Thunderbolt,1947,TV-PG,"Classic Movies, Documentaries",42.0,0,1,0.0
TV Show,Tientsin Mystic,2017,TV-14,"Crime TV Shows, International TV Shows, TV Dramas",0.0,1,3,10.0
Movie,Tik Tok,2016,TV-14,"Dramas, International Movies, Thrillers",108.0,0,2,15.0
Movie,Tikli and Laxmi Bomb,2017,TV-MA,"Dramas, International Movies",151.0,0,2,7.0
Movie,Time Please,2013,TV-14,"Comedies, Dramas, International Movies",125.0,0,2,4.0
TV Show,Timeless Season,2009,TV-14,"International TV Shows, TV Dramas",0.0,1,3,10.0
TV Show,Timeline,2014,TV-14,"Crime TV Shows, Docuseries, International TV Shows",0.0,1,3,6.0
Movie,Tinker Bell and the Legend of the NeverBeast,2014,G,Children & Family Movies,78.0,0,2,16.0
Movie,Tinker',2018,TV-14,"Dramas, Independent Movies, Sci-Fi & Fantasy",97.0,0,2,15.0
TV Show,Tip the Mouse,2014,TV-Y,Kids' TV,0.0,1,3,4.0
Movie,To Be a Miss,2016,TV-14,Documentaries,84.0,0,2,12.0
Movie,"To Wong Foo, Thanks for Everything! Julie Newmar",1995,PG-13,"Comedies, Cult Movies, LGBTQ Movies",108.0,0,1,1.0
TV Show,Toast of London,2015,TV-MA,"British TV Shows, Classic & Cult TV, TV Comedies",0.0,3,3,16.0
TV Show,Tobot,2018,TV-Y7,"Kids' TV, Korean TV Shows",0.0,2,3,13.0
Movie,Tokyo Idols,2017,TV-14,"Documentaries, International Movies, Music & Musicals",89.0,0,2,12.0
Movie,Tom and Jerry: The Magic Ring,2001,TV-Y7,"Children & Family Movies, Comedies",60.0,0,1,1.0
Movie,Tomorrow Never Dies,1997,PG-13,Action & Adventure,119.0,0,1,1.0
TV Show,Top 10 Secrets and Mysteries,2018,TV-14,"British TV Shows, Docuseries, Science & Nature TV",0.0,1,3,6.0
TV Show,Top Grier,2018,TV-MA,Reality TV,0.0,3,3,16.0
Movie,Tope: The Bait,2016,TV-14,"Dramas, Independent Movies, International Movies",87.0,0,2,15.0
Movie,Tortilla Soup,2001,PG-13,"Comedies, Dramas, Romantic Movies",104.0,0,1,1.0
Movie,Total Frat Movie,2016,NR,Comedies,94.0,0,2,2.0
TV Show,Towies,2016,TV-MA,"International TV Shows, Reality TV",0.0,1,3,5.0
Movie,Tracers,2015,PG-13,Action & Adventure,94.0,0,2,14.0
Movie,Traffic Signal,2007,TV-MA,"Dramas, Independent Movies, International Movies",130.0,0,2,7.0
Movie,Train of the Dead,2007,TV-MA,"Horror Movies, International Movies",88.0,0,2,13.0
Movie,Train to Busan,2016,TV-MA,"Action & Adventure, Horror Movies, International Movies",118.0,0,2,13.0
Movie,Trainspotting,1996,R,"Comedies, Cult Movies, Dramas",94.0,0,1,1.0
Movie,Traitor,2008,PG-13,"Dramas, Thrillers",114.0,0,2,9.0
Movie,Transcendence,2014,PG-13,"Sci-Fi & Fantasy, Thrillers",119.0,0,2,14.0
Movie,Trash,2014,R,"Dramas, Independent Movies, Thrillers",114.0,0,2,10.0
Movie,Trash Fire,2016,R,"Comedies, Dramas, Independent Movies",94.0,0,2,10.0
Movie,Treasures from the Wreck of the Unbelievable,2017,TV-G,"Documentaries, Dramas, International Movies",82.0,0,2,18.0
Movie,Tree Man,2015,TV-PG,Documentaries,82.0,0,2,8.0
Movie,Tremors,1990,PG-13,"Comedies, Cult Movies, Horror Movies",96.0,0,1,1.0
Movie,Tremors 2: Aftershocks,1995,PG-13,"Comedies, Horror Movies, Sci-Fi & Fantasy",100.0,0,1,1.0
Movie,Tremors 3: Back to Perfection,2001,PG,"Comedies, Horror Movies, Sci-Fi & Fantasy",104.0,0,1,1.0
Movie,Tremors 4: The Legend Begins,2004,PG-13,"Comedies, Horror Movies, Sci-Fi & Fantasy",101.0,0,2,14.0
Movie,Tremors 5:  Bloodline,2015,PG-13,"Comedies, Horror Movies, Sci-Fi & Fantasy",99.0,0,2,14.0
Movie,Tremors 6: A Cold Day in Hell,2018,PG-13,"Action & Adventure, Comedies, Horror Movies",98.0,0,2,14.0
Movie,Trespass Against Us,2016,R,Dramas,100.0,0,2,10.0
Movie,"Trikal (Past, Present, Future)",1985,TV-14,"Comedies, Dramas, Independent Movies",134.0,0,1,1.0
Movie,Trimurti,1995,TV-PG,"Action & Adventure, Dramas, International Movies",173.0,0,1,1.0
Movie,Trip to Bhangarh: Asia's Most Haunted Place,2014,TV-MA,"International Movies, Thrillers",113.0,0,2,13.0
Movie,Trixie Mattel: Moving Parts,2019,TV-MA,"Documentaries, Music & Musicals",91.0,0,2,17.0
Movie,Trophy,2017,TV-MA,"Documentaries, International Movies",110.0,0,2,17.0
TV Show,Trotsky,2017,TV-MA,"International TV Shows, TV Dramas",0.0,1,3,2.0
Movie,Troy: The Odyssey,2017,TV-MA,Action & Adventure,90.0,0,2,13.0
Movie,True Grit,1969,G,"Classic Movies, Dramas",128.0,0,1,0.0
Movie,True to the Game,2017,R,Dramas,108.0,0,2,10.0
Movie,Trumbo,2015,R,"Dramas, Independent Movies",124.0,0,2,10.0
Movie,Tucker and Dale vs. Evil,2010,R,"Comedies, Horror Movies, Independent Movies",89.0,0,2,11.0
Movie,Tukaram,2012,TV-PG,"Dramas, Faith & Spirituality, International Movies",162.0,0,2,1.0
Movie,Tunisian Victory,1944,TV-14,"Classic Movies, Documentaries",76.0,0,1,0.0
Movie,Turbo,2013,PG,"Children & Family Movies, Comedies",96.0,0,2,2.0
Movie,Tusk,2014,R,Horror Movies,102.0,0,2,11.0
Movie,Twice,2010,TV-14,"Documentaries, International Movies",53.0,0,2,12.0
TV Show,Twin Peaks,1990,TV-14,"Classic & Cult TV, Crime TV Shows, TV Dramas",0.0,2,3,18.0
Movie,Twinsanity,2018,TV-MA,"Horror Movies, Independent Movies, Thrillers",86.0,0,2,13.0
TV Show,Twirlywoos,2018,TV-Y,"British TV Shows, Kids' TV",0.0,2,3,4.0
Movie,"Twisted Trunk, Big Fat Body",2015,TV-14,"Dramas, International Movies",89.0,0,2,15.0
Movie,Two Graves,2018,TV-MA,Thrillers,80.0,0,2,13.0
Movie,Two Lovers and a Bear,2016,R,"Dramas, Independent Movies, Romantic Movies",95.0,0,2,10.0
Movie,Tyke Elephant Outlaw,2015,TV-14,"Documentaries, International Movies",78.0,0,2,12.0
Movie,Tyson,2008,R,"Documentaries, Sports Movies",90.0,0,2,18.0
Movie,Ugly,2013,NR,"Dramas, International Movies, Thrillers",125.0,0,2,15.0
TV Show,Ugly Duckling,2015,TV-14,"International TV Shows, Romantic TV Shows, TV Dramas",0.0,4,0,0.0
Movie,Una,2016,R,"Dramas, International Movies",94.0,0,2,10.0
Movie,Unaccompanied Minors,2006,PG,"Children & Family Movies, Comedies",90.0,0,2,2.0
Movie,Unacknowledged,2017,TV-MA,Documentaries,104.0,0,2,17.0
Movie,Under an Arctic Sky,2017,TV-14,"Action & Adventure, Documentaries, Sports Movies",40.0,0,2,12.0
Movie,Under The Skin,2013,R,"Dramas, Independent Movies, International Movies",108.0,0,2,10.0
Movie,Undercover Grandpa,2016,PG-13,"Action & Adventure, Children & Family Movies, Comedies",94.0,0,2,14.0
Movie,Undercover: How to Operate Behind Enemy Lines,1943,TV-PG,"Classic Movies, Documentaries",61.0,0,1,0.0
Movie,Unfinished Song,2012,PG-13,"Comedies, Dramas, Independent Movies",94.0,0,2,9.0
Movie,Union Leader,2017,TV-14,"Dramas, Independent Movies, International Movies",105.0,0,2,15.0
Movie,Unruly Friends,2011,TV-14,"International Movies, Thrillers",83.0,0,2,0.0
Movie,Up in the Air,2009,R,"Comedies, Dramas, Romantic Movies",110.0,0,2,10.0
Movie,Urvi,2017,TV-MA,"Dramas, Independent Movies, International Movies",121.0,0,2,7.0
Movie,Used Goods,2018,TV-14,"Action & Adventure, Comedies, International Movies",95.0,0,2,4.0
Movie,USS Indianapolis: Men of Courage,2016,R,Action & Adventure,130.0,0,2,11.0
Movie,V for Vendetta,2005,R,"Action & Adventure, Dramas, Sci-Fi & Fantasy",132.0,0,2,10.0
TV Show,V.R. Troopers,1995,TV-G,Kids' TV,0.0,2,3,18.0
Movie,Vantage Point,2008,PG-13,Action & Adventure,90.0,0,2,14.0
Movie,Veerappan,2016,TV-14,"Action & Adventure, Dramas, International Movies",117.0,0,2,15.0
Movie,Veerey Ki Wedding,2018,TV-14,"Comedies, Dramas, International Movies",130.0,0,2,4.0
Movie,Vegas Baby,2016,TV-14,Documentaries,78.0,0,2,12.0
Movie,Viceroy's House,2017,NR,Dramas,106.0,0,2,9.0
Movie,Victor,2015,PG-13,Dramas,110.0,0,2,9.0
Movie,Viking Destiny,2018,R,"Action & Adventure, Sci-Fi & Fantasy",91.0,0,2,11.0
Movie,Vikings Unearthed,2016,TV-PG,Documentaries,113.0,0,2,8.0
Movie,Vincent N Roxxy,2016,R,"Dramas, Thrillers",101.0,0,2,10.0
TV Show,ViR: The Robot Boy,2013,TV-Y7,Kids' TV,0.0,2,3,13.0
Movie,Viswasapoorvam Mansoor,2017,TV-14,"Dramas, International Movies",125.0,0,2,15.0
Movie,Vitti Dandu,2014,TV-14,"Dramas, International Movies",116.0,0,2,15.0
Movie,Vizontele Tuuba,2004,NR,"Comedies, Dramas, International Movies",106.0,0,2,4.0
Movie,Vodka Diaries,2018,TV-14,"Dramas, International Movies, Thrillers",113.0,0,2,15.0
TV Show,Vroomiz,2016,TV-Y,"Kids' TV, Korean TV Shows",0.0,3,3,4.0
Movie,VS.,2018,TV-MA,Dramas,99.0,0,2,3.0
Movie,Waar,2013,TV-MA,"Action & Adventure, International Movies",130.0,0,2,13.0
Movie,Waarrior Savitri,2016,TV-14,"Action & Adventure, International Movies, Sci-Fi & Fantasy",120.0,0,2,0.0
Movie,Waiting,2015,TV-MA,"Dramas, International Movies",94.0,0,2,7.0
Movie,Waiting...,2005,R,"Comedies, Independent Movies",94.0,0,2,11.0
TV Show,Wake Up,2017,TV-14,"International TV Shows, TV Dramas",0.0,2,3,10.0
Movie,Wakefield,2016,R,Dramas,109.0,0,2,10.0
Movie,Walk with Me,2017,TV-PG,Documentaries,94.0,0,2,8.0
Movie,Walking Out,2017,PG-13,"Dramas, Independent Movies, Thrillers",96.0,0,2,9.0
Movie,War,2007,R,Action & Adventure,103.0,0,2,11.0
Movie,War Chhod Na Yaar,2013,TV-14,"Comedies, Dramas, International Movies",109.0,0,2,4.0
Movie,War Horse,2011,PG-13,Dramas,147.0,0,2,9.0
Movie,War on Everyone,2016,R,"Action & Adventure, Comedies",98.0,0,2,11.0
Movie,Warda,2014,TV-14,"Horror Movies, Independent Movies, International Movies",73.0,0,2,0.0
Movie,Warehoused,2015,TV-14,"Comedies, Dramas, International Movies",92.0,0,2,4.0
TV Show,Wartime Portraits,2014,TV-MA,"Docuseries, International TV Shows",0.0,1,3,14.0
Movie,Water & Power: A California Heist,2017,PG,Documentaries,78.0,0,2,18.0
Movie,Waterschool,2018,TV-G,Documentaries,68.0,0,2,18.0
Movie,We Are Your Friends,2015,R,"Dramas, Independent Movies, Music & Musicals",96.0,0,2,10.0
Movie,We Belong Together,2018,TV-14,Thrillers,83.0,0,2,0.0
Movie,We Need to Talk,2016,TV-MA,"Comedies, International Movies, Romantic Movies",91.0,0,2,6.0
Movie,We the Animals,2018,R,"Dramas, Independent Movies",93.0,0,2,10.0
Movie,"We, the Marines",2017,TV-PG,"Documentaries, International Movies",38.0,0,2,8.0
Movie,We're No Animals,2015,TV-MA,"Comedies, Dramas, Independent Movies",94.0,0,2,3.0
Movie,Weather forecast,1983,TV-MA,"Dramas, International Movies",91.0,0,1,0.0
TV Show,Weeds,2012,TV-MA,"TV Comedies, TV Dramas",0.0,8,0,1.0
Movie,Weeds on Fire,2016,TV-MA,"Dramas, Independent Movies, International Movies",95.0,0,2,7.0
TV Show,Weird Wonders of the World,2016,TV-PG,"British TV Shows, Docuseries, Science & Nature TV",0.0,2,3,3.0
Movie,Welcome 2 Karachi,2015,TV-MA,"Comedies, International Movies",124.0,0,2,6.0
Movie,Welcome to Monster High: The Origin Story,2016,TV-Y7,Children & Family Movies,73.0,0,2,16.0
Movie,Welcome to New York,2014,R,"Dramas, Independent Movies",108.0,0,2,10.0
Movie,Welcome to Willits,2017,TV-MA,"Comedies, Horror Movies, Independent Movies",84.0,0,2,3.0
Movie,Westerplatte Resists,1967,TV-MA,"Classic Movies, Dramas, International Movies",93.0,0,1,0.0
Movie,Westside vs. the World,2019,TV-MA,"Documentaries, Sports Movies",96.0,0,2,17.0
Movie,What a Wonderful Family!,2017,TV-14,"Comedies, Dramas, International Movies",102.0,0,2,4.0
TV Show,What Happens to My Family,2016,TV-14,"International TV Shows, TV Comedies, TV Dramas",0.0,1,3,17.0
TV Show,What Is Love?,2012,TV-14,"International TV Shows, Romantic TV Shows, TV Comedies",0.0,1,3,17.0
Movie,What Lies Beneath,2000,PG-13,"Horror Movies, Thrillers",130.0,0,1,1.0
Movie,What Makes a Psychopath?,2017,TV-14,Documentaries,52.0,0,2,12.0
Movie,What Still Remains,2018,TV-14,"Dramas, Thrillers",91.0,0,2,15.0
Movie,What's Up With Love?,2002,R,"Dramas, International Movies, Romantic Movies",110.0,0,1,1.0
TV Show,When Calls the Heart,2017,TV-PG,TV Dramas,0.0,5,0,0.0
Movie,When Hari Got Married,2013,NR,"Documentaries, International Movies",75.0,0,2,18.0
Movie,When Two Worlds Collide,2016,TV-14,"Documentaries, International Movies",103.0,0,2,12.0
Movie,Where the Money Is,2000,PG-13,"Action & Adventure, Comedies, Dramas",89.0,0,1,1.0
Movie,Where's the Money,2017,R,Comedies,86.0,0,2,11.0
Movie,While We're Young,2015,R,"Comedies, Dramas, Independent Movies",97.0,0,2,10.0
Movie,White Chamber,2018,TV-MA,"Sci-Fi & Fantasy, Thrillers",89.0,0,2,13.0
Movie,White Island,2016,TV-MA,"Comedies, Independent Movies, Thrillers",91.0,0,2,3.0
Movie,Who the F**k Is That Guy?,2017,TV-MA,"Documentaries, LGBTQ Movies, Music & Musicals",78.0,0,2,17.0
Movie,Who's That Knocking at My Door?,1967,R,"Classic Movies, Dramas, Independent Movies",90.0,0,1,0.0
TV Show,Who's the One,2011,TV-14,"International TV Shows, Romantic TV Shows, TV Comedies",0.0,1,3,17.0
Movie,Why Are We Getting So Fat?,2016,TV-14,Documentaries,50.0,0,2,12.0
Movie,Why Knot,2016,TV-MA,Documentaries,84.0,0,2,17.0
Movie,Why We Fight: The Battle of Russia,1943,TV-PG,Documentaries,82.0,0,1,0.0
TV Show,Wild Alaska,2015,TV-PG,"British TV Shows, Docuseries, Science & Nature TV",0.0,1,3,3.0
TV Show,Wild Arabia,2013,TV-PG,"British TV Shows, Docuseries, Science & Nature TV",0.0,1,3,3.0
Movie,Wild Wild West,1999,PG-13,"Action & Adventure, Comedies, Sci-Fi & Fantasy",106.0,0,1,1.0
Movie,Wildlife,2018,PG-13,"Dramas, Independent Movies",105.0,0,2,9.0
Movie,Williams,2017,TV-MA,"Documentaries, International Movies, Sports Movies",105.0,0,2,17.0
Movie,Willy Wonka & the Chocolate Factory,1971,G,"Children & Family Movies, Classic Movies, Comedies",100.0,0,1,0.0
Movie,Winnie,2017,TV-14,"Documentaries, International Movies",85.0,0,2,12.0
TV Show,Winsanity,2016,TV-G,Reality TV,0.0,1,3,5.0
Movie,Winter of Our Dreams,1981,NR,"Classic Movies, Dramas",86.0,0,1,0.0
TV Show,Winter Sun,2014,TV-MA,"International TV Shows, TV Dramas, TV Thrillers",0.0,1,3,2.0
Movie,Winter's Bone,2010,R,"Dramas, Independent Movies",100.0,0,2,10.0
Movie,Wish I Was Here,2014,R,"Comedies, Dramas, Independent Movies",106.0,0,2,10.0
Movie,Wish Man,2019,TV-14,"Children & Family Movies, Dramas",108.0,0,2,15.0
Movie,Withdrawn,2017,TV-MA,"Dramas, Independent Movies",74.0,0,2,3.0
Movie,Wolves,2016,R,"Dramas, Independent Movies, Sports Movies",109.0,0,2,10.0
TV Show,Women Behind Bars,2010,TV-14,"Crime TV Shows, Docuseries",0.0,3,3,8.0
Movie,Woodstock,2019,TV-MA,"Documentaries, Music & Musicals",97.0,0,2,17.0
Movie,World Trade Center,2006,PG-13,"Action & Adventure, Dramas",129.0,0,2,9.0
TV Show,World's Busiest Cities,2017,TV-PG,"British TV Shows, Docuseries",0.0,1,3,7.0
Movie,World's Weirdest Homes,2015,TV-PG,Movies,49.0,0,2,8.0
Movie,Would You Rather,2013,TV-MA,"Horror Movies, Independent Movies, Thrillers",93.0,0,2,13.0
Movie,Wrong No.,2015,TV-14,"Comedies, International Movies, Romantic Movies",133.0,0,2,4.0
Movie,Wrong Side Raju,2016,TV-MA,"Dramas, International Movies",140.0,0,2,7.0
Movie,WWII: Report from the Aleutians,1943,TV-PG,Documentaries,45.0,0,1,0.0
Movie,Wyatt Earp,1994,PG-13,Action & Adventure,191.0,0,1,1.0
Movie,XX,2017,R,Horror Movies,81.0,0,2,11.0
Movie,XXx,2002,PG-13,"Action & Adventure, Sports Movies",124.0,0,1,1.0
Movie,XXX: State of the Union,2005,PG-13,Action & Adventure,101.0,0,2,14.0
Movie,Y Tu Mamá También,2001,R,"Dramas, Independent Movies, International Movies",106.0,0,1,1.0
Movie,Y.M.I.: Yeh Mera India,2008,TV-MA,"Dramas, Independent Movies, International Movies",137.0,0,2,7.0
Movie,Yaadein,2001,TV-14,"Dramas, International Movies, Romantic Movies",171.0,0,1,1.0
Movie,Yaara O Dildaara,2011,TV-14,"Dramas, International Movies, Music & Musicals",132.0,0,2,15.0
Movie,Yamla Pagla Deewana 2,2013,TV-14,"Action & Adventure, Comedies, International Movies",147.0,0,2,4.0
Movie,Yanda Kartavya Aahe,2006,TV-PG,"Comedies, Dramas, International Movies",151.0,0,2,1.0
Movie,يوم الدين,2018,TV-14,"Dramas, Independent Movies, International Movies",97.0,0,2,15.0
TV Show,Yeh Meri Family,2018,TV-PG,"International TV Shows, TV Comedies",0.0,1,3,0.0
Movie,Yellowbird,2014,PG,"Children & Family Movies, Comedies",90.0,0,2,2.0
Movie,Yes or No,2010,TV-PG,"International Movies, LGBTQ Movies, Romantic Movies",111.0,0,2,1.0
Movie,Yes or No 2,2012,TV-PG,"International Movies, LGBTQ Movies, Romantic Movies",112.0,0,2,1.0
Movie,Yes or No 2.5,2015,TV-PG,"International Movies, LGBTQ Movies, Romantic Movies",107.0,0,2,1.0
TV Show,Yo-Kai Watch,2015,TV-Y7,"Anime Series, Kids' TV",0.0,1,3,13.0
Movie,Yo-Kai Watch: The Movie,2016,TV-Y7,"Anime Features, Children & Family Movies",96.0,0,2,16.0
Movie,Yoga Hosers,2016,PG-13,"Comedies, Horror Movies, Independent Movies",88.0,0,2,14.0
TV Show,Yoko,2016,TV-Y,Kids' TV,0.0,1,3,4.0
Movie,Yoko and His Friends,2015,TV-Y,Children & Family Movies,78.0,0,2,16.0
TV Show,YOM,2016,TV-Y7,Kids' TV,0.0,1,3,13.0
Movie,You Can Tutu,2017,TV-G,Children & Family Movies,87.0,0,2,16.0
Movie,You Can’t Fight Christmas,2017,TV-PG,"Comedies, Romantic Movies",85.0,0,2,1.0
Movie,You Carry Me,2015,TV-MA,"Dramas, International Movies",157.0,0,2,7.0
Movie,You Changed My Life,2009,TV-PG,"Comedies, Dramas, International Movies",116.0,0,2,1.0
Movie,You Don't Mess with the Zohan,2008,UR,"Action & Adventure, Comedies",113.0,0,2,14.0
Movie,Young Adult,2011,R,"Comedies, Dramas, Independent Movies",94.0,0,2,10.0
Movie,Young Tiger,1973,NR,"Action & Adventure, International Movies",81.0,0,1,0.0
Movie,"Yours, Mine and Ours",2005,PG,"Children & Family Movies, Comedies",88.0,0,2,2.0
Movie,اشتباك,2016,TV-14,"Dramas, Independent Movies, International Movies",98.0,0,2,15.0
TV Show,Yu-Gi-Oh! Arc-V,2015,TV-Y7,"Anime Series, Kids' TV",0.0,2,3,13.0
TV Show,Yunus Emre,2016,TV-PG,"International TV Shows, TV Dramas",0.0,2,3,0.0
TV Show,Zak Storm,2016,TV-Y7,Kids' TV,0.0,3,3,13.0
Movie,Zed Plus,2014,TV-MA,"Comedies, Dramas, International Movies",131.0,0,2,7.0
Movie,Zenda,2009,TV-14,"Dramas, International Movies",120.0,0,2,15.0
TV Show,Zindagi Gulzar Hai,2012,TV-PG,"International TV Shows, Romantic TV Shows, TV Dramas",0.0,1,3,0.0
Movie,Zinzana,2015,TV-MA,"Dramas, International Movies, Thrillers",96.0,0,2,7.0
Movie,Zodiac,2007,R,"Cult Movies, Dramas, Thrillers",158.0,0,2,10.0
TV Show,Zombie Dumb,2018,TV-Y7,"Kids' TV, Korean TV Shows, TV Comedies",0.0,2,3,13.0
Movie,Zombieland,2009,R,"Comedies, Horror Movies",88.0,0,2,11.0
Movie,Zoom,2006,PG,"Children & Family Movies, Comedies",88.0,0,2,2.0
Movie,Zubaan,2015,TV-14,"Dramas, International Movies, Music & Musicals",111.0,0,2,15.0
